plot,condition,co2,type,measurement,unit
Control,0_preflood,5.37,soil,flux,umol_m2_s
Control,0_preflood,7.203,soil,flux,umol_m2_s
Control,0_preflood,9.04,soil,flux,umol_m2_s
Control,0_preflood,9.87,soil,flux,umol_m2_s
Control,0_preflood,8.51,soil,flux,umol_m2_s
Control,0_preflood,6.01,soil,flux,umol_m2_s
Control,0_preflood,5.35,soil,flux,umol_m2_s
Control,0_preflood,6.35,soil,flux,umol_m2_s
Control,0_preflood,NA,soil,flux,umol_m2_s
Control,0_preflood,11.17,soil,flux,umol_m2_s
Control,0_preflood,3.61,soil,flux,umol_m2_s
Control,0_preflood,4.31,soil,flux,umol_m2_s
Control,0_preflood,5.78,soil,flux,umol_m2_s
Control,0_preflood,6.82,soil,flux,umol_m2_s
Control,0_preflood,6.46,soil,flux,umol_m2_s
Control,0_preflood,18.22,soil,flux,umol_m2_s
Saltwater,0_preflood,10.12,soil,flux,umol_m2_s
Saltwater,0_preflood,8.06,soil,flux,umol_m2_s
Saltwater,0_preflood,8.52,soil,flux,umol_m2_s
Saltwater,0_preflood,NA,soil,flux,umol_m2_s
Saltwater,0_preflood,6.87,soil,flux,umol_m2_s
Saltwater,0_preflood,4.21,soil,flux,umol_m2_s
Saltwater,0_preflood,NA,soil,flux,umol_m2_s
Saltwater,0_preflood,NA,soil,flux,umol_m2_s
Saltwater,0_preflood,4.95,soil,flux,umol_m2_s
Saltwater,0_preflood,5.9,soil,flux,umol_m2_s
Saltwater,0_preflood,0,soil,flux,umol_m2_s
Saltwater,0_preflood,8.31,soil,flux,umol_m2_s
Saltwater,0_preflood,5.23,soil,flux,umol_m2_s
Saltwater,0_preflood,4.03,soil,flux,umol_m2_s
Saltwater,0_preflood,3.18,soil,flux,umol_m2_s
Saltwater,0_preflood,NA,soil,flux,umol_m2_s
Freshwater,0_preflood,NA,soil,flux,umol_m2_s
Freshwater,0_preflood,5.13,soil,flux,umol_m2_s
Freshwater,0_preflood,5.96,soil,flux,umol_m2_s
Freshwater,0_preflood,8.66,soil,flux,umol_m2_s
Freshwater,0_preflood,8.69,soil,flux,umol_m2_s
Freshwater,0_preflood,6.88,soil,flux,umol_m2_s
Freshwater,0_preflood,5.23,soil,flux,umol_m2_s
Freshwater,0_preflood,6.65,soil,flux,umol_m2_s
Freshwater,0_preflood,5.79,soil,flux,umol_m2_s
Freshwater,0_preflood,6.09,soil,flux,umol_m2_s
Freshwater,0_preflood,NA,soil,flux,umol_m2_s
Freshwater,0_preflood,NA,soil,flux,umol_m2_s
Freshwater,0_preflood,18.7,soil,flux,umol_m2_s
Freshwater,0_preflood,12.25,soil,flux,umol_m2_s
Freshwater,0_preflood,6.39,soil,flux,umol_m2_s
Freshwater,0_preflood,4.59,soil,flux,umol_m2_s
Control,0_preflood,7.317,soil,flux,umol_m2_s
Control,0_preflood,10.675,soil,flux,umol_m2_s
Control,0_preflood,8.672,soil,flux,umol_m2_s
Control,0_preflood,NA,soil,flux,umol_m2_s
Control,0_preflood,13.143,soil,flux,umol_m2_s
Control,0_preflood,8,soil,flux,umol_m2_s
Control,0_preflood,5.729,soil,flux,umol_m2_s
Control,0_preflood,8.501,soil,flux,umol_m2_s
Control,0_preflood,20.83,soil,flux,umol_m2_s
Control,0_preflood,10.4,soil,flux,umol_m2_s
Control,0_preflood,7.27,soil,flux,umol_m2_s
Control,0_preflood,8.176,soil,flux,umol_m2_s
Control,0_preflood,5.556,soil,flux,umol_m2_s
Control,0_preflood,6.756,soil,flux,umol_m2_s
Control,0_preflood,4.929,soil,flux,umol_m2_s
Control,0_preflood,6.634,soil,flux,umol_m2_s
Saltwater,0_preflood,7.615,soil,flux,umol_m2_s
Saltwater,0_preflood,10.948,soil,flux,umol_m2_s
Saltwater,0_preflood,5.273,soil,flux,umol_m2_s
Saltwater,0_preflood,6.851,soil,flux,umol_m2_s
Saltwater,0_preflood,12.17,soil,flux,umol_m2_s
Saltwater,0_preflood,NA,soil,flux,umol_m2_s
Saltwater,0_preflood,6.202,soil,flux,umol_m2_s
Saltwater,0_preflood,8.699,soil,flux,umol_m2_s
Saltwater,0_preflood,5.152,soil,flux,umol_m2_s
Saltwater,0_preflood,9.605,soil,flux,umol_m2_s
Saltwater,0_preflood,10.877,soil,flux,umol_m2_s
Saltwater,0_preflood,8.73,soil,flux,umol_m2_s
Saltwater,0_preflood,12.47,soil,flux,umol_m2_s
Saltwater,0_preflood,4.708,soil,flux,umol_m2_s
Saltwater,0_preflood,3.472,soil,flux,umol_m2_s
Saltwater,0_preflood,4.614,soil,flux,umol_m2_s
Freshwater,0_preflood,NA,soil,flux,umol_m2_s
Freshwater,0_preflood,10.73,soil,flux,umol_m2_s
Freshwater,0_preflood,18.587,soil,flux,umol_m2_s
Freshwater,0_preflood,8.733,soil,flux,umol_m2_s
Freshwater,0_preflood,NA,soil,flux,umol_m2_s
Freshwater,0_preflood,6.317,soil,flux,umol_m2_s
Freshwater,0_preflood,5.791,soil,flux,umol_m2_s
Freshwater,0_preflood,NA,soil,flux,umol_m2_s
Freshwater,0_preflood,NA,soil,flux,umol_m2_s
Freshwater,0_preflood,5.718,soil,flux,umol_m2_s
Freshwater,0_preflood,3.806,soil,flux,umol_m2_s
Freshwater,0_preflood,6.036,soil,flux,umol_m2_s
Freshwater,0_preflood,8.817,soil,flux,umol_m2_s
Freshwater,0_preflood,21.275,soil,flux,umol_m2_s
Freshwater,0_preflood,4.633,soil,flux,umol_m2_s
Freshwater,0_preflood,4.385,soil,flux,umol_m2_s
Control,1_flood,12.769,soil,flux,umol_m2_s
Control,1_flood,13.771,soil,flux,umol_m2_s
Control,1_flood,31.562,soil,flux,umol_m2_s
Control,1_flood,13.058,soil,flux,umol_m2_s
Control,1_flood,22.256,soil,flux,umol_m2_s
Control,1_flood,14.046,soil,flux,umol_m2_s
Control,1_flood,9.539,soil,flux,umol_m2_s
Control,1_flood,7.336,soil,flux,umol_m2_s
Control,1_flood,5.911,soil,flux,umol_m2_s
Control,1_flood,5.078,soil,flux,umol_m2_s
Control,1_flood,5.845,soil,flux,umol_m2_s
Control,1_flood,6.748,soil,flux,umol_m2_s
Control,1_flood,10.683,soil,flux,umol_m2_s
Control,1_flood,7.216,soil,flux,umol_m2_s
Control,1_flood,NA,soil,flux,umol_m2_s
Control,1_flood,16.41,soil,flux,umol_m2_s
Control,1_flood,1.614,soil,flux,umol_m2_s
Saltwater,1_flood,6.741,soil,flux,umol_m2_s
Saltwater,1_flood,2.584,soil,flux,umol_m2_s
Saltwater,1_flood,1.309,soil,flux,umol_m2_s
Saltwater,1_flood,4.805,soil,flux,umol_m2_s
Saltwater,1_flood,0.884,soil,flux,umol_m2_s
Saltwater,1_flood,12.001,soil,flux,umol_m2_s
Saltwater,1_flood,1.864,soil,flux,umol_m2_s
Saltwater,1_flood,1.084,soil,flux,umol_m2_s
Saltwater,1_flood,3.613,soil,flux,umol_m2_s
Saltwater,1_flood,7.563,soil,flux,umol_m2_s
Saltwater,1_flood,2.928,soil,flux,umol_m2_s
Saltwater,1_flood,1.216,soil,flux,umol_m2_s
Saltwater,1_flood,0.789,soil,flux,umol_m2_s
Saltwater,1_flood,1.739,soil,flux,umol_m2_s
Saltwater,1_flood,1.433,soil,flux,umol_m2_s
Saltwater,1_flood,1.476,soil,flux,umol_m2_s
Freshwater,1_flood,4.27,soil,flux,umol_m2_s
Freshwater,1_flood,3.257,soil,flux,umol_m2_s
Freshwater,1_flood,1.751,soil,flux,umol_m2_s
Freshwater,1_flood,1.257,soil,flux,umol_m2_s
Freshwater,1_flood,6.256,soil,flux,umol_m2_s
Freshwater,1_flood,1.585,soil,flux,umol_m2_s
Freshwater,1_flood,4.982,soil,flux,umol_m2_s
Freshwater,1_flood,2.442,soil,flux,umol_m2_s
Freshwater,1_flood,2.721,soil,flux,umol_m2_s
Freshwater,1_flood,0.864,soil,flux,umol_m2_s
Freshwater,1_flood,1.398,soil,flux,umol_m2_s
Freshwater,1_flood,1.802,soil,flux,umol_m2_s
Freshwater,1_flood,11.008,soil,flux,umol_m2_s
Freshwater,1_flood,3.647,soil,flux,umol_m2_s
Freshwater,1_flood,1.229,soil,flux,umol_m2_s
Control,1_flood,15.21,soil,flux,umol_m2_s
Control,1_flood,20.39,soil,flux,umol_m2_s
Control,1_flood,7.26,soil,flux,umol_m2_s
Control,1_flood,29.58,soil,flux,umol_m2_s
Control,1_flood,10.55,soil,flux,umol_m2_s
Control,1_flood,12.82,soil,flux,umol_m2_s
Control,1_flood,6.011,soil,flux,umol_m2_s
Control,1_flood,11.35,soil,flux,umol_m2_s
Control,1_flood,22.955,soil,flux,umol_m2_s
Control,1_flood,23.884,soil,flux,umol_m2_s
Control,1_flood,6.908,soil,flux,umol_m2_s
Control,1_flood,18.923,soil,flux,umol_m2_s
Control,1_flood,16.069,soil,flux,umol_m2_s
Control,1_flood,25.692,soil,flux,umol_m2_s
Control,1_flood,19.007,soil,flux,umol_m2_s
Control,1_flood,21.315,soil,flux,umol_m2_s
Saltwater,1_flood,1.468,soil,flux,umol_m2_s
Saltwater,1_flood,4.579,soil,flux,umol_m2_s
Saltwater,1_flood,0.721,soil,flux,umol_m2_s
Saltwater,1_flood,0.827,soil,flux,umol_m2_s
Saltwater,1_flood,7.963,soil,flux,umol_m2_s
Saltwater,1_flood,0.483,soil,flux,umol_m2_s
Saltwater,1_flood,3.114,soil,flux,umol_m2_s
Saltwater,1_flood,2.338,soil,flux,umol_m2_s
Saltwater,1_flood,1.476,soil,flux,umol_m2_s
Saltwater,1_flood,3.846,soil,flux,umol_m2_s
Saltwater,1_flood,2.892,soil,flux,umol_m2_s
Saltwater,1_flood,1.219,soil,flux,umol_m2_s
Saltwater,1_flood,0.747,soil,flux,umol_m2_s
Saltwater,1_flood,0.73,soil,flux,umol_m2_s
Saltwater,1_flood,2.362,soil,flux,umol_m2_s
Saltwater,1_flood,3.713,soil,flux,umol_m2_s
Freshwater,1_flood,2.35,soil,flux,umol_m2_s
Freshwater,1_flood,4.56,soil,flux,umol_m2_s
Freshwater,1_flood,3.53,soil,flux,umol_m2_s
Freshwater,1_flood,4.34,soil,flux,umol_m2_s
Freshwater,1_flood,5.07,soil,flux,umol_m2_s
Freshwater,1_flood,3.48,soil,flux,umol_m2_s
Freshwater,1_flood,2.03,soil,flux,umol_m2_s
Freshwater,1_flood,7.72,soil,flux,umol_m2_s
Freshwater,1_flood,2.37,soil,flux,umol_m2_s
Freshwater,1_flood,2.96,soil,flux,umol_m2_s
Freshwater,1_flood,1.08,soil,flux,umol_m2_s
Freshwater,1_flood,0.64,soil,flux,umol_m2_s
Freshwater,1_flood,2.25,soil,flux,umol_m2_s
Freshwater,1_flood,17.33,soil,flux,umol_m2_s
Freshwater,1_flood,3.63,soil,flux,umol_m2_s
Freshwater,1_flood,1.44,soil,flux,umol_m2_s
Control,1_flood,19.667,soil,flux,umol_m2_s
Control,1_flood,15.73,soil,flux,umol_m2_s
Control,1_flood,35.647,soil,flux,umol_m2_s
Control,1_flood,16.523,soil,flux,umol_m2_s
Control,1_flood,13.276,soil,flux,umol_m2_s
Control,1_flood,7.636,soil,flux,umol_m2_s
Control,1_flood,14.632,soil,flux,umol_m2_s
Control,1_flood,14.813,soil,flux,umol_m2_s
Control,1_flood,7.455,soil,flux,umol_m2_s
Control,1_flood,9.251,soil,flux,umol_m2_s
Control,1_flood,5.594,soil,flux,umol_m2_s
Control,1_flood,8.523,soil,flux,umol_m2_s
Control,1_flood,10.976,soil,flux,umol_m2_s
Control,1_flood,11.334,soil,flux,umol_m2_s
Control,1_flood,11.931,soil,flux,umol_m2_s
Control,1_flood,14.412,soil,flux,umol_m2_s
Saltwater,1_flood,2.987,soil,flux,umol_m2_s
Saltwater,1_flood,3.61,soil,flux,umol_m2_s
Saltwater,1_flood,0.984,soil,flux,umol_m2_s
Saltwater,1_flood,0.973,soil,flux,umol_m2_s
Saltwater,1_flood,3.555,soil,flux,umol_m2_s
Saltwater,1_flood,1.14,soil,flux,umol_m2_s
Saltwater,1_flood,4.491,soil,flux,umol_m2_s
Saltwater,1_flood,3.145,soil,flux,umol_m2_s
Saltwater,1_flood,1.367,soil,flux,umol_m2_s
Saltwater,1_flood,4.882,soil,flux,umol_m2_s
Saltwater,1_flood,3.844,soil,flux,umol_m2_s
Saltwater,1_flood,1.598,soil,flux,umol_m2_s
Saltwater,1_flood,1.087,soil,flux,umol_m2_s
Saltwater,1_flood,1.402,soil,flux,umol_m2_s
Saltwater,1_flood,2.188,soil,flux,umol_m2_s
Saltwater,1_flood,3.713,soil,flux,umol_m2_s
Freshwater,1_flood,1.425,soil,flux,umol_m2_s
Freshwater,1_flood,5.268,soil,flux,umol_m2_s
Freshwater,1_flood,6.7,soil,flux,umol_m2_s
Freshwater,1_flood,6.138,soil,flux,umol_m2_s
Freshwater,1_flood,5.1,soil,flux,umol_m2_s
Freshwater,1_flood,6.535,soil,flux,umol_m2_s
Freshwater,1_flood,2.035,soil,flux,umol_m2_s
Freshwater,1_flood,7.05,soil,flux,umol_m2_s
Freshwater,1_flood,2.53,soil,flux,umol_m2_s
Freshwater,1_flood,1.938,soil,flux,umol_m2_s
Freshwater,1_flood,2.563,soil,flux,umol_m2_s
Freshwater,1_flood,1.007,soil,flux,umol_m2_s
Freshwater,1_flood,7.116,soil,flux,umol_m2_s
Freshwater,1_flood,6.403,soil,flux,umol_m2_s
Freshwater,1_flood,5.14,soil,flux,umol_m2_s
Freshwater,1_flood,6.615,soil,flux,umol_m2_s
Control,2_postflood,12.46,soil,flux,umol_m2_s
Control,2_postflood,12.121,soil,flux,umol_m2_s
Control,2_postflood,25.853,soil,flux,umol_m2_s
Control,2_postflood,12.777,soil,flux,umol_m2_s
Control,2_postflood,10.358,soil,flux,umol_m2_s
Control,2_postflood,9.919,soil,flux,umol_m2_s
Control,2_postflood,7.038,soil,flux,umol_m2_s
Control,2_postflood,6.416,soil,flux,umol_m2_s
Control,2_postflood,13.383,soil,flux,umol_m2_s
Control,2_postflood,9.168,soil,flux,umol_m2_s
Control,2_postflood,4.864,soil,flux,umol_m2_s
Control,2_postflood,10.305,soil,flux,umol_m2_s
Control,2_postflood,10.613,soil,flux,umol_m2_s
Control,2_postflood,14.396,soil,flux,umol_m2_s
Control,2_postflood,4.533,soil,flux,umol_m2_s
Control,2_postflood,6.507,soil,flux,umol_m2_s
Saltwater,2_postflood,17.003,soil,flux,umol_m2_s
Saltwater,2_postflood,10.524,soil,flux,umol_m2_s
Saltwater,2_postflood,8.259,soil,flux,umol_m2_s
Saltwater,2_postflood,5.213,soil,flux,umol_m2_s
Saltwater,2_postflood,8.881,soil,flux,umol_m2_s
Saltwater,2_postflood,9.093,soil,flux,umol_m2_s
Saltwater,2_postflood,7.875,soil,flux,umol_m2_s
Saltwater,2_postflood,13.726,soil,flux,umol_m2_s
Saltwater,2_postflood,4.843,soil,flux,umol_m2_s
Saltwater,2_postflood,7.155,soil,flux,umol_m2_s
Saltwater,2_postflood,14.111,soil,flux,umol_m2_s
Saltwater,2_postflood,25.258,soil,flux,umol_m2_s
Saltwater,2_postflood,8.234,soil,flux,umol_m2_s
Saltwater,2_postflood,6.481,soil,flux,umol_m2_s
Saltwater,2_postflood,6.335,soil,flux,umol_m2_s
Saltwater,2_postflood,3.734,soil,flux,umol_m2_s
Freshwater,2_postflood,8.622,soil,flux,umol_m2_s
Freshwater,2_postflood,10.425,soil,flux,umol_m2_s
Freshwater,2_postflood,8.088,soil,flux,umol_m2_s
Freshwater,2_postflood,8.702,soil,flux,umol_m2_s
Freshwater,2_postflood,11.387,soil,flux,umol_m2_s
Freshwater,2_postflood,12.622,soil,flux,umol_m2_s
Freshwater,2_postflood,11.195,soil,flux,umol_m2_s
Freshwater,2_postflood,7.712,soil,flux,umol_m2_s
Freshwater,2_postflood,21.054,soil,flux,umol_m2_s
Freshwater,2_postflood,5.381,soil,flux,umol_m2_s
Freshwater,2_postflood,6.048,soil,flux,umol_m2_s
Freshwater,2_postflood,23.866,soil,flux,umol_m2_s
Freshwater,2_postflood,6.091,soil,flux,umol_m2_s
Freshwater,2_postflood,12.671,soil,flux,umol_m2_s
Freshwater,2_postflood,3.699,soil,flux,umol_m2_s
Freshwater,2_postflood,3.269,soil,flux,umol_m2_s
Control,2_postflood,10.931,soil,flux,umol_m2_s
Control,2_postflood,12.947,soil,flux,umol_m2_s
Control,2_postflood,30.097,soil,flux,umol_m2_s
Control,2_postflood,NA,soil,flux,umol_m2_s
Control,2_postflood,6.289,soil,flux,umol_m2_s
Control,2_postflood,8.497,soil,flux,umol_m2_s
Control,2_postflood,7.997,soil,flux,umol_m2_s
Control,2_postflood,6.402,soil,flux,umol_m2_s
Control,2_postflood,13.895,soil,flux,umol_m2_s
Control,2_postflood,13.443,soil,flux,umol_m2_s
Control,2_postflood,5.358,soil,flux,umol_m2_s
Control,2_postflood,3.451,soil,flux,umol_m2_s
Control,2_postflood,11.149,soil,flux,umol_m2_s
Control,2_postflood,12.684,soil,flux,umol_m2_s
Control,2_postflood,6.001,soil,flux,umol_m2_s
Control,2_postflood,18.017,soil,flux,umol_m2_s
Saltwater,2_postflood,7.26,soil,flux,umol_m2_s
Saltwater,2_postflood,4.323,soil,flux,umol_m2_s
Saltwater,2_postflood,7.287,soil,flux,umol_m2_s
Saltwater,2_postflood,3.793,soil,flux,umol_m2_s
Saltwater,2_postflood,4.819,soil,flux,umol_m2_s
Saltwater,2_postflood,4.479,soil,flux,umol_m2_s
Saltwater,2_postflood,5.26,soil,flux,umol_m2_s
Saltwater,2_postflood,12.424,soil,flux,umol_m2_s
Saltwater,2_postflood,11.997,soil,flux,umol_m2_s
Saltwater,2_postflood,19.367,soil,flux,umol_m2_s
Saltwater,2_postflood,6.304,soil,flux,umol_m2_s
Saltwater,2_postflood,17.957,soil,flux,umol_m2_s
Saltwater,2_postflood,9.126,soil,flux,umol_m2_s
Saltwater,2_postflood,5.072,soil,flux,umol_m2_s
Saltwater,2_postflood,3.211,soil,flux,umol_m2_s
Saltwater,2_postflood,8.506,soil,flux,umol_m2_s
Freshwater,2_postflood,10.332,soil,flux,umol_m2_s
Freshwater,2_postflood,9.255,soil,flux,umol_m2_s
Freshwater,2_postflood,12.524,soil,flux,umol_m2_s
Freshwater,2_postflood,18.467,soil,flux,umol_m2_s
Freshwater,2_postflood,17.812,soil,flux,umol_m2_s
Freshwater,2_postflood,24.03,soil,flux,umol_m2_s
Freshwater,2_postflood,13.381,soil,flux,umol_m2_s
Freshwater,2_postflood,13.19,soil,flux,umol_m2_s
Freshwater,2_postflood,20.225,soil,flux,umol_m2_s
Freshwater,2_postflood,6.212,soil,flux,umol_m2_s
Freshwater,2_postflood,7.373,soil,flux,umol_m2_s
Freshwater,2_postflood,12.599,soil,flux,umol_m2_s
Freshwater,2_postflood,28.409,soil,flux,umol_m2_s
Freshwater,2_postflood,11.156,soil,flux,umol_m2_s
Freshwater,2_postflood,3.621,soil,flux,umol_m2_s
Freshwater,2_postflood,3.587,soil,flux,umol_m2_s
Control,0_preflood,5350.6484473347,soil,conc,ppm
Control,0_preflood,8460.5761233633,soil,conc,ppm
Control,0_preflood,11944.4794047108,soil,conc,ppm
Control,0_preflood,19579.3338601748,soil,conc,ppm
Control,0_preflood,5296.5331333551,soil,conc,ppm
Control,0_preflood,20221.3889738047,soil,conc,ppm
Control,0_preflood,18226.8056229812,soil,conc,ppm
Control,0_preflood,15616.5118970468,soil,conc,ppm
Control,0_preflood,5575.95284739419,soil,conc,ppm
Control,0_preflood,11996.3636163257,soil,conc,ppm
Control,0_preflood,7451.96271161387,soil,conc,ppm
Control,0_preflood,11242.7386089456,soil,conc,ppm
Control,0_preflood,409.163035989522,soil,conc,ppm
Control,0_preflood,5263.3768836431,soil,conc,ppm
Control,0_preflood,12548.5983903837,soil,conc,ppm
Control,0_preflood,15439.6933407618,soil,conc,ppm
Control,0_preflood,10603.6607610542,soil,conc,ppm
Control,0_preflood,2348.73715433623,soil,conc,ppm
Control,0_preflood,8830.64360566583,soil,conc,ppm
Control,0_preflood,14127.1993542789,soil,conc,ppm
Control,0_preflood,13189.5970548806,soil,conc,ppm
Saltwater,0_preflood,3969.4113896463,soil,conc,ppm
Saltwater,0_preflood,23205.5844274962,soil,conc,ppm
Saltwater,0_preflood,21775.5660157863,soil,conc,ppm
Saltwater,0_preflood,34688.0931150809,soil,conc,ppm
Saltwater,0_preflood,16093.6058030521,soil,conc,ppm
Saltwater,0_preflood,34862.8135486123,soil,conc,ppm
Saltwater,0_preflood,21775.1966279776,soil,conc,ppm
Saltwater,0_preflood,11302.5277196674,soil,conc,ppm
Saltwater,0_preflood,12878.8163158799,soil,conc,ppm
Saltwater,0_preflood,34126.8822172706,soil,conc,ppm
Saltwater,0_preflood,14764.6445080558,soil,conc,ppm
Saltwater,0_preflood,28443.2080451038,soil,conc,ppm
Saltwater,0_preflood,425.704222064651,soil,conc,ppm
Saltwater,0_preflood,3893.20668470438,soil,conc,ppm
Saltwater,0_preflood,19339.7932539667,soil,conc,ppm
Saltwater,0_preflood,21771.0594845198,soil,conc,ppm
Saltwater,0_preflood,29670.6985090408,soil,conc,ppm
Saltwater,0_preflood,25968.5313592682,soil,conc,ppm
Saltwater,0_preflood,39329.9606870053,soil,conc,ppm
Saltwater,0_preflood,48897.8954231384,soil,conc,ppm
Saltwater,0_preflood,39915.8171394144,soil,conc,ppm
Freshwater,0_preflood,10362.509624,soil,conc,ppm
Freshwater,0_preflood,19201.8860094537,soil,conc,ppm
Freshwater,0_preflood,18743.800800086,soil,conc,ppm
Freshwater,0_preflood,28469.5158448419,soil,conc,ppm
Freshwater,0_preflood,22762.3338325272,soil,conc,ppm
Freshwater,0_preflood,28660.3933011273,soil,conc,ppm
Freshwater,0_preflood,29072.4749527953,soil,conc,ppm
Freshwater,0_preflood,36779.6555412094,soil,conc,ppm
Freshwater,0_preflood,5315.13550340297,soil,conc,ppm
Freshwater,0_preflood,20655.18324087,soil,conc,ppm
Freshwater,0_preflood,12557.9734529694,soil,conc,ppm
Freshwater,0_preflood,26888.0188805262,soil,conc,ppm
Freshwater,0_preflood,422.357568517516,soil,conc,ppm
Freshwater,0_preflood,10552.3749576895,soil,conc,ppm
Freshwater,0_preflood,22972.3381895489,soil,conc,ppm
Freshwater,0_preflood,23396.8682103713,soil,conc,ppm
Freshwater,0_preflood,20779.1645649937,soil,conc,ppm
Freshwater,0_preflood,12292.287577659,soil,conc,ppm
Freshwater,0_preflood,24935.8412501455,soil,conc,ppm
Freshwater,0_preflood,16819.4528472153,soil,conc,ppm
Freshwater,0_preflood,32019.6503602955,soil,conc,ppm
Control,0_preflood,4445.16811178393,soil,conc,ppm
Control,0_preflood,7444.11691455635,soil,conc,ppm
Control,0_preflood,10616.4563547487,soil,conc,ppm
Control,0_preflood,17157.7455902105,soil,conc,ppm
Control,0_preflood,4005.49319080348,soil,conc,ppm
Control,0_preflood,15563.5860118114,soil,conc,ppm
Control,0_preflood,14789.4156545095,soil,conc,ppm
Control,0_preflood,14897.6832212496,soil,conc,ppm
Control,0_preflood,4537.36730884405,soil,conc,ppm
Control,0_preflood,10483.2772741876,soil,conc,ppm
Control,0_preflood,7864.0295877695,soil,conc,ppm
Control,0_preflood,12463.9273168656,soil,conc,ppm
Control,0_preflood,662.016378824431,soil,conc,ppm
Control,0_preflood,4673.10994079779,soil,conc,ppm
Control,0_preflood,10946.2901169239,soil,conc,ppm
Control,0_preflood,15837.826908772,soil,conc,ppm
Control,0_preflood,16190.5996538696,soil,conc,ppm
Control,0_preflood,15392.7072114908,soil,conc,ppm
Control,0_preflood,15006.6821758509,soil,conc,ppm
Saltwater,0_preflood,4416.98382197749,soil,conc,ppm
Saltwater,0_preflood,22633.8681404056,soil,conc,ppm
Saltwater,0_preflood,22728.6752153953,soil,conc,ppm
Saltwater,0_preflood,37941.2102812873,soil,conc,ppm
Saltwater,0_preflood,16069.0045749904,soil,conc,ppm
Saltwater,0_preflood,37033.1590065877,soil,conc,ppm
Saltwater,0_preflood,24932.1178210334,soil,conc,ppm
Saltwater,0_preflood,14533.1491683219,soil,conc,ppm
Saltwater,0_preflood,11920.2845032387,soil,conc,ppm
Saltwater,0_preflood,34982.3326680064,soil,conc,ppm
Saltwater,0_preflood,19710.9245731583,soil,conc,ppm
Saltwater,0_preflood,40067.2661409955,soil,conc,ppm
Saltwater,0_preflood,467.363779133723,soil,conc,ppm
Saltwater,0_preflood,4126.23128996642,soil,conc,ppm
Saltwater,0_preflood,18476.4748429048,soil,conc,ppm
Saltwater,0_preflood,22913.893650451,soil,conc,ppm
Saltwater,0_preflood,31381.5403084629,soil,conc,ppm
Saltwater,0_preflood,27694.1117322589,soil,conc,ppm
Saltwater,0_preflood,42746.3103258915,soil,conc,ppm
Saltwater,0_preflood,45140.5934490342,soil,conc,ppm
Freshwater,0_preflood,9754.95533170588,soil,conc,ppm
Freshwater,0_preflood,19880.1263528272,soil,conc,ppm
Freshwater,0_preflood,19714.6553900265,soil,conc,ppm
Freshwater,0_preflood,32354.4191435954,soil,conc,ppm
Freshwater,0_preflood,22895.8749131409,soil,conc,ppm
Freshwater,0_preflood,28397.2192629164,soil,conc,ppm
Freshwater,0_preflood,31053.1693220103,soil,conc,ppm
Freshwater,0_preflood,40804.9040440135,soil,conc,ppm
Freshwater,0_preflood,5340.84489489089,soil,conc,ppm
Freshwater,0_preflood,20232.0716692333,soil,conc,ppm
Freshwater,0_preflood,13382.121980793,soil,conc,ppm
Freshwater,0_preflood,30519.825040491,soil,conc,ppm
Freshwater,0_preflood,438.898754592645,soil,conc,ppm
Freshwater,0_preflood,9335.13131156682,soil,conc,ppm
Freshwater,0_preflood,23432.6101747444,soil,conc,ppm
Freshwater,0_preflood,24511.0969843941,soil,conc,ppm
Freshwater,0_preflood,24302.2820561165,soil,conc,ppm
Freshwater,0_preflood,13780.4697937322,soil,conc,ppm
Freshwater,0_preflood,27812.7517086682,soil,conc,ppm
Freshwater,0_preflood,19789.1978498292,soil,conc,ppm
Freshwater,0_preflood,37917.2444002566,soil,conc,ppm
Control,1_flood,4572.08976286509,soil,conc,ppm
Control,1_flood,7770.15337005773,soil,conc,ppm
Control,1_flood,11187.2787233423,soil,conc,ppm
Control,1_flood,18970.6196901613,soil,conc,ppm
Control,1_flood,4655.66006071317,soil,conc,ppm
Control,1_flood,15970.2154994224,soil,conc,ppm
Control,1_flood,15061.240755201,soil,conc,ppm
Control,1_flood,16479.039818198,soil,conc,ppm
Control,1_flood,4171.41480673082,soil,conc,ppm
Control,1_flood,11923.0844628289,soil,conc,ppm
Control,1_flood,8433.80289498623,soil,conc,ppm
Control,1_flood,12808.9576934921,soil,conc,ppm
Control,1_flood,646.516866369933,soil,conc,ppm
Control,1_flood,4864.17209098759,soil,conc,ppm
Control,1_flood,12025.3753348237,soil,conc,ppm
Control,1_flood,15601.6846704042,soil,conc,ppm
Control,1_flood,18745.3448411265,soil,conc,ppm
Control,1_flood,2715.76826885095,soil,conc,ppm
Control,1_flood,9186.48965733208,soil,conc,ppm
Control,1_flood,15578.583156846,soil,conc,ppm
Control,1_flood,14875.5495037502,soil,conc,ppm
Freshwater,1_flood,5730.34956368902,soil,conc,ppm
Freshwater,1_flood,8781.91396593758,soil,conc,ppm
Freshwater,1_flood,10161.9320438572,soil,conc,ppm
Freshwater,1_flood,17662.8095410931,soil,conc,ppm
Freshwater,1_flood,6770.18363303269,soil,conc,ppm
Freshwater,1_flood,24727.8833015841,soil,conc,ppm
Freshwater,1_flood,13134.4400672804,soil,conc,ppm
Freshwater,1_flood,19095.8273818099,soil,conc,ppm
Freshwater,1_flood,6439.35252377393,soil,conc,ppm
Freshwater,1_flood,13851.340538716,soil,conc,ppm
Freshwater,1_flood,7731.65577263142,soil,conc,ppm
Freshwater,1_flood,16456.9947537727,soil,conc,ppm
Freshwater,1_flood,423.066793110287,soil,conc,ppm
Freshwater,1_flood,4670.59810369839,soil,conc,ppm
Freshwater,1_flood,19074.6392971009,soil,conc,ppm
Saltwater,1_flood,8796.96282526542,soil,conc,ppm
Saltwater,1_flood,11453.2896599243,soil,conc,ppm
Saltwater,1_flood,15236.3970663467,soil,conc,ppm
Saltwater,1_flood,18306.8593488901,soil,conc,ppm
Saltwater,1_flood,9042.87167729612,soil,conc,ppm
Saltwater,1_flood,14590.2565235522,soil,conc,ppm
Saltwater,1_flood,15115.585089622,soil,conc,ppm
Saltwater,1_flood,15136.8248886243,soil,conc,ppm
Saltwater,1_flood,5729.33005333691,soil,conc,ppm
Saltwater,1_flood,24701.1987262812,soil,conc,ppm
Saltwater,1_flood,14234.8389617441,soil,conc,ppm
Saltwater,1_flood,12925.2705267064,soil,conc,ppm
Saltwater,1_flood,402.469728895253,soil,conc,ppm
Saltwater,1_flood,3645.09628133362,soil,conc,ppm
Saltwater,1_flood,20284.4065339748,soil,conc,ppm
Saltwater,1_flood,14984.3046623978,soil,conc,ppm
Saltwater,1_flood,14654.2123287565,soil,conc,ppm
Saltwater,1_flood,14493.2774482471,soil,conc,ppm
Saltwater,1_flood,17918.1230067342,soil,conc,ppm
Saltwater,1_flood,19111.7701596349,soil,conc,ppm
Saltwater,1_flood,22764.3211389382,soil,conc,ppm
Freshwater,1_flood,56.7744542130261,soil,conc,ppm
Freshwater,1_flood,17031.3336943054,soil,conc,ppm
Freshwater,1_flood,30791.3250799108,soil,conc,ppm
Control,2_postflood,4677.29879854883,soil,conc,ppm
Control,2_postflood,8673.43954202462,soil,conc,ppm
Control,2_postflood,11832.6361639822,soil,conc,ppm
Control,2_postflood,20618.0376028237,soil,conc,ppm
Control,1_flood,5011.01852047189,soil,conc,ppm
Control,1_flood,16237.053864696,soil,conc,ppm
Control,1_flood,16358.6193925505,soil,conc,ppm
Control,1_flood,17491.7312713558,soil,conc,ppm
Control,1_flood,5011.72774506466,soil,conc,ppm
Control,1_flood,12535.1305108772,soil,conc,ppm
Control,1_flood,9636.66996759293,soil,conc,ppm
Control,1_flood,15006.5787472645,soil,conc,ppm
Control,1_flood,446.722388381641,soil,conc,ppm
Control,1_flood,5482.38691544175,soil,conc,ppm
Control,1_flood,11920.6021767542,soil,conc,ppm
Control,1_flood,17274.7233214805,soil,conc,ppm
Control,1_flood,18855.703142864,soil,conc,ppm
Control,1_flood,2586.57118886799,soil,conc,ppm
Control,1_flood,9468.55418808171,soil,conc,ppm
Control,1_flood,16365.5491078424,soil,conc,ppm
Control,1_flood,16668.8164988134,soil,conc,ppm
Saltwater,2_postflood,6708.27423628879,soil,conc,ppm
Saltwater,2_postflood,18467.602147739,soil,conc,ppm
Saltwater,2_postflood,16004.9231779311,soil,conc,ppm
Saltwater,2_postflood,20472.4988061823,soil,conc,ppm
Saltwater,2_postflood,8145.42183270724,soil,conc,ppm
Saltwater,2_postflood,18491.5680287697,soil,conc,ppm
Saltwater,2_postflood,16116.566949243,soil,conc,ppm
Saltwater,1_flood,14312.8093404118,soil,conc,ppm
Saltwater,2_postflood,5663.32045191606,soil,conc,ppm
Saltwater,2_postflood,14608.8736691125,soil,conc,ppm
Saltwater,2_postflood,16349.672819823,soil,conc,ppm
Saltwater,2_postflood,19244.4690360446,soil,conc,ppm
Saltwater,2_postflood,527.522277664216,soil,conc,ppm
Freshwater,2_postflood,8099.8984791588,soil,conc,ppm
Freshwater,2_postflood,10013.1647977674,soil,conc,ppm
Freshwater,2_postflood,10876.4832088293,soil,conc,ppm
Freshwater,2_postflood,18495.2028048077,soil,conc,ppm
Freshwater,2_postflood,14415.1667022121,soil,conc,ppm
Freshwater,2_postflood,36005.669877812,soil,conc,ppm
Freshwater,2_postflood,13032.8067055852,soil,conc,ppm
Freshwater,2_postflood,19874.659413258,soil,conc,ppm
Freshwater,2_postflood,6802.64543366427,soil,conc,ppm
Freshwater,2_postflood,21304.0277024245,soil,conc,ppm
Freshwater,2_postflood,10282.2121021373,soil,conc,ppm
Freshwater,2_postflood,17062.317943702,soil,conc,ppm
Freshwater,2_postflood,520.784644032899,soil,conc,ppm
Freshwater,2_postflood,8725.6044883741,soil,conc,ppm
Freshwater,2_postflood,16961.6819290904,soil,conc,ppm
Freshwater,2_postflood,15199.0445711275,soil,conc,ppm
Freshwater,2_postflood,16109.4747033153,soil,conc,ppm
Freshwater,2_postflood,5850.58529543208,soil,conc,ppm
Freshwater,2_postflood,10348.7019077095,soil,conc,ppm
Freshwater,2_postflood,8670.79472531408,soil,conc,ppm
Freshwater,2_postflood,19596.2961483519,soil,conc,ppm
Control,0_preflood,3007.0527193066,soil,conc,ppm
Control,0_preflood,11836.7659196839,soil,conc,ppm
Freshwater,1_flood,14378.0653907028,soil,conc,ppm
Freshwater,1_flood,16466.8278572412,soil,conc,ppm
Freshwater,1_flood,3848.67329048335,soil,conc,ppm
Saltwater,2_postflood,3080.46485241448,soil,conc,ppm
Saltwater,2_postflood,26931.0008459505,soil,conc,ppm
Saltwater,2_postflood,17191.3672685615,soil,conc,ppm
Saltwater,2_postflood,15578.5609935775,soil,conc,ppm
Saltwater,2_postflood,12649.3008948009,soil,conc,ppm
Saltwater,2_postflood,24732.8626492459,soil,conc,ppm
Saltwater,2_postflood,23622.1652226746,soil,conc,ppm
Saltwater,2_postflood,24759.6580408915,soil,conc,ppm
Control,2_postflood,6288.30984878241,soil,conc,ppm
Control,2_postflood,10334.5395791226,soil,conc,ppm
Control,2_postflood,15882.9587112432,soil,conc,ppm
Control,2_postflood,873.29142990819,soil,conc,ppm
Control,2_postflood,6449.88007632286,soil,conc,ppm
Control,2_postflood,19364.9928902785,soil,conc,ppm
Control,2_postflood,18998.6414493319,soil,conc,ppm
Control,2_postflood,19658.2941981698,soil,conc,ppm
Control,2_postflood,6860.04091138543,soil,conc,ppm
Control,2_postflood,14344.5249776697,soil,conc,ppm
Control,2_postflood,11232.8685666963,soil,conc,ppm
Control,2_postflood,17087.2811718163,soil,conc,ppm
Control,2_postflood,847.197875099188,soil,conc,ppm
Control,2_postflood,7123.65821496686,soil,conc,ppm
Control,2_postflood,13820.5040444429,soil,conc,ppm
Control,2_postflood,18949.4463809646,soil,conc,ppm
Control,2_postflood,20844.9673092416,soil,conc,ppm
Control,2_postflood,4214.14558844522,soil,conc,ppm
Control,2_postflood,11383.5270783667,soil,conc,ppm
Control,2_postflood,18649.2449088061,soil,conc,ppm
Control,2_postflood,18782.1801934135,soil,conc,ppm
Saltwater,2_postflood,10175.2817192648,soil,conc,ppm
Saltwater,2_postflood,7975.64380805671,soil,conc,ppm
Saltwater,2_postflood,18957.6394025623,soil,conc,ppm
Saltwater,2_postflood,22068.0029562052,soil,conc,ppm
Saltwater,2_postflood,7852.9110147266,soil,conc,ppm
Saltwater,2_postflood,21164.3030698926,soil,conc,ppm
Saltwater,2_postflood,16799.9934974512,soil,conc,ppm
Saltwater,2_postflood,15062.8586738033,soil,conc,ppm
Saltwater,2_postflood,6554.80837727197,soil,conc,ppm
Saltwater,2_postflood,10669.6999134997,soil,conc,ppm
Saltwater,2_postflood,19713.362532696,soil,conc,ppm
Saltwater,2_postflood,21959.6688996596,soil,conc,ppm
Saltwater,2_postflood,721.716836472094,soil,conc,ppm
Saltwater,2_postflood,3205.02242151974,soil,conc,ppm
Saltwater,2_postflood,16388.790988768,soil,conc,ppm
Saltwater,2_postflood,17541.5321357294,soil,conc,ppm
Saltwater,2_postflood,15846.4188692032,soil,conc,ppm
Saltwater,2_postflood,17698.1082400958,soil,conc,ppm
Saltwater,2_postflood,25135.5470750597,soil,conc,ppm
Saltwater,2_postflood,24706.4588086775,soil,conc,ppm
Saltwater,2_postflood,22215.5807735508,soil,conc,ppm
Freshwater,2_postflood,8426.38558778684,soil,conc,ppm
Freshwater,2_postflood,10704.6513879622,soil,conc,ppm
Freshwater,2_postflood,13676.4132480117,soil,conc,ppm
Freshwater,2_postflood,21115.373960747602,soil,conc,ppm
Freshwater,2_postflood,10114.0815471137,soil,conc,ppm
Freshwater,2_postflood,18781.5448463824,soil,conc,ppm
Freshwater,2_postflood,16043.7015100921,soil,conc,ppm
Freshwater,2_postflood,19807.2239748954,soil,conc,ppm
Freshwater,2_postflood,8131.99827973783,soil,conc,ppm
Freshwater,2_postflood,17349.6868833851,soil,conc,ppm
Freshwater,2_postflood,10255.0694859515,soil,conc,ppm
Freshwater,2_postflood,20250.0830187871,soil,conc,ppm
Freshwater,2_postflood,687.563239676506,soil,conc,ppm
Freshwater,2_postflood,5349.60677371407,soil,conc,ppm
Freshwater,2_postflood,18211.6533350669,soil,conc,ppm
Freshwater,2_postflood,15899.1009584849,soil,conc,ppm
Freshwater,2_postflood,18293.8790612912,soil,conc,ppm
Freshwater,2_postflood,5225.35210261197,soil,conc,ppm
Freshwater,2_postflood,11217.420768535,soil,conc,ppm
Freshwater,2_postflood,8546.1263398662,soil,conc,ppm
Freshwater,2_postflood,20628.3582981997,soil,conc,ppm
Control,2_postflood,4200.71464771964,soil,conc,ppm
Control,2_postflood,7938.47600674184,soil,conc,ppm
Control,2_postflood,11844.722533084,soil,conc,ppm
Control,2_postflood,18920.7744992506,soil,conc,ppm
Control,2_postflood,5096.87902273413,soil,conc,ppm
Control,2_postflood,17768.6982503449,soil,conc,ppm
Control,2_postflood,18401.1566687039,soil,conc,ppm
Control,2_postflood,17671.3941137681,soil,conc,ppm
Control,2_postflood,4751.16897253955,soil,conc,ppm
Control,2_postflood,10816.5241797155,soil,conc,ppm
Control,2_postflood,8707.20158774295,soil,conc,ppm
Control,2_postflood,14345.2859165557,soil,conc,ppm
Control,2_postflood,670.778257647612,soil,conc,ppm
Control,2_postflood,4958.05569645554,soil,conc,ppm
Control,2_postflood,11228.4950150408,soil,conc,ppm
Control,2_postflood,15786.9326564846,soil,conc,ppm
Control,2_postflood,17178.0397564223,soil,conc,ppm
Control,2_postflood,2639.40842102937,soil,conc,ppm
Control,2_postflood,9423.27463048704,soil,conc,ppm
Control,2_postflood,16624.2387780553,soil,conc,ppm
Control,2_postflood,16078.7859641657,soil,conc,ppm
Saltwater,2_postflood,14386.7755552328,soil,conc,ppm
Saltwater,2_postflood,26641.4229671712,soil,conc,ppm
Saltwater,2_postflood,36808.9923209791,soil,conc,ppm
Saltwater,2_postflood,24561.3632774066,soil,conc,ppm
Saltwater,2_postflood,10404.7380382945,soil,conc,ppm
Saltwater,2_postflood,20547.2481231578,soil,conc,ppm
Saltwater,2_postflood,18044.8673516671,soil,conc,ppm
Saltwater,2_postflood,15560.7860522212,soil,conc,ppm
Saltwater,2_postflood,18358.3372339154,soil,conc,ppm
Saltwater,2_postflood,34564.6141583771,soil,conc,ppm
Saltwater,2_postflood,25156.1367515185,soil,conc,ppm
Saltwater,2_postflood,20445.3488022404,soil,conc,ppm
Saltwater,2_postflood,561.306486651069,soil,conc,ppm
Saltwater,2_postflood,5892.85064850748,soil,conc,ppm
Saltwater,2_postflood,35879.1619410766,soil,conc,ppm
Saltwater,2_postflood,32076.8094298191,soil,conc,ppm
Saltwater,2_postflood,16565.8311777382,soil,conc,ppm
Saltwater,2_postflood,38999.7427615091,soil,conc,ppm
Saltwater,2_postflood,39947.1264500827,soil,conc,ppm
Saltwater,2_postflood,24984.711257241,soil,conc,ppm
Freshwater,2_postflood,24144.1840739781,soil,conc,ppm
Freshwater,2_postflood,15515.8832701914,soil,conc,ppm
Freshwater,2_postflood,11205.3048484085,soil,conc,ppm
Freshwater,2_postflood,16716.6374445321,soil,conc,ppm
Freshwater,2_postflood,28221.4276047396,soil,conc,ppm
Freshwater,2_postflood,44443.7359601004,soil,conc,ppm
Freshwater,2_postflood,20233.9555470578,soil,conc,ppm
Freshwater,2_postflood,32131.7891112711,soil,conc,ppm
Freshwater,2_postflood,9388.25666621901,soil,conc,ppm
Freshwater,2_postflood,30908.140280545,soil,conc,ppm
Freshwater,2_postflood,11964.3081422837,soil,conc,ppm
Freshwater,2_postflood,18392.069728609,soil,conc,ppm
Freshwater,2_postflood,563.41938491703,soil,conc,ppm
Freshwater,2_postflood,14080.7451434525,soil,conc,ppm
Freshwater,2_postflood,27148.7254081748,soil,conc,ppm
Freshwater,2_postflood,27562.7795907414,soil,conc,ppm
Freshwater,2_postflood,16253.7206426261,soil,conc,ppm
Freshwater,2_postflood,21029.5060707292,soil,conc,ppm
Freshwater,2_postflood,35595.2061447462,soil,conc,ppm
Freshwater,2_postflood,10170.7973512668,soil,conc,ppm
Freshwater,2_postflood,16702.4529526767,soil,conc,ppm
Control,2_postflood,3506.25817954269,soil,conc,ppm
Control,2_postflood,6669.92439398598,soil,conc,ppm
Control,2_postflood,9838.34832340577,soil,conc,ppm
Control,2_postflood,17307.8278568993,soil,conc,ppm
Control,2_postflood,4378.05034693688,soil,conc,ppm
Control,2_postflood,13887.6956868517,soil,conc,ppm
Control,2_postflood,13919.2709567423,soil,conc,ppm
Control,2_postflood,14807.4270040634,soil,conc,ppm
Control,2_postflood,4093.94679548303,soil,conc,ppm
Control,2_postflood,10227.5427064446,soil,conc,ppm
Control,2_postflood,8557.41483130112,soil,conc,ppm
Control,2_postflood,13239.5530621338,soil,conc,ppm
Control,2_postflood,551.458607670209,soil,conc,ppm
Control,2_postflood,4317.89184840638,soil,conc,ppm
Control,2_postflood,9382.38340006013,soil,conc,ppm
Control,2_postflood,13354.3218543076,soil,conc,ppm
Control,2_postflood,16199.6644306959,soil,conc,ppm
Control,2_postflood,2194.48080540872,soil,conc,ppm
Control,2_postflood,7765.45475713063,soil,conc,ppm
Control,2_postflood,13401.7807999738,soil,conc,ppm
Control,2_postflood,13835.7745364559,soil,conc,ppm
Saltwater,2_postflood,7051.67191880069,soil,conc,ppm
Saltwater,2_postflood,27956.9902602228,soil,conc,ppm
Saltwater,2_postflood,29033.7483349276,soil,conc,ppm
Saltwater,2_postflood,36219.3163986278,soil,conc,ppm
Saltwater,2_postflood,15047.5290797408,soil,conc,ppm
Saltwater,2_postflood,41328.9545282651,soil,conc,ppm
Saltwater,2_postflood,16193.8650420988,soil,conc,ppm
Saltwater,2_postflood,15629.8320214298,soil,conc,ppm
Saltwater,2_postflood,15040.5993644489,soil,conc,ppm
Saltwater,2_postflood,37134.8884091132,soil,conc,ppm
Saltwater,2_postflood,19346.2501528633,soil,conc,ppm
Saltwater,2_postflood,22032.3496449062,soil,conc,ppm
Saltwater,2_postflood,771.126149768415,soil,conc,ppm
Saltwater,2_postflood,4712.08774237544,soil,conc,ppm
Saltwater,2_postflood,28493.0310727459,soil,conc,ppm
Saltwater,2_postflood,26233.3602548623,soil,conc,ppm
Saltwater,2_postflood,21212.404750346,soil,conc,ppm
Saltwater,2_postflood,34438.1948747158,soil,conc,ppm
Saltwater,2_postflood,47797.3931000882,soil,conc,ppm
Saltwater,2_postflood,28561.0575316024,soil,conc,ppm
Freshwater,2_postflood,18943.8981760774,soil,conc,ppm
Freshwater,2_postflood,24616.0696118802,soil,conc,ppm
Freshwater,2_postflood,17741.6664505017,soil,conc,ppm
Freshwater,2_postflood,25125.4332368565,soil,conc,ppm
Freshwater,2_postflood,27167.7932068617,soil,conc,ppm
Freshwater,2_postflood,37438.6655552602,soil,conc,ppm
Freshwater,2_postflood,32173.7072398063,soil,conc,ppm
Freshwater,2_postflood,31989.2054170996,soil,conc,ppm
Freshwater,2_postflood,7804.27741582862,soil,conc,ppm
Freshwater,2_postflood,35238.2888684347,soil,conc,ppm
Freshwater,2_postflood,12237.773324846,soil,conc,ppm
Freshwater,2_postflood,18142.0976106822,soil,conc,ppm
Freshwater,2_postflood,547.439668311178,soil,conc,ppm
Freshwater,2_postflood,12286.7172095033,soil,conc,ppm
Freshwater,2_postflood,29927.8219749446,soil,conc,ppm
Freshwater,2_postflood,20346.5597266724,soil,conc,ppm
Freshwater,2_postflood,13993.3923144429,soil,conc,ppm
Freshwater,2_postflood,24953.5644772085,soil,conc,ppm
Freshwater,2_postflood,13213.5038338619,soil,conc,ppm
Freshwater,2_postflood,13642.00107975,soil,conc,ppm
Control,0_preflood,7199.719608,tree,flux,umol_m2_s
Control,0_preflood,7603.810098,tree,flux,umol_m2_s
Control,1_flood,7700.571972,tree,flux,umol_m2_s
Control,1_flood,6829.457112,tree,flux,umol_m2_s
Control,1_flood,7780.185216000001,tree,flux,umol_m2_s
Control,2_postflood,7732.316892,tree,flux,umol_m2_s
Control,2_postflood,6882.585186,tree,flux,umol_m2_s
Control,0_preflood,7958.539596,tree,flux,umol_m2_s
Control,0_preflood,7902.971496,tree,flux,umol_m2_s
Control,1_flood,7645.172178000001,tree,flux,umol_m2_s
Control,1_flood,7224.549672,tree,flux,umol_m2_s
Control,1_flood,7534.612656,tree,flux,umol_m2_s
Control,2_postflood,8036.920164,tree,flux,umol_m2_s
Control,2_postflood,6399.004854000001,tree,flux,umol_m2_s
Saltwater,0_preflood,6183.96357,tree,flux,umol_m2_s
Saltwater,0_preflood,7250.906118000001,tree,flux,umol_m2_s
Saltwater,1_flood,6138.29766,tree,flux,umol_m2_s
Saltwater,1_flood,6072.603492,tree,flux,umol_m2_s
Saltwater,1_flood,6898.356474,tree,flux,umol_m2_s
Saltwater,2_postflood,7843.733561999999,tree,flux,umol_m2_s
Saltwater,2_postflood,6477.727236000001,tree,flux,umol_m2_s
Saltwater,0_preflood,5982.970968600001,tree,flux,umol_m2_s
Saltwater,0_preflood,7106.332842,tree,flux,umol_m2_s
Saltwater,1_flood,6226.93734,tree,flux,umol_m2_s
Saltwater,1_flood,6095.36139,tree,flux,umol_m2_s
Saltwater,1_flood,7843.733561999999,tree,flux,umol_m2_s
Saltwater,2_postflood,7988.57523,tree,flux,umol_m2_s
Saltwater,2_postflood,6488.973288,tree,flux,umol_m2_s
Control,0_preflood,2503.4749865999997,tree,flux,umol_m2_s
Control,0_preflood,2673.0984468,tree,flux,umol_m2_s
Control,1_flood,2580.4642932,tree,flux,umol_m2_s
Control,1_flood,2426.7801222,tree,flux,umol_m2_s
Control,1_flood,2695.1294783999997,tree,flux,umol_m2_s
Control,2_postflood,2528.8652052,tree,flux,umol_m2_s
Control,2_postflood,2227.0146852000003,tree,flux,umol_m2_s
Control,0_preflood,2859.9851364,tree,flux,umol_m2_s
Control,0_preflood,3014.382186,tree,flux,umol_m2_s
Control,1_flood,2624.2009758,tree,flux,umol_m2_s
Control,1_flood,2759.7225168,tree,flux,umol_m2_s
Control,1_flood,3063.9584226,tree,flux,umol_m2_s
Control,2_postflood,2783.2536029999997,tree,flux,umol_m2_s
Control,2_postflood,2502.7479851999997,tree,flux,umol_m2_s
Control,0_preflood,3862.4541533999995,tree,flux,umol_m2_s
Control,0_preflood,4294.7629692,tree,flux,umol_m2_s
Control,1_flood,3666.5919191999997,tree,flux,umol_m2_s
Control,1_flood,4121.0869758,tree,flux,umol_m2_s
Control,1_flood,4588.6075896,tree,flux,umol_m2_s
Control,2_postflood,4252.554564,tree,flux,umol_m2_s
Control,2_postflood,4261.6626534,tree,flux,umol_m2_s
Control,0_preflood,3928.6831728000006,tree,flux,umol_m2_s
Control,0_preflood,4454.7869364,tree,flux,umol_m2_s
Control,1_flood,4395.5366346,tree,flux,umol_m2_s
Control,1_flood,4106.8831926,tree,flux,umol_m2_s
Control,1_flood,4692.6096366,tree,flux,umol_m2_s
Control,2_postflood,4449.3367524000005,tree,flux,umol_m2_s
Control,2_postflood,4135.8844152,tree,flux,umol_m2_s
Control,0_preflood,3095.8601994,tree,flux,umol_m2_s
Control,0_preflood,3534.6178314,tree,flux,umol_m2_s
Control,1_flood,3251.0934312000004,tree,flux,umol_m2_s
Control,1_flood,3247.556391,tree,flux,umol_m2_s
Control,1_flood,3605.7454326,tree,flux,umol_m2_s
Control,2_postflood,3444.1845372000002,tree,flux,umol_m2_s
Control,2_postflood,3211.0444296,tree,flux,umol_m2_s
Control,0_preflood,3476.5139772000002,tree,flux,umol_m2_s
Control,0_preflood,4396.3635011999995,tree,flux,umol_m2_s
Control,1_flood,4052.9326181999995,tree,flux,umol_m2_s
Control,1_flood,2836.9428198,tree,flux,umol_m2_s
Control,1_flood,4398.862554,tree,flux,umol_m2_s
Control,2_postflood,4090.1645928000003,tree,flux,umol_m2_s
Control,2_postflood,3743.7522612000002,tree,flux,umol_m2_s
Control,0_preflood,1934.6911470000002,tree,flux,umol_m2_s
Control,0_preflood,2092.94796,tree,flux,umol_m2_s
Control,1_flood,1990.0775598,tree,flux,umol_m2_s
Control,1_flood,1953.1831458000001,tree,flux,umol_m2_s
Control,1_flood,1982.7928038000002,tree,flux,umol_m2_s
Control,2_postflood,2063.9067996,tree,flux,umol_m2_s
Control,2_postflood,1942.103757,tree,flux,umol_m2_s
Control,0_preflood,3582.3525168,tree,flux,umol_m2_s
Control,0_preflood,3644.1617724,tree,flux,umol_m2_s
Control,1_flood,3571.829106,tree,flux,umol_m2_s
Control,1_flood,3077.867472,tree,flux,umol_m2_s
Control,1_flood,3533.0812428,tree,flux,umol_m2_s
Control,2_postflood,3598.4017554,tree,flux,umol_m2_s
Control,2_postflood,3055.6713120000004,tree,flux,umol_m2_s
Freshwater,0_preflood,4466.884002,tree,flux,umol_m2_s
Freshwater,0_preflood,4330.6371366,tree,flux,umol_m2_s
Freshwater,1_flood,4752.7195452,tree,flux,umol_m2_s
Freshwater,1_flood,3965.7787068,tree,flux,umol_m2_s
Freshwater,1_flood,5662.941291,tree,flux,umol_m2_s
Freshwater,2_postflood,5334.086607,tree,flux,umol_m2_s
Freshwater,2_postflood,5008.9333614,tree,flux,umol_m2_s
Freshwater,0_preflood,3691.47966,tree,flux,umol_m2_s
Freshwater,0_preflood,4046.003274,tree,flux,umol_m2_s
Freshwater,1_flood,4373.668293000001,tree,flux,umol_m2_s
Freshwater,1_flood,3817.7394606,tree,flux,umol_m2_s
Freshwater,1_flood,4850.8140516,tree,flux,umol_m2_s
Freshwater,2_postflood,4896.4694406,tree,flux,umol_m2_s
Freshwater,2_postflood,3743.7522612000002,tree,flux,umol_m2_s
Freshwater,0_preflood,3728.5427087999997,tree,flux,umol_m2_s
Freshwater,0_preflood,3921.5235456,tree,flux,umol_m2_s
Freshwater,1_flood,3907.1436750000003,tree,flux,umol_m2_s
Freshwater,1_flood,4202.472894,tree,flux,umol_m2_s
Freshwater,1_flood,4479.643002,tree,flux,umol_m2_s
Freshwater,2_postflood,4348.200255,tree,flux,umol_m2_s
Freshwater,2_postflood,4187.6754546,tree,flux,umol_m2_s
Freshwater,0_preflood,2218.6998095999998,tree,flux,umol_m2_s
Freshwater,0_preflood,2261.852532,tree,flux,umol_m2_s
Freshwater,1_flood,2857.4632848,tree,flux,umol_m2_s
Freshwater,1_flood,2345.3942034,tree,flux,umol_m2_s
Freshwater,1_flood,2247.1651782,tree,flux,umol_m2_s
Freshwater,2_postflood,2447.2037766000003,tree,flux,umol_m2_s
Freshwater,2_postflood,2153.0274864000003,tree,flux,umol_m2_s
Freshwater,0_preflood,4636.419203400001,tree,flux,umol_m2_s
Freshwater,0_preflood,4670.578605000001,tree,flux,umol_m2_s
Freshwater,1_flood,5627.4532038,tree,flux,umol_m2_s
Freshwater,1_flood,4735.1807262,tree,flux,umol_m2_s
Freshwater,1_flood,5592.8236272,tree,flux,umol_m2_s
Freshwater,2_postflood,5216.3688336000005,tree,flux,umol_m2_s
Freshwater,2_postflood,4934.9461626,tree,flux,umol_m2_s
Freshwater,0_preflood,2882.0984237999996,tree,flux,umol_m2_s
Freshwater,0_preflood,2893.4087586,tree,flux,umol_m2_s
Freshwater,1_flood,2977.7998782,tree,flux,umol_m2_s
Freshwater,1_flood,3060.4851702,tree,flux,umol_m2_s
Freshwater,1_flood,3209.1868716,tree,flux,umol_m2_s
Freshwater,2_postflood,3303.455016,tree,flux,umol_m2_s
Freshwater,2_postflood,3089.4455844,tree,flux,umol_m2_s
Freshwater,0_preflood,2631.4764648,tree,flux,umol_m2_s
Freshwater,0_preflood,2952.158175,tree,flux,umol_m2_s
Freshwater,1_flood,3338.566797,tree,flux,umol_m2_s
Freshwater,1_flood,2685.735318,tree,flux,umol_m2_s
Freshwater,1_flood,3297.3109962,tree,flux,umol_m2_s
Freshwater,2_postflood,3150.4374552,tree,flux,umol_m2_s
Freshwater,2_postflood,2559.9570798,tree,flux,umol_m2_s
Freshwater,0_preflood,1475.1093420000002,tree,flux,umol_m2_s
Freshwater,0_preflood,1726.6849416,tree,flux,umol_m2_s
Freshwater,1_flood,1851.5195772,tree,flux,umol_m2_s
Freshwater,1_flood,1575.9273354,tree,flux,umol_m2_s
Freshwater,1_flood,1982.7928038000002,tree,flux,umol_m2_s
Freshwater,2_postflood,2048.8858974,tree,flux,umol_m2_s
Freshwater,2_postflood,1701.7055736,tree,flux,umol_m2_s
Saltwater,0_preflood,4992.1802088,tree,flux,umol_m2_s
Saltwater,0_preflood,6087.908274,tree,flux,umol_m2_s
Saltwater,1_flood,5267.852364,tree,flux,umol_m2_s
Saltwater,1_flood,5529.8252832,tree,flux,umol_m2_s
Saltwater,1_flood,6168.688722,tree,flux,umol_m2_s
Saltwater,2_postflood,6036.502536,tree,flux,umol_m2_s
Saltwater,2_postflood,5652.6219918,tree,flux,umol_m2_s
Saltwater,0_preflood,5649.4347036,tree,flux,umol_m2_s
Saltwater,0_preflood,7005.8679059999995,tree,flux,umol_m2_s
Saltwater,1_flood,8040.260214,tree,flux,umol_m2_s
Saltwater,1_flood,6579.924972,tree,flux,umol_m2_s
Saltwater,1_flood,8391.981474,tree,flux,umol_m2_s
Saltwater,2_postflood,7527.26898,tree,flux,umol_m2_s
Saltwater,2_postflood,6836.417172,tree,flux,umol_m2_s
Saltwater,0_preflood,1252.7310492,tree,flux,umol_m2_s
Saltwater,0_preflood,1424.673348,tree,flux,umol_m2_s
Saltwater,1_flood,1368.1783224,tree,flux,umol_m2_s
Saltwater,1_flood,1676.158137,tree,flux,umol_m2_s
Saltwater,1_flood,2004.8238354,tree,flux,umol_m2_s
Saltwater,2_postflood,1743.6945185999998,tree,flux,umol_m2_s
Saltwater,2_postflood,1663.547622,tree,flux,umol_m2_s
Saltwater,0_preflood,2660.9655522,tree,flux,umol_m2_s
Saltwater,0_preflood,3204.610188,tree,flux,umol_m2_s
Saltwater,1_flood,3571.829106,tree,flux,umol_m2_s
Saltwater,1_flood,3379.0811076,tree,flux,umol_m2_s
Saltwater,1_flood,4016.8641516,tree,flux,umol_m2_s
Saltwater,2_postflood,3884.8051608,tree,flux,umol_m2_s
Saltwater,2_postflood,3107.4623514,tree,flux,umol_m2_s
Saltwater,0_preflood,5486.967300599999,tree,flux,umol_m2_s
Saltwater,0_preflood,4571.6338068000005,tree,flux,umol_m2_s
Saltwater,1_flood,6531.344652,tree,flux,umol_m2_s
Saltwater,1_flood,4701.0073434,tree,flux,umol_m2_s
Saltwater,1_flood,7439.994732,tree,flux,umol_m2_s
Saltwater,2_postflood,6704.777148,tree,flux,umol_m2_s
Saltwater,2_postflood,5985.5643864,tree,flux,umol_m2_s
Saltwater,0_preflood,3627.7764635999997,tree,flux,umol_m2_s
Saltwater,0_preflood,6258.6105,tree,flux,umol_m2_s
Saltwater,1_flood,3892.5647808000003,tree,flux,umol_m2_s
Saltwater,1_flood,3921.4229196,tree,flux,umol_m2_s
Saltwater,1_flood,4406.2062312,tree,flux,umol_m2_s
Saltwater,2_postflood,4405.3564878,tree,flux,umol_m2_s
Saltwater,2_postflood,3462.600906,tree,flux,umol_m2_s
Saltwater,0_preflood,1946.0744189999998,tree,flux,umol_m2_s
Saltwater,0_preflood,2129.6663454,tree,flux,umol_m2_s
Saltwater,1_flood,2048.3346504,tree,flux,umol_m2_s
Saltwater,1_flood,1827.4838112,tree,flux,umol_m2_s
Saltwater,1_flood,2181.0720846,tree,flux,umol_m2_s
Saltwater,2_postflood,65.97039666,tree,flux,umol_m2_s
Saltwater,2_postflood,1827.4838112,tree,flux,umol_m2_s
Saltwater,0_preflood,2646.3016842,tree,flux,umol_m2_s
Saltwater,0_preflood,2629.0363848,tree,flux,umol_m2_s
Saltwater,1_flood,2544.0170574000003,tree,flux,umol_m2_s
Saltwater,1_flood,2274.7860432,tree,flux,umol_m2_s
Saltwater,1_flood,2954.0077614,tree,flux,umol_m2_s
Saltwater,2_postflood,2736.9382314,tree,flux,umol_m2_s
Saltwater,2_postflood,2525.0276406,tree,flux,umol_m2_s
Control,0_preflood,919.1636100000001,tree,flux,umol_m2_s
Control,0_preflood,3091.6880388,tree,flux,umol_m2_s
Control,1_flood,724.3297001999999,tree,flux,umol_m2_s
Control,1_flood,703.3877898,tree,flux,umol_m2_s
Control,1_flood,939.9906624,tree,flux,umol_m2_s
Control,2_postflood,884.5314858,tree,flux,umol_m2_s
Control,2_postflood,643.6886298000001,tree,flux,umol_m2_s
Control,0_preflood,4113.3792552,tree,flux,umol_m2_s
Control,0_preflood,4711.801281,tree,flux,umol_m2_s
Control,1_flood,4169.563773000001,tree,flux,umol_m2_s
Control,1_flood,4454.0293704000005,tree,flux,umol_m2_s
Control,1_flood,4544.6273249999995,tree,flux,umol_m2_s
Control,2_postflood,4332.769461,tree,flux,umol_m2_s
Control,2_postflood,4040.0442252000003,tree,flux,umol_m2_s
Control,0_preflood,6026.063682,tree,flux,umol_m2_s
Control,0_preflood,6616.653023999999,tree,flux,umol_m2_s
Control,1_flood,6924.9747959999995,tree,flux,umol_m2_s
Control,1_flood,6570.063258,tree,flux,umol_m2_s
Control,1_flood,6954.462168,tree,flux,umol_m2_s
Control,2_postflood,6897.57147,tree,flux,umol_m2_s
Control,2_postflood,5985.5643864,tree,flux,umol_m2_s
Freshwater,0_preflood,2708.3589462,tree,flux,umol_m2_s
Freshwater,0_preflood,3285.091266,tree,flux,umol_m2_s
Freshwater,1_flood,3221.9356428,tree,flux,umol_m2_s
Freshwater,1_flood,3107.4623514,tree,flux,umol_m2_s
Freshwater,1_flood,4222.6143048,tree,flux,umol_m2_s
Freshwater,2_postflood,3899.4925145999996,tree,flux,umol_m2_s
Freshwater,2_postflood,3381.2149872,tree,flux,umol_m2_s
Freshwater,0_preflood,2939.1830225999997,tree,flux,umol_m2_s
Freshwater,0_preflood,3271.712373,tree,flux,umol_m2_s
Freshwater,1_flood,3207.3567486,tree,flux,umol_m2_s
Freshwater,1_flood,3542.4652494,tree,flux,umol_m2_s
Freshwater,1_flood,3950.893755,tree,flux,umol_m2_s
Freshwater,2_postflood,3496.4310228,tree,flux,umol_m2_s
Freshwater,2_postflood,3134.0048952,tree,flux,umol_m2_s
Saltwater,0_preflood,2078.648991,tree,flux,umol_m2_s
Saltwater,0_preflood,2326.6347942,tree,flux,umol_m2_s
Saltwater,1_flood,2062.9135452,tree,flux,umol_m2_s
Saltwater,1_flood,2071.6415676,tree,flux,umol_m2_s
Saltwater,1_flood,2712.1163070000002,tree,flux,umol_m2_s
Saltwater,2_postflood,2638.8158664,tree,flux,umol_m2_s
Saltwater,2_postflood,1871.8761306000001,tree,flux,umol_m2_s
Saltwater,0_preflood,3921.2705628,tree,flux,umol_m2_s
Saltwater,0_preflood,4817.452146,tree,flux,umol_m2_s
Saltwater,1_flood,4811.0351226,tree,flux,umol_m2_s
Saltwater,1_flood,4790.1259656,tree,flux,umol_m2_s
Saltwater,1_flood,5350.9321728,tree,flux,umol_m2_s
Saltwater,2_postflood,4590.9931626,tree,flux,umol_m2_s
Saltwater,2_postflood,4270.2673337999995,tree,flux,umol_m2_s
Saltwater,0_preflood,4098.6094908000005,tree,flux,umol_m2_s
Saltwater,0_preflood,5126.6564412,tree,flux,umol_m2_s
Saltwater,1_flood,4956.8240657999995,tree,flux,umol_m2_s
Saltwater,1_flood,4378.4308536,tree,flux,umol_m2_s
Saltwater,1_flood,4927.6073022,tree,flux,umol_m2_s
Saltwater,2_postflood,4980.9332868,tree,flux,umol_m2_s
Saltwater,2_postflood,4277.693886,tree,flux,umol_m2_s
Saltwater,0_preflood,3597.0947082000002,tree,flux,umol_m2_s
Saltwater,0_preflood,4155.750198000001,tree,flux,umol_m2_s
Saltwater,1_flood,4366.3788462,tree,flux,umol_m2_s
Saltwater,1_flood,3289.9624848000003,tree,flux,umol_m2_s
Saltwater,1_flood,4714.640667600001,tree,flux,umol_m2_s
Saltwater,2_postflood,4744.015375800001,tree,flux,umol_m2_s
Saltwater,2_postflood,3884.3279394000006,tree,flux,umol_m2_s
Control,0_preflood,1926.6855288000002,tree,flux,umol_m2_s
Control,0_preflood,6719.758248,tree,flux,umol_m2_s
Control,1_flood,6828.307296000001,tree,flux,umol_m2_s
Control,1_flood,6716.573526,tree,flux,umol_m2_s
Control,1_flood,7646.236548,tree,flux,umol_m2_s
Control,2_postflood,7461.907614000001,tree,flux,umol_m2_s
Control,2_postflood,6692.697102,tree,flux,umol_m2_s
Freshwater,0_preflood,7361.07102,tree,flux,umol_m2_s
Freshwater,0_preflood,7170.8924400000005,tree,flux,umol_m2_s
Freshwater,1_flood,7744.891812,tree,flux,umol_m2_s
Freshwater,1_flood,7089.08937,tree,flux,umol_m2_s
Freshwater,1_flood,8144.558568,tree,flux,umol_m2_s
Freshwater,2_postflood,8233.691904,tree,flux,umol_m2_s
Freshwater,2_postflood,7382.586696,tree,flux,umol_m2_s
Freshwater,0_preflood,5814.9099864,tree,flux,umol_m2_s
Freshwater,0_preflood,5882.5790658000005,tree,flux,umol_m2_s
Freshwater,1_flood,6559.336128,tree,flux,umol_m2_s
Freshwater,1_flood,6176.04411,tree,flux,umol_m2_s
Freshwater,1_flood,7498.341882,tree,flux,umol_m2_s
Freshwater,2_postflood,8278.258571999999,tree,flux,umol_m2_s
Freshwater,2_postflood,6310.192607999999,tree,flux,umol_m2_s
Freshwater,0_preflood,5994.160993799999,tree,flux,umol_m2_s
Freshwater,0_preflood,6750.460146,tree,flux,umol_m2_s
Freshwater,1_flood,7024.694436,tree,flux,umol_m2_s
Freshwater,1_flood,6976.2057780000005,tree,flux,umol_m2_s
Freshwater,1_flood,8311.683576,tree,flux,umol_m2_s
Freshwater,2_postflood,8088.850236,tree,flux,umol_m2_s
Freshwater,2_postflood,7692.301092000001,tree,flux,umol_m2_s
Freshwater,0_preflood,4254.2828028,tree,flux,umol_m2_s
Freshwater,0_preflood,4308.6822,tree,flux,umol_m2_s
Freshwater,1_flood,4537.3768362,tree,flux,umol_m2_s
Freshwater,1_flood,4413.7483164,tree,flux,umol_m2_s
Freshwater,1_flood,5067.7246602,tree,flux,umol_m2_s
Freshwater,2_postflood,4721.6905974,tree,flux,umol_m2_s
Freshwater,2_postflood,4835.8033164,tree,flux,umol_m2_s
Control,0_preflood,5237.3582903999995,tree,flux,umol_m2_s
Control,0_preflood,6510.808392000001,tree,flux,umol_m2_s
Control,1_flood,6740.424222,tree,flux,umol_m2_s
Control,1_flood,5526.8566014,tree,flux,umol_m2_s
Control,1_flood,6603.521544,tree,flux,umol_m2_s
Control,2_postflood,5395.923255,tree,flux,umol_m2_s
Control,2_postflood,3529.2969749999997,tree,flux,umol_m2_s
Freshwater,0_preflood,7102.509768,tree,flux,umol_m2_s
Freshwater,0_preflood,7760.838,tree,flux,umol_m2_s
Freshwater,1_flood,8680.056888,tree,flux,umol_m2_s
Freshwater,1_flood,5993.8670838,tree,flux,umol_m2_s
Freshwater,1_flood,10874.429838,tree,flux,umol_m2_s
Freshwater,2_postflood,9389.429646,tree,flux,umol_m2_s
Freshwater,2_postflood,7482.508788,tree,flux,umol_m2_s
Freshwater,0_preflood,8129.843658,tree,flux,umol_m2_s
Freshwater,0_preflood,8169.642036000001,tree,flux,umol_m2_s
Freshwater,1_flood,8772.63294,tree,flux,umol_m2_s
Freshwater,1_flood,6898.336241999999,tree,flux,umol_m2_s
Freshwater,1_flood,9793.402398,tree,flux,umol_m2_s
Freshwater,2_postflood,9296.07045,tree,flux,umol_m2_s
Freshwater,2_postflood,8146.03401,tree,flux,umol_m2_s
Saltwater,0_preflood,6285.283722,tree,flux,umol_m2_s
Saltwater,0_preflood,4232.247060000001,tree,flux,umol_m2_s
Saltwater,1_flood,4540.2192864,tree,flux,umol_m2_s
Saltwater,1_flood,4473.3848538,tree,flux,umol_m2_s
Saltwater,1_flood,5921.4914526,tree,flux,umol_m2_s
Saltwater,2_postflood,5901.5036502,tree,flux,umol_m2_s
Saltwater,2_postflood,5307.3196992,tree,flux,umol_m2_s
Saltwater,0_preflood,5909.195046,tree,flux,umol_m2_s
Saltwater,0_preflood,5998.0900848,tree,flux,umol_m2_s
Saltwater,1_flood,6980.374596,tree,flux,umol_m2_s
Saltwater,1_flood,4812.599123999999,tree,flux,umol_m2_s
Saltwater,1_flood,8524.583381999999,tree,flux,umol_m2_s
Saltwater,2_postflood,7958.944632,tree,flux,umol_m2_s
Saltwater,2_postflood,7523.569728,tree,flux,umol_m2_s
Control,0_preflood,4258.9890636,tree,flux,umol_m2_s
Control,0_preflood,5701.1902428,tree,flux,umol_m2_s
Control,1_flood,4270.4723166,tree,flux,umol_m2_s
Control,1_flood,3804.5796576,tree,flux,umol_m2_s
Control,1_flood,5023.0751040000005,tree,flux,umol_m2_s
Control,2_postflood,4696.5752219999995,tree,flux,umol_m2_s
Control,2_postflood,4166.6630898,tree,flux,umol_m2_s
Control,0_preflood,2167.9866714,tree,flux,umol_m2_s
Control,0_preflood,2243.6661192,tree,flux,umol_m2_s
Control,1_flood,2127.3522576,tree,flux,umol_m2_s
Control,1_flood,1813.4262437999998,tree,flux,umol_m2_s
Control,1_flood,2281.2563166,tree,flux,umol_m2_s
Control,2_postflood,2004.5865336,tree,flux,umol_m2_s
Control,2_postflood,1712.2117554,tree,flux,umol_m2_s
Freshwater,0_preflood,1436.9213982,tree,flux,umol_m2_s
Freshwater,0_preflood,1406.461029,tree,flux,umol_m2_s
Freshwater,1_flood,1501.3379238,tree,flux,umol_m2_s
Freshwater,1_flood,1194.2626728,tree,flux,umol_m2_s
Freshwater,1_flood,1766.4480780000001,tree,flux,umol_m2_s
Freshwater,2_postflood,1804.9500522,tree,flux,umol_m2_s
Freshwater,2_postflood,1467.6100764,tree,flux,umol_m2_s
Freshwater,0_preflood,4108.3575354,tree,flux,umol_m2_s
Freshwater,0_preflood,4011.9085626,tree,flux,umol_m2_s
Freshwater,1_flood,4794.8525496,tree,flux,umol_m2_s
Freshwater,1_flood,3623.5631958,tree,flux,umol_m2_s
Freshwater,1_flood,4754.7063882,tree,flux,umol_m2_s
Freshwater,2_postflood,4637.718885,tree,flux,umol_m2_s
Freshwater,2_postflood,3888.3232482,tree,flux,umol_m2_s
Saltwater,0_preflood,4554.2547606,tree,flux,umol_m2_s
Saltwater,0_preflood,5419.7960274,tree,flux,umol_m2_s
Saltwater,1_flood,4429.213880400001,tree,flux,umol_m2_s
Saltwater,1_flood,4621.677012,tree,flux,umol_m2_s
Saltwater,1_flood,5676.074867400001,tree,flux,umol_m2_s
Saltwater,2_postflood,5581.9751622,tree,flux,umol_m2_s
Saltwater,2_postflood,4394.3956878,tree,flux,umol_m2_s
Saltwater,0_preflood,4293.9580968,tree,flux,umol_m2_s
Saltwater,0_preflood,4895.299638,tree,flux,umol_m2_s
Saltwater,1_flood,4994.2918242,tree,flux,umol_m2_s
Saltwater,1_flood,3361.1088522,tree,flux,umol_m2_s
Saltwater,1_flood,5515.1251602,tree,flux,umol_m2_s
Saltwater,2_postflood,4939.3571856,tree,flux,umol_m2_s
Saltwater,2_postflood,4369.092066,tree,flux,umol_m2_s
Control,0_preflood,796.0783368,tree,flux,umol_m2_s
Control,0_preflood,907.2412404,tree,flux,umol_m2_s
Control,1_flood,882.023106,tree,flux,umol_m2_s
Control,1_flood,776.865588,tree,flux,umol_m2_s
Control,1_flood,945.5756856,tree,flux,umol_m2_s
Control,2_postflood,901.595421,tree,flux,umol_m2_s
Control,2_postflood,636.2899098,tree,flux,umol_m2_s
Control,0_preflood,30830.1060389298,tree,conc,ppm
Control,0_preflood,43632.8654468326,tree,conc,ppm
Control,0_preflood,60328.4245482039,tree,conc,ppm
Control,0_preflood,62406.5101457756,tree,conc,ppm
Control,0_preflood,32406.230968041298,tree,conc,ppm
Control,0_preflood,31134.0448021751,tree,conc,ppm
Control,0_preflood,25983.8967739207,tree,conc,ppm
Control,0_preflood,3155.341184494,tree,conc,ppm
Freshwater,0_preflood,53124.8943326339,tree,conc,ppm
Freshwater,0_preflood,45548.2084503217,tree,conc,ppm
Freshwater,0_preflood,34484.0008670793,tree,conc,ppm
Freshwater,0_preflood,34208.7117457603,tree,conc,ppm
Freshwater,0_preflood,38034.4255008339,tree,conc,ppm
Freshwater,0_preflood,34534.3547831921,tree,conc,ppm
Freshwater,0_preflood,40804.8379826402,tree,conc,ppm
Freshwater,0_preflood,49630.5851132307,tree,conc,ppm
Freshwater,0_preflood,4088.62497451619,tree,conc,ppm
Saltwater,0_preflood,56984.0721322715,tree,conc,ppm
Saltwater,0_preflood,87158.2222773985,tree,conc,ppm
Saltwater,0_preflood,55671.3976294682,tree,conc,ppm
Saltwater,0_preflood,29424.3004687078,tree,conc,ppm
Saltwater,0_preflood,73998.4867526018,tree,conc,ppm
Saltwater,0_preflood,41487.457136966,tree,conc,ppm
Saltwater,0_preflood,31265.3753921622,tree,conc,ppm
Saltwater,0_preflood,64290.9936176031,tree,conc,ppm
Saltwater,0_preflood,34247.6215900293,tree,conc,ppm
Saltwater,0_preflood,5214.72164394847,tree,conc,ppm
Control,0_preflood,55348.990502006,tree,conc,ppm
Control,0_preflood,63515.2433958586,tree,conc,ppm
Control,0_preflood,85842.4697138924,tree,conc,ppm
Control,0_preflood,93471.4037035191,tree,conc,ppm
Control,0_preflood,65510.1424298206,tree,conc,ppm
Control,0_preflood,66059.7735768578,tree,conc,ppm
Control,0_preflood,31948.8627174554,tree,conc,ppm
Control,0_preflood,3331.18526772186,tree,conc,ppm
Saltwater,0_preflood,50099.5552849272,tree,conc,ppm
Saltwater,0_preflood,55898.1481012428,tree,conc,ppm
Saltwater,0_preflood,127154.227351329,tree,conc,ppm
Saltwater,0_preflood,20328.5521672365,tree,conc,ppm
Saltwater,0_preflood,14202.8167454544,tree,conc,ppm
Saltwater,0_preflood,75078.9649839256,tree,conc,ppm
Saltwater,0_preflood,71948.8929476896,tree,conc,ppm
Saltwater,0_preflood,126908.613892171,tree,conc,ppm
Saltwater,0_preflood,70658.7908900403,tree,conc,ppm
Saltwater,0_preflood,949.160906904948,tree,conc,ppm
Freshwater,0_preflood,33827.5846910442,tree,conc,ppm
Freshwater,0_preflood,39261.8613995591,tree,conc,ppm
Freshwater,0_preflood,90188.3757277429,tree,conc,ppm
Freshwater,0_preflood,74129.0280962548,tree,conc,ppm
Freshwater,0_preflood,66099.2358935606,tree,conc,ppm
Freshwater,0_preflood,69850.6815685996,tree,conc,ppm
Freshwater,0_preflood,32997.7710954169,tree,conc,ppm
Freshwater,0_preflood,3247.36730704502,tree,conc,ppm
Control,0_preflood,49074.8269776976,tree,conc,ppm
Control,0_preflood,52798.5273343268,tree,conc,ppm
Control,0_preflood,142828.889532462,tree,conc,ppm
Control,0_preflood,83765.8961356441,tree,conc,ppm
Control,0_preflood,78505.5513008963,tree,conc,ppm
Control,0_preflood,42049.6231383779,tree,conc,ppm
Control,0_preflood,85437.1871843701,tree,conc,ppm
Control,0_preflood,23376.5736086154,tree,conc,ppm
Control,0_preflood,16424.0851821362,tree,conc,ppm
Control,0_preflood,58659.3896092712,tree,conc,ppm
Control,0_preflood,56701.2194764094,tree,conc,ppm
Control,0_preflood,30995.5826961772,tree,conc,ppm
Saltwater,0_preflood,64437.3339396042,tree,conc,ppm
Saltwater,0_preflood,109187.338708522,tree,conc,ppm
Saltwater,0_preflood,113165.699627906,tree,conc,ppm
Saltwater,0_preflood,55318.8211694054,tree,conc,ppm
Saltwater,0_preflood,57948.1210018252,tree,conc,ppm
Saltwater,0_preflood,53820.9284128374,tree,conc,ppm
Saltwater,0_preflood,28140.395230515,tree,conc,ppm
Saltwater,0_preflood,58418.6456578362,tree,conc,ppm
Saltwater,0_preflood,78434.8495456421,tree,conc,ppm
Saltwater,0_preflood,64823.0164893103,tree,conc,ppm
Saltwater,0_preflood,94594.0041966561,tree,conc,ppm
Saltwater,0_preflood,54775.8943361784,tree,conc,ppm
Freshwater,0_preflood,86363.1116905213,tree,conc,ppm
Freshwater,0_preflood,91469.076110315393,tree,conc,ppm
Freshwater,0_preflood,63545.999595992,tree,conc,ppm
Freshwater,0_preflood,21247.6005644846,tree,conc,ppm
Freshwater,0_preflood,47448.910346584,tree,conc,ppm
Freshwater,0_preflood,9932.50060319984,tree,conc,ppm
Freshwater,0_preflood,38416.0451457247,tree,conc,ppm
Freshwater,0_preflood,29918.5443751569,tree,conc,ppm
Freshwater,0_preflood,60686.4715795325,tree,conc,ppm
Freshwater,0_preflood,55701.7740943832,tree,conc,ppm
Freshwater,0_preflood,57372.5729156993,tree,conc,ppm
Freshwater,0_preflood,57646.027615926,tree,conc,ppm
Control,0_preflood,8358.35734602866,tree,conc,ppm
Control,0_preflood,59587.3725209551,tree,conc,ppm
Control,0_preflood,121813.374506469,tree,conc,ppm
Control,0_preflood,114280.147232086,tree,conc,ppm
Control,0_preflood,126964.579100036,tree,conc,ppm
Control,0_preflood,51273.696314048,tree,conc,ppm
Control,0_preflood,91061.8250504622,tree,conc,ppm
Control,0_preflood,22206.3700632665,tree,conc,ppm
Control,0_preflood,17341.8655620492,tree,conc,ppm
Control,0_preflood,55284.3205027592,tree,conc,ppm
Control,0_preflood,397220.20389322,tree,conc,ppm
Saltwater,0_preflood,56754.2010449037,tree,conc,ppm
Saltwater,0_preflood,120573.76689631,tree,conc,ppm
Saltwater,0_preflood,159541.755271776,tree,conc,ppm
Saltwater,0_preflood,64045.0734417828,tree,conc,ppm
Saltwater,0_preflood,62228.799046839304,tree,conc,ppm
Saltwater,0_preflood,125261.4275135,tree,conc,ppm
Saltwater,0_preflood,58489.7053966612,tree,conc,ppm
Saltwater,0_preflood,54516.3562472708,tree,conc,ppm
Saltwater,0_preflood,79301.5725187545,tree,conc,ppm
Saltwater,0_preflood,72897.9624023686,tree,conc,ppm
Saltwater,0_preflood,116189.005128055,tree,conc,ppm
Saltwater,0_preflood,64674.8560389011,tree,conc,ppm
Freshwater,0_preflood,92026.367034325,tree,conc,ppm
Freshwater,0_preflood,57942.6170044225,tree,conc,ppm
Freshwater,0_preflood,52015.125037343,tree,conc,ppm
Freshwater,0_preflood,40500.8519667948,tree,conc,ppm
Freshwater,0_preflood,89794.6527053439,tree,conc,ppm
Freshwater,0_preflood,43012.0172208153,tree,conc,ppm
Freshwater,0_preflood,62285.2709551499,tree,conc,ppm
Freshwater,0_preflood,64666.846156502,tree,conc,ppm
Freshwater,0_preflood,66025.9755313971,tree,conc,ppm
Freshwater,0_preflood,66828.1719658536,tree,conc,ppm
Control,1_flood,78907.4293401862,tree,conc,ppm
Control,1_flood,251082.126514997,tree,conc,ppm
Control,1_flood,124998.856165076,tree,conc,ppm
Control,1_flood,161237.163476899,tree,conc,ppm
Control,1_flood,40854.637663882,tree,conc,ppm
Control,1_flood,95500.1582802979,tree,conc,ppm
Control,1_flood,30518.8781324403,tree,conc,ppm
Control,1_flood,25028.6629824088,tree,conc,ppm
Control,1_flood,66647.2071846187,tree,conc,ppm
Control,1_flood,64414.5543620435,tree,conc,ppm
Control,1_flood,54445.2447085807,tree,conc,ppm
Saltwater,1_flood,59715.4384339554,tree,conc,ppm
Saltwater,1_flood,108718.217997645,tree,conc,ppm
Saltwater,1_flood,131349.484189481,tree,conc,ppm
Saltwater,1_flood,55466.7267441016,tree,conc,ppm
Saltwater,1_flood,59708.1304615453,tree,conc,ppm
Saltwater,1_flood,113644.912256738,tree,conc,ppm
Saltwater,1_flood,52805.1452586569,tree,conc,ppm
Saltwater,1_flood,54805.6914973839,tree,conc,ppm
Saltwater,1_flood,77762.9470597356,tree,conc,ppm
Saltwater,1_flood,66235.5396835768,tree,conc,ppm
Saltwater,1_flood,120123.676386346,tree,conc,ppm
Saltwater,1_flood,68787.2774119367,tree,conc,ppm
Freshwater,1_flood,32781.6595283874,tree,conc,ppm
Freshwater,1_flood,51223.7538301281,tree,conc,ppm
Freshwater,1_flood,54853.3054035162,tree,conc,ppm
Freshwater,1_flood,36886.9914896056,tree,conc,ppm
Freshwater,1_flood,79126.6685124902,tree,conc,ppm
Freshwater,1_flood,41647.0819114224,tree,conc,ppm
Freshwater,1_flood,61757.1424559493,tree,conc,ppm
Freshwater,1_flood,62216.4238631235,tree,conc,ppm
Freshwater,1_flood,56611.747034791,tree,conc,ppm
Freshwater,1_flood,63464.1592752338,tree,conc,ppm
Control,1_flood,69743.4561088133,tree,conc,ppm
Control,1_flood,250310.658261886,tree,conc,ppm
Control,1_flood,132570.408758025,tree,conc,ppm
Control,1_flood,171627.082705711,tree,conc,ppm
Control,1_flood,28693.0955529445,tree,conc,ppm
Control,1_flood,113427.511286083,tree,conc,ppm
Control,1_flood,52002.3443140199,tree,conc,ppm
Control,1_flood,24175.6029146322,tree,conc,ppm
Control,1_flood,79786.2690652378,tree,conc,ppm
Control,1_flood,78367.4463971946,tree,conc,ppm
Saltwater,1_flood,114536.215885655,tree,conc,ppm
Saltwater,1_flood,104039.725795377,tree,conc,ppm
Saltwater,1_flood,177279.32860599,tree,conc,ppm
Saltwater,1_flood,56912.2705873377,tree,conc,ppm
Saltwater,1_flood,69075.7405682974,tree,conc,ppm
Saltwater,1_flood,108220.379190025,tree,conc,ppm
Saltwater,1_flood,55032.7318181502,tree,conc,ppm
Saltwater,1_flood,66495.3986289088,tree,conc,ppm
Saltwater,1_flood,86453.1574416737,tree,conc,ppm
Saltwater,1_flood,69237.9506552904,tree,conc,ppm
Saltwater,1_flood,123224.677734317,tree,conc,ppm
Saltwater,1_flood,77159.9720846199,tree,conc,ppm
Freshwater,1_flood,85720.0736571457,tree,conc,ppm
Freshwater,1_flood,59314.441469316,tree,conc,ppm
Freshwater,1_flood,49421.5988669522,tree,conc,ppm
Freshwater,1_flood,45986.6276632573,tree,conc,ppm
Freshwater,1_flood,75120.5546061408,tree,conc,ppm
Freshwater,1_flood,50390.8691463059,tree,conc,ppm
Freshwater,1_flood,64272.1161513258,tree,conc,ppm
Freshwater,1_flood,56034.6862195099,tree,conc,ppm
Freshwater,1_flood,70477.5262454458,tree,conc,ppm
Freshwater,1_flood,67260.7181935773,tree,conc,ppm
Control,1_flood,52512.0962718902,tree,conc,ppm
Control,1_flood,68172.5277695963,tree,conc,ppm
Control,1_flood,117891.387837403,tree,conc,ppm
Control,1_flood,106385.166049725,tree,conc,ppm
Control,1_flood,116739.695842114,tree,conc,ppm
Control,1_flood,46507.9667354343,tree,conc,ppm
Control,1_flood,102453.245232188,tree,conc,ppm
Control,1_flood,26534.017769119,tree,conc,ppm
Control,1_flood,20835.9075230436,tree,conc,ppm
Control,1_flood,59730.812662019,tree,conc,ppm
Control,1_flood,64874.3006898223,tree,conc,ppm
Control,1_flood,50084.1030711479,tree,conc,ppm
Saltwater,1_flood,82697.659621935,tree,conc,ppm
Saltwater,1_flood,115042.569972062,tree,conc,ppm
Saltwater,1_flood,131211.164317341,tree,conc,ppm
Saltwater,1_flood,52381.0006102795,tree,conc,ppm
Saltwater,1_flood,61237.7009974538,tree,conc,ppm
Saltwater,1_flood,100796.539446021,tree,conc,ppm
Saltwater,1_flood,56369.4750350464,tree,conc,ppm
Saltwater,1_flood,59263.3718626726,tree,conc,ppm
Saltwater,1_flood,71442.5427523998,tree,conc,ppm
Saltwater,1_flood,62830.3040678738,tree,conc,ppm
Saltwater,1_flood,115151.190859174,tree,conc,ppm
Saltwater,1_flood,67631.2782578392,tree,conc,ppm
Freshwater,1_flood,108501.720388958,tree,conc,ppm
Freshwater,1_flood,64070.1265128735,tree,conc,ppm
Freshwater,1_flood,56437.071909592,tree,conc,ppm
Freshwater,1_flood,46434.3737118384,tree,conc,ppm
Freshwater,1_flood,25242.0417687105,tree,conc,ppm
Freshwater,1_flood,72252.9719049766,tree,conc,ppm
Freshwater,1_flood,39699.9218486073,tree,conc,ppm
Freshwater,1_flood,55312.6429804886,tree,conc,ppm
Freshwater,1_flood,55856.9121356523,tree,conc,ppm
Control,2_postflood,33718.7847398047,tree,conc,ppm
Control,2_postflood,72623.4390132072,tree,conc,ppm
Control,2_postflood,103195.818683641,tree,conc,ppm
Control,2_postflood,101092.809601975,tree,conc,ppm
Control,2_postflood,118412.62142715,tree,conc,ppm
Control,2_postflood,32315.0819333508,tree,conc,ppm
Control,2_postflood,87588.3172210773,tree,conc,ppm
Control,2_postflood,21613.1637359104,tree,conc,ppm
Control,2_postflood,17605.9675220224,tree,conc,ppm
Control,2_postflood,54166.7314454351,tree,conc,ppm
Control,2_postflood,63875.4889264347,tree,conc,ppm
Saltwater,2_postflood,29589.6380700517,tree,conc,ppm
Saltwater,2_postflood,115898.595740078,tree,conc,ppm
Saltwater,2_postflood,110418.072370332,tree,conc,ppm
Saltwater,2_postflood,73179.6573287087,tree,conc,ppm
Saltwater,2_postflood,73810.8059384574,tree,conc,ppm
Saltwater,2_postflood,120612.647337696,tree,conc,ppm
Saltwater,2_postflood,52039.7377675673,tree,conc,ppm
Saltwater,2_postflood,54887.6497398867,tree,conc,ppm
Saltwater,2_postflood,79002.349434189,tree,conc,ppm
Saltwater,2_postflood,69839.3709300565,tree,conc,ppm
Saltwater,2_postflood,105286.662916156,tree,conc,ppm
Saltwater,2_postflood,66828.0962494383,tree,conc,ppm
Freshwater,2_postflood,101403.315219702,tree,conc,ppm
Freshwater,2_postflood,52993.6862574849,tree,conc,ppm
Freshwater,2_postflood,50181.7511794673,tree,conc,ppm
Freshwater,2_postflood,35388.9926457752,tree,conc,ppm
Freshwater,2_postflood,76651.513904364,tree,conc,ppm
Freshwater,2_postflood,44418.0715337051,tree,conc,ppm
Freshwater,2_postflood,62547.1046540948,tree,conc,ppm
Freshwater,2_postflood,47705.8161370818,tree,conc,ppm
Freshwater,2_postflood,57222.0497820272,tree,conc,ppm
Freshwater,2_postflood,62465.358593301,tree,conc,ppm
Control,2_postflood,37717.3340285696,tree,conc,ppm
Control,2_postflood,71007.6587963118,tree,conc,ppm
Control,2_postflood,200029.249492956,tree,conc,ppm
Control,2_postflood,109140.15862155,tree,conc,ppm
Control,2_postflood,125879.097005184,tree,conc,ppm
Control,2_postflood,43778.8408872879,tree,conc,ppm
Control,2_postflood,98350.532790134,tree,conc,ppm
Control,2_postflood,22686.6658897352,tree,conc,ppm
Control,2_postflood,17998.0432137944,tree,conc,ppm
Control,2_postflood,68969.3661841109,tree,conc,ppm
Control,2_postflood,73741.5915712563,tree,conc,ppm
Saltwater,2_postflood,118327.812883388,tree,conc,ppm
Saltwater,2_postflood,123622.976332082,tree,conc,ppm
Saltwater,2_postflood,184715.976976501,tree,conc,ppm
Saltwater,2_postflood,74710.5141913574,tree,conc,ppm
Saltwater,2_postflood,66200.7688703743,tree,conc,ppm
Saltwater,2_postflood,94746.6619412814,tree,conc,ppm
Saltwater,2_postflood,55040.1615489946,tree,conc,ppm
Saltwater,2_postflood,61423.5344130453,tree,conc,ppm
Saltwater,2_postflood,85766.1083511019,tree,conc,ppm
Saltwater,2_postflood,68623.2084047912,tree,conc,ppm
Saltwater,2_postflood,117665.906370288,tree,conc,ppm
Saltwater,2_postflood,62177.6876080211,tree,conc,ppm
Freshwater,2_postflood,60646.0646612861,tree,conc,ppm
Freshwater,2_postflood,47283.7715180023,tree,conc,ppm
Freshwater,2_postflood,46135.8965409907,tree,conc,ppm
Freshwater,2_postflood,81921.8907895497,tree,conc,ppm
Freshwater,2_postflood,47321.9823011721,tree,conc,ppm
Freshwater,2_postflood,61843.3210912573,tree,conc,ppm
Freshwater,2_postflood,54058.6497613526,tree,conc,ppm
Freshwater,2_postflood,65788.828257848,tree,conc,ppm
Freshwater,2_postflood,61109.9134258912,tree,conc,ppm
Control,2_postflood,47946.5964310097,tree,conc,ppm
Control,2_postflood,74695.6520308778,tree,conc,ppm
Control,2_postflood,126229.045154726,tree,conc,ppm
Control,2_postflood,68625.503690374,tree,conc,ppm
Control,2_postflood,30680.7274075214,tree,conc,ppm
Control,2_postflood,78495.0753165112,tree,conc,ppm
Control,2_postflood,87539.5241639979,tree,conc,ppm
Control,2_postflood,18988.1686606711,tree,conc,ppm
Control,2_postflood,2867.4643683711,tree,conc,ppm
Saltwater,2_postflood,82683.3342028403,tree,conc,ppm
Saltwater,2_postflood,122039.315937834,tree,conc,ppm
Saltwater,2_postflood,64852.3235775159,tree,conc,ppm
Saltwater,2_postflood,79092.8760790337,tree,conc,ppm
Saltwater,2_postflood,103939.145708544,tree,conc,ppm
Saltwater,2_postflood,90370.3114969415,tree,conc,ppm
Saltwater,2_postflood,81878.706941128,tree,conc,ppm
Saltwater,2_postflood,107286.731956633,tree,conc,ppm
Saltwater,2_postflood,78910.7778665846,tree,conc,ppm
Saltwater,2_postflood,7090.52107802357,tree,conc,ppm
Freshwater,2_postflood,82341.0145145001,tree,conc,ppm
Freshwater,2_postflood,74173.1054598959,tree,conc,ppm
Freshwater,2_postflood,70131.6122970333,tree,conc,ppm
Freshwater,2_postflood,94395.809245498,tree,conc,ppm
Freshwater,2_postflood,73754.3285822818,tree,conc,ppm
Freshwater,2_postflood,86578.908196197,tree,conc,ppm
Freshwater,2_postflood,1279.28458301563,tree,conc,ppm
Control,2_postflood,49135.0245251263,tree,conc,ppm
Control,2_postflood,87538.7667209806,tree,conc,ppm
Control,2_postflood,41365.1740538401,tree,conc,ppm
Control,2_postflood,81704.5841580962,tree,conc,ppm
Control,2_postflood,68017.9898350416,tree,conc,ppm
Control,2_postflood,56450.6765188726,tree,conc,ppm
Control,2_postflood,82055.1911641549,tree,conc,ppm
Control,2_postflood,88988.8690998326,tree,conc,ppm
Control,2_postflood,17111.8040849754,tree,conc,ppm
Control,2_postflood,3516.01381305154,tree,conc,ppm
Saltwater,2_postflood,92652.5764189576,tree,conc,ppm
Saltwater,2_postflood,128852.961433008,tree,conc,ppm
Saltwater,2_postflood,125773.777345867,tree,conc,ppm
Saltwater,2_postflood,77045.6412697333,tree,conc,ppm
Saltwater,2_postflood,88063.4965100711,tree,conc,ppm
Saltwater,2_postflood,81991.4322842883,tree,conc,ppm
Saltwater,2_postflood,101374.08720825201,tree,conc,ppm
Saltwater,2_postflood,94631.5968012309,tree,conc,ppm
Saltwater,2_postflood,81769.8579239973,tree,conc,ppm
Saltwater,2_postflood,3049.47346987698,tree,conc,ppm
Freshwater,2_postflood,160242.068401279,tree,conc,ppm
Freshwater,2_postflood,75886.0851212166,tree,conc,ppm
Freshwater,2_postflood,65832.5885082945,tree,conc,ppm
Freshwater,2_postflood,80813.118282226,tree,conc,ppm
Freshwater,2_postflood,93117.5127651544,tree,conc,ppm
Freshwater,2_postflood,76416.0724559565,tree,conc,ppm
Freshwater,2_postflood,82435.6057807172,tree,conc,ppm
Freshwater,2_postflood,7260.72297955416,tree,conc,ppm
Control,2_postflood,52358.4262810071,tree,conc,ppm
Control,2_postflood,90499.8626785554,tree,conc,ppm
Control,2_postflood,102892.525484959,tree,conc,ppm
Control,2_postflood,70583.830104365,tree,conc,ppm
Control,2_postflood,62375.2769894432,tree,conc,ppm
Control,2_postflood,52668.6748669361,tree,conc,ppm
Control,2_postflood,81015.7117074736,tree,conc,ppm
Control,2_postflood,76109.6181080043,tree,conc,ppm
Control,2_postflood,32519.712910446,tree,conc,ppm
Control,2_postflood,1014.92599294252,tree,conc,ppm
Saltwater,2_postflood,110526.592691822,tree,conc,ppm
Saltwater,2_postflood,124944.596124003,tree,conc,ppm
Saltwater,2_postflood,166787.002817677,tree,conc,ppm
Saltwater,2_postflood,75738.6971852383,tree,conc,ppm
Saltwater,2_postflood,75965.7959390676,tree,conc,ppm
Saltwater,2_postflood,66072.0644434052,tree,conc,ppm
Saltwater,2_postflood,78630.5199028366,tree,conc,ppm
Saltwater,2_postflood,82779.7725762885,tree,conc,ppm
Saltwater,2_postflood,59904.0200384712,tree,conc,ppm
Saltwater,2_postflood,1117.89151165544,tree,conc,ppm
Freshwater,2_postflood,152946.696364306,tree,conc,ppm
Freshwater,2_postflood,29716.4481441084,tree,conc,ppm
Freshwater,2_postflood,66921.8574175016,tree,conc,ppm
Freshwater,2_postflood,66033.0245832121,tree,conc,ppm
Freshwater,2_postflood,66551.2745021832,tree,conc,ppm
Freshwater,2_postflood,76675.5270770814,tree,conc,ppm
Freshwater,2_postflood,60770.5021302909,tree,conc,ppm
Freshwater,2_postflood,67872.7146184184,tree,conc,ppm
Freshwater,2_postflood,3615.89330191555,tree,conc,ppm
Control,2_postflood,57403.1029339759,tree,conc,ppm
Control,2_postflood,80503.5036716276,tree,conc,ppm
Control,2_postflood,119806.882921094,tree,conc,ppm
Control,2_postflood,71476.5077733705,tree,conc,ppm
Control,2_postflood,63527.1218688652,tree,conc,ppm
Control,2_postflood,45003.4687239667,tree,conc,ppm
Control,2_postflood,65428.4560123203,tree,conc,ppm
Control,2_postflood,61973.005875916,tree,conc,ppm
Control,2_postflood,43085.4454627884,tree,conc,ppm
Control,2_postflood,634.456359782972,tree,conc,ppm
Saltwater,2_postflood,11727.5227812496,tree,conc,ppm
Saltwater,2_postflood,27819.8461049192,tree,conc,ppm
Saltwater,2_postflood,47426.3906099376,tree,conc,ppm
Saltwater,2_postflood,57581.5286153566,tree,conc,ppm
Saltwater,2_postflood,82095.7300042892,tree,conc,ppm
Saltwater,2_postflood,52412.2117161001,tree,conc,ppm
Saltwater,2_postflood,37949.1265405999,tree,conc,ppm
Saltwater,2_postflood,13521.3283054497,tree,conc,ppm
Saltwater,2_postflood,17139.0220166827,tree,conc,ppm
Saltwater,2_postflood,3372.35893594868,tree,conc,ppm
Freshwater,2_postflood,5826.84226733545,tree,conc,ppm
Freshwater,2_postflood,30389.505474062,tree,conc,ppm
Freshwater,2_postflood,25670.7947533337,tree,conc,ppm
Freshwater,2_postflood,14656.3995652866,tree,conc,ppm
Freshwater,2_postflood,31702.2418985225,tree,conc,ppm
Freshwater,2_postflood,11060.1693269736,tree,conc,ppm
Freshwater,2_postflood,19741.5526101007,tree,conc,ppm
Freshwater,2_postflood,25175.5715917276,tree,conc,ppm
Freshwater,2_postflood,728.633684859334,tree,conc,ppm
Control,2_postflood,46323.8474930096,tree,conc,ppm
Control,2_postflood,57879.1518136289,tree,conc,ppm
Control,2_postflood,45773.6476778072,tree,conc,ppm
Control,2_postflood,42918.566329309,tree,conc,ppm
Control,2_postflood,31793.7760761443,tree,conc,ppm
Control,2_postflood,8407.00365399128,tree,conc,ppm
Control,2_postflood,46071.7981738635,tree,conc,ppm
Control,2_postflood,46689.6869286256,tree,conc,ppm
Control,2_postflood,39206.6236830456,tree,conc,ppm
Control,2_postflood,762.541961170534,tree,conc,ppm
Saltwater,2_postflood,51260.5742912263,tree,conc,ppm
Saltwater,2_postflood,109715.581099889,tree,conc,ppm
Saltwater,2_postflood,73025.7821436146,tree,conc,ppm
Saltwater,2_postflood,45019.0068742295,tree,conc,ppm
Saltwater,2_postflood,56806.1912490966,tree,conc,ppm
Saltwater,2_postflood,56840.4125073415,tree,conc,ppm
Saltwater,2_postflood,59524.6535329432,tree,conc,ppm
Saltwater,2_postflood,52002.8918955914,tree,conc,ppm
Saltwater,2_postflood,35900.7703460852,tree,conc,ppm
Saltwater,2_postflood,1480.65644765777,tree,conc,ppm
Freshwater,2_postflood,80869.6757546271,tree,conc,ppm
Freshwater,2_postflood,37497.511205206,tree,conc,ppm
Freshwater,2_postflood,38572.2005638724,tree,conc,ppm
Freshwater,2_postflood,39238.0966018978,tree,conc,ppm
Freshwater,2_postflood,36897.2206881683,tree,conc,ppm
Freshwater,2_postflood,47610.0703288067,tree,conc,ppm
Freshwater,2_postflood,34319.4999780622,tree,conc,ppm
Freshwater,2_postflood,47661.7125125572,tree,conc,ppm
Freshwater,2_postflood,4627.37206816821,tree,conc,ppm
