plot,datetime,do_percent_sat
FW,2023-06-04 18:05:00,83.327
FW,2023-06-04 18:10:00,83.351
FW,2023-06-04 18:15:00,83.358
FW,2023-06-04 18:20:00,83.317
FW,2023-06-04 18:25:00,83.271
FW,2023-06-04 18:30:00,83.265
FW,2023-06-04 18:35:00,83.28
FW,2023-06-04 18:40:00,83.327
FW,2023-06-04 18:45:00,83.202
FW,2023-06-04 18:50:00,83.18
FW,2023-06-04 18:55:00,83.165
FW,2023-06-04 19:00:00,83.219
FW,2023-06-04 19:05:00,83.176
FW,2023-06-04 19:10:00,83.14
FW,2023-06-04 19:15:00,83.164
FW,2023-06-04 19:20:00,83.111
FW,2023-06-04 19:25:00,83.076
FW,2023-06-04 19:30:00,83.133
FW,2023-06-04 19:35:00,83.101
FW,2023-06-04 19:40:00,83.121
FW,2023-06-04 19:45:00,83.133
FW,2023-06-04 19:50:00,83.024
FW,2023-06-04 19:55:00,83.014
FW,2023-06-04 20:00:00,83.036
FW,2023-06-04 20:05:00,82.989
FW,2023-06-04 20:10:00,82.978
FW,2023-06-04 20:15:00,82.984
FW,2023-06-04 20:20:00,83.033
FW,2023-06-04 20:25:00,82.942
FW,2023-06-04 20:30:00,82.949
FW,2023-06-04 20:35:00,82.899
FW,2023-06-04 20:40:00,82.94
FW,2023-06-04 20:45:00,82.905
FW,2023-06-04 20:50:00,82.882
FW,2023-06-04 20:55:00,82.89
FW,2023-06-04 21:00:00,82.945
FW,2023-06-04 21:05:00,82.922
FW,2023-06-04 21:10:00,82.875
FW,2023-06-04 21:15:00,82.825
FW,2023-06-04 21:20:00,82.883
FW,2023-06-04 21:25:00,82.902
FW,2023-06-04 21:30:00,82.842
FW,2023-06-04 21:35:00,82.847
FW,2023-06-04 21:40:00,82.837
FW,2023-06-04 21:45:00,82.803
FW,2023-06-04 21:50:00,82.769
FW,2023-06-04 21:55:00,82.838
FW,2023-06-04 22:00:00,82.74
FW,2023-06-04 22:05:00,82.785
FW,2023-06-04 22:10:00,82.764
FW,2023-06-04 22:15:00,82.775
FW,2023-06-04 22:20:00,82.77
FW,2023-06-04 22:25:00,82.782
FW,2023-06-04 22:30:00,82.796
FW,2023-06-04 22:35:00,82.756
FW,2023-06-04 22:40:00,82.743
FW,2023-06-04 22:45:00,82.751
FW,2023-06-04 22:50:00,82.742
FW,2023-06-04 22:55:00,82.729
FW,2023-06-04 23:00:00,82.741
FW,2023-06-04 23:05:00,82.717
FW,2023-06-04 23:10:00,82.727
FW,2023-06-04 23:15:00,82.67
FW,2023-06-04 23:20:00,82.632
FW,2023-06-04 23:25:00,82.71
FW,2023-06-04 23:30:00,82.668
FW,2023-06-04 23:35:00,82.639
FW,2023-06-04 23:40:00,82.651
FW,2023-06-04 23:45:00,82.679
FW,2023-06-04 23:50:00,82.68
FW,2023-06-04 23:55:00,82.654
FW,2023-06-05 00:00:00,82.675
FW,2023-06-05 00:05:00,82.692
FW,2023-06-05 00:10:00,82.616
FW,2023-06-05 00:15:00,82.596
FW,2023-06-05 00:20:00,82.587
FW,2023-06-05 00:25:00,82.623
FW,2023-06-05 00:30:00,82.622
FW,2023-06-05 00:35:00,82.599
FW,2023-06-05 00:40:00,82.619
FW,2023-06-05 00:45:00,82.551
FW,2023-06-05 00:50:00,82.655
FW,2023-06-05 00:55:00,82.568
FW,2023-06-05 01:00:00,82.588
FW,2023-06-05 01:05:00,82.534
FW,2023-06-05 01:10:00,82.55
FW,2023-06-05 01:15:00,82.523
FW,2023-06-05 01:20:00,82.561
FW,2023-06-05 01:25:00,82.532
FW,2023-06-05 01:30:00,82.457
FW,2023-06-05 01:35:00,82.533
FW,2023-06-05 01:40:00,82.453
FW,2023-06-05 01:45:00,82.443
FW,2023-06-05 01:50:00,82.467
FW,2023-06-05 01:55:00,82.417
FW,2023-06-05 02:00:00,82.474
FW,2023-06-05 02:05:00,82.384
FW,2023-06-05 02:10:00,82.369
FW,2023-06-05 02:15:00,82.402
FW,2023-06-05 02:20:00,82.34
FW,2023-06-05 02:25:00,82.401
FW,2023-06-05 02:30:00,82.411
FW,2023-06-05 02:35:00,82.378
FW,2023-06-05 02:40:00,82.294
FW,2023-06-05 02:45:00,82.343
FW,2023-06-05 02:50:00,82.324
FW,2023-06-05 02:55:00,82.35
FW,2023-06-05 03:00:00,82.396
FW,2023-06-05 03:05:00,82.356
FW,2023-06-05 03:10:00,82.386
FW,2023-06-05 03:15:00,82.386
FW,2023-06-05 03:20:00,82.314
FW,2023-06-05 03:25:00,82.317
FW,2023-06-05 03:30:00,82.315
FW,2023-06-05 03:35:00,82.313
FW,2023-06-05 03:40:00,82.299
FW,2023-06-05 03:45:00,82.24
FW,2023-06-05 03:50:00,82.325
FW,2023-06-05 03:55:00,82.312
FW,2023-06-05 04:00:00,82.277
FW,2023-06-05 04:05:00,82.273
FW,2023-06-05 04:10:00,82.205
FW,2023-06-05 04:15:00,82.309
FW,2023-06-05 04:20:00,82.386
FW,2023-06-05 04:25:00,82.26
FW,2023-06-05 04:30:00,82.268
FW,2023-06-05 04:35:00,82.323
FW,2023-06-05 04:40:00,82.308
FW,2023-06-05 04:45:00,82.381
FW,2023-06-05 04:50:00,82.247
FW,2023-06-05 04:55:00,82.276
FW,2023-06-05 05:00:00,82.289
FW,2023-06-05 05:05:00,82.278
FW,2023-06-05 05:10:00,82.258
FW,2023-06-05 05:15:00,82.283
FW,2023-06-05 05:20:00,82.158
FW,2023-06-05 05:25:00,82.294
FW,2023-06-05 05:30:00,82.207
FW,2023-06-05 05:35:00,82.247
FW,2023-06-05 05:40:00,82.248
FW,2023-06-05 05:45:00,82.381
FW,2023-06-05 05:50:00,82.236
FW,2023-06-05 05:55:00,82.175
FW,2023-06-05 06:00:00,82.246
FW,2023-06-05 06:05:00,82.268
FW,2023-06-05 10:00:00,82.508
FW,2023-06-05 10:05:00,82.385
FW,2023-06-05 10:10:00,82.3
FW,2023-06-05 10:15:00,82.266
FW,2023-06-05 10:20:00,82.22
FW,2023-06-05 10:25:00,82.013
FW,2023-06-05 10:30:00,82.403
FW,2023-06-05 10:35:00,82.154
FW,2023-06-05 10:40:00,82.199
FW,2023-06-05 10:45:00,82.142
FW,2023-06-05 10:50:00,82.081
FW,2023-06-05 10:55:00,82.133
FW,2023-06-05 11:00:00,82.244
FW,2023-06-05 11:05:00,82.111
FW,2023-06-05 11:10:00,82.18
FW,2023-06-05 11:15:00,82.261
FW,2023-06-05 11:20:00,82.142
FW,2023-06-05 11:25:00,82.133
FW,2023-06-05 11:30:00,82.006
FW,2023-06-05 11:35:00,82.104
FW,2023-06-05 11:40:00,82.072
FW,2023-06-05 11:45:00,82.278
FW,2023-06-05 11:50:00,82.357
FW,2023-06-05 11:55:00,82.189
FW,2023-06-05 12:00:00,82.043
FW,2023-06-05 12:05:00,82.07
FW,2023-06-05 12:10:00,82.096
FW,2023-06-05 12:15:00,82.236
FW,2023-06-05 12:20:00,82.137
FW,2023-06-05 12:25:00,82.15
FW,2023-06-05 12:30:00,81.992
FW,2023-06-05 12:35:00,82.145
FW,2023-06-05 12:40:00,81.982
FW,2023-06-05 12:45:00,82.172
FW,2023-06-05 12:50:00,82.174
FW,2023-06-05 12:55:00,82.041
FW,2023-06-05 13:00:00,82.025
FW,2023-06-05 13:05:00,82.087
FW,2023-06-05 13:10:00,82.082
FW,2023-06-05 13:15:00,81.982
FW,2023-06-05 13:20:00,82.033
FW,2023-06-05 13:25:00,82.083
FW,2023-06-05 13:30:00,82.119
FW,2023-06-05 13:35:00,81.961
FW,2023-06-05 13:40:00,82.004
FW,2023-06-05 13:45:00,81.991
FW,2023-06-05 13:50:00,82.122
FW,2023-06-05 13:55:00,82.168
FW,2023-06-05 14:00:00,81.996
FW,2023-06-05 14:05:00,82.088
FW,2023-06-05 14:10:00,82.032
FW,2023-06-05 14:15:00,82.091
FW,2023-06-05 14:20:00,82.082
FW,2023-06-05 14:25:00,82.135
FW,2023-06-05 14:30:00,81.937
FW,2023-06-05 14:35:00,81.908
FW,2023-06-05 14:40:00,82.133
FW,2023-06-05 14:45:00,82.201
FW,2023-06-05 14:50:00,81.897
FW,2023-06-05 14:55:00,82.085
FW,2023-06-05 15:00:00,81.953
FW,2023-06-05 15:05:00,82.153
FW,2023-06-05 15:10:00,81.93
FW,2023-06-05 15:15:00,81.804
FW,2023-06-05 15:20:00,82.114
FW,2023-06-05 15:25:00,82.114
FW,2023-06-05 15:30:00,81.925
FW,2023-06-05 15:35:00,81.84
FW,2023-06-05 15:40:00,81.973
FW,2023-06-05 15:45:00,82.11
FW,2023-06-05 15:50:00,81.895
FW,2023-06-05 15:55:00,81.978
FW,2023-06-05 16:00:00,82.027
FW,2023-06-05 16:05:00,81.972
FW,2023-06-05 16:10:00,81.948
FW,2023-06-05 16:15:00,81.891
FW,2023-06-05 16:20:00,81.764
FW,2023-06-05 16:25:00,81.963
FW,2023-06-05 16:30:00,81.986
FW,2023-06-05 16:35:00,82.029
FW,2023-06-05 16:40:00,82.006
FW,2023-06-05 16:45:00,81.891
FW,2023-06-05 16:50:00,81.795
FW,2023-06-05 16:55:00,81.995
FW,2023-06-05 17:00:00,81.881
FW,2023-06-05 17:05:00,81.859
FW,2023-06-05 17:10:00,81.716
FW,2023-06-05 17:15:00,81.937
FW,2023-06-05 17:20:00,81.93
FW,2023-06-05 17:25:00,81.921
FW,2023-06-05 17:30:00,81.895
FW,2023-06-05 17:35:00,81.882
FW,2023-06-05 17:40:00,81.913
FW,2023-06-05 17:45:00,81.841
FW,2023-06-05 17:50:00,81.88
FW,2023-06-05 17:55:00,81.859
FW,2023-06-05 18:00:00,81.842
FW,2023-06-05 18:05:00,81.89
FW,2023-06-05 18:10:00,81.725
FW,2023-06-05 18:15:00,81.857
FW,2023-06-05 18:20:00,81.805
FW,2023-06-05 18:25:00,81.827
FW,2023-06-05 18:30:00,81.881
FW,2023-06-05 18:35:00,81.823
FW,2023-06-05 18:40:00,81.799
FW,2023-06-05 18:45:00,81.806
FW,2023-06-05 18:50:00,81.784
FW,2023-06-05 18:55:00,81.778
FW,2023-06-05 19:00:00,81.737
FW,2023-06-05 19:05:00,81.652
FW,2023-06-05 19:10:00,81.788
FW,2023-06-05 19:15:00,81.751
FW,2023-06-05 19:20:00,81.712
FW,2023-06-05 19:25:00,81.655
FW,2023-06-05 19:30:00,81.718
FW,2023-06-05 19:35:00,81.745
FW,2023-06-05 19:40:00,81.703
FW,2023-06-05 19:45:00,81.72
FW,2023-06-05 19:50:00,81.692
FW,2023-06-05 19:55:00,81.704
FW,2023-06-05 20:00:00,81.75
FW,2023-06-05 20:05:00,81.677
FW,2023-06-05 20:10:00,81.701
FW,2023-06-05 20:15:00,81.722
FW,2023-06-05 20:20:00,81.675
FW,2023-06-05 20:25:00,81.714
FW,2023-06-05 20:30:00,81.755
FW,2023-06-05 20:35:00,81.715
FW,2023-06-05 20:40:00,81.642
FW,2023-06-05 20:45:00,81.667
FW,2023-06-05 20:50:00,81.668
FW,2023-06-05 20:55:00,81.674
FW,2023-06-05 21:00:00,81.672
FW,2023-06-05 21:05:00,81.651
FW,2023-06-05 21:10:00,81.607
FW,2023-06-05 21:15:00,81.632
FW,2023-06-05 21:20:00,81.68
FW,2023-06-05 21:25:00,81.718
FW,2023-06-05 21:30:00,81.724
FW,2023-06-05 21:35:00,81.686
FW,2023-06-05 21:40:00,81.66
FW,2023-06-05 21:45:00,81.699
FW,2023-06-05 21:50:00,81.687
FW,2023-06-05 21:55:00,81.693
FW,2023-06-05 22:00:00,81.666
FW,2023-06-05 22:05:00,81.693
FW,2023-06-05 22:10:00,81.691
FW,2023-06-05 22:15:00,81.668
FW,2023-06-05 22:20:00,81.67
FW,2023-06-05 22:25:00,81.684
FW,2023-06-05 22:30:00,81.637
FW,2023-06-05 22:35:00,81.74
FW,2023-06-05 22:40:00,81.696
FW,2023-06-05 22:45:00,81.713
FW,2023-06-05 22:50:00,81.691
FW,2023-06-05 22:55:00,81.647
FW,2023-06-05 23:00:00,81.689
FW,2023-06-05 23:05:00,81.591
FW,2023-06-05 23:10:00,81.713
FW,2023-06-05 23:15:00,81.589
FW,2023-06-05 23:20:00,81.722
FW,2023-06-05 23:25:00,81.637
FW,2023-06-05 23:30:00,81.661
FW,2023-06-05 23:35:00,81.622
FW,2023-06-05 23:40:00,81.655
FW,2023-06-05 23:45:00,81.627
FW,2023-06-05 23:50:00,81.614
FW,2023-06-05 23:55:00,81.6
FW,2023-06-06 00:00:00,81.646
FW,2023-06-06 00:05:00,81.586
FW,2023-06-06 00:10:00,81.676
FW,2023-06-06 00:15:00,81.698
FW,2023-06-06 00:20:00,81.691
FW,2023-06-06 00:25:00,81.595
FW,2023-06-06 00:30:00,81.604
FW,2023-06-06 00:35:00,81.622
FW,2023-06-06 00:40:00,81.621
FW,2023-06-06 00:45:00,81.598
FW,2023-06-06 00:50:00,81.637
FW,2023-06-06 00:55:00,81.63
FW,2023-06-06 01:00:00,81.608
FW,2023-06-06 01:05:00,81.589
FW,2023-06-06 01:10:00,81.632
FW,2023-06-06 01:15:00,81.644
FW,2023-06-06 01:20:00,81.639
FW,2023-06-06 01:25:00,81.654
FW,2023-06-06 01:30:00,81.705
FW,2023-06-06 01:35:00,81.609
FW,2023-06-06 01:40:00,81.65
FW,2023-06-06 01:45:00,81.62
FW,2023-06-06 01:50:00,81.627
FW,2023-06-06 01:55:00,81.624
FW,2023-06-06 02:00:00,81.607
FW,2023-06-06 02:05:00,81.684
FW,2023-06-06 02:10:00,81.653
FW,2023-06-06 02:15:00,81.633
FW,2023-06-06 02:20:00,81.634
FW,2023-06-06 02:25:00,81.648
FW,2023-06-06 02:30:00,81.6
FW,2023-06-06 02:35:00,81.62
FW,2023-06-06 02:40:00,81.667
FW,2023-06-06 02:45:00,81.704
FW,2023-06-06 02:50:00,81.651
FW,2023-06-06 02:55:00,81.635
FW,2023-06-06 03:00:00,81.631
FW,2023-06-06 03:05:00,81.719
FW,2023-06-06 03:10:00,81.608
FW,2023-06-06 03:15:00,81.647
FW,2023-06-06 03:20:00,81.659
FW,2023-06-06 03:25:00,81.696
FW,2023-06-06 03:30:00,81.588
FW,2023-06-06 03:35:00,81.614
FW,2023-06-06 03:40:00,81.64
FW,2023-06-06 03:45:00,81.709
FW,2023-06-06 03:50:00,81.592
FW,2023-06-06 03:55:00,81.675
FW,2023-06-06 04:00:00,81.664
FW,2023-06-06 04:05:00,81.665
FW,2023-06-06 04:10:00,81.667
FW,2023-06-06 04:15:00,81.649
FW,2023-06-06 04:20:00,81.622
FW,2023-06-06 04:25:00,81.667
FW,2023-06-06 04:30:00,81.706
FW,2023-06-06 04:35:00,81.724
FW,2023-06-06 04:40:00,81.683
FW,2023-06-06 04:45:00,81.64
FW,2023-06-06 04:50:00,81.204
FW,2023-06-06 04:55:00,80.715
FW,2023-06-06 05:00:00,85.062
FW,2023-06-06 05:05:00,83.488
FW,2023-06-06 05:10:00,80.355
FW,2023-06-06 05:15:00,80.791
FW,2023-06-06 05:20:00,80.9
FW,2023-06-06 05:25:00,80.925
FW,2023-06-06 05:30:00,80.763
FW,2023-06-06 05:35:00,80.496
FW,2023-06-06 05:40:00,80.333
FW,2023-06-06 05:45:00,79.936
FW,2023-06-06 05:50:00,79.643
FW,2023-06-06 05:55:00,79.242
FW,2023-06-06 06:00:00,79.006
FW,2023-06-06 06:05:00,78.611
FW,2023-06-06 06:10:00,78.241
FW,2023-06-06 06:15:00,77.931
FW,2023-06-06 06:20:00,77.633
FW,2023-06-06 06:25:00,77.34
FW,2023-06-06 06:30:00,77.199
FW,2023-06-06 06:35:00,76.881
FW,2023-06-06 06:40:00,76.659
FW,2023-06-06 06:45:00,76.42
FW,2023-06-06 06:50:00,76.336
FW,2023-06-06 06:55:00,76.219
FW,2023-06-06 07:00:00,76.21
FW,2023-06-06 07:05:00,76.267
FW,2023-06-06 07:10:00,76.314
FW,2023-06-06 07:15:00,76.343
FW,2023-06-06 07:20:00,76.573
FW,2023-06-06 07:25:00,76.93
FW,2023-06-06 07:30:00,77.352
FW,2023-06-06 07:35:00,77.539
FW,2023-06-06 07:40:00,77.719
FW,2023-06-06 07:45:00,77.65
FW,2023-06-06 07:50:00,77.342
FW,2023-06-06 07:55:00,76.883
FW,2023-06-06 08:00:00,76.401
FW,2023-06-06 08:05:00,76.015
FW,2023-06-06 08:10:00,75.465
FW,2023-06-06 08:15:00,74.892
FW,2023-06-06 08:20:00,74.316
FW,2023-06-06 08:25:00,74.098
FW,2023-06-06 08:30:00,73.799
FW,2023-06-06 08:35:00,73.398
FW,2023-06-06 08:40:00,72.819
FW,2023-06-06 08:45:00,71.823
FW,2023-06-06 08:50:00,71.076
FW,2023-06-06 08:55:00,70.312
FW,2023-06-06 09:00:00,69.508
FW,2023-06-06 09:05:00,68.516
FW,2023-06-06 09:10:00,67.641
FW,2023-06-06 09:15:00,66.713
FW,2023-06-06 09:20:00,65.943
FW,2023-06-06 09:25:00,65.136
FW,2023-06-06 09:30:00,64.254
FW,2023-06-06 09:35:00,63.334
FW,2023-06-06 09:40:00,62.307
FW,2023-06-06 09:45:00,61.3
FW,2023-06-06 09:50:00,60.367
FW,2023-06-06 09:55:00,59.491
FW,2023-06-06 10:00:00,58.483
FW,2023-06-06 10:05:00,57.531
FW,2023-06-06 10:10:00,56.539
FW,2023-06-06 10:15:00,55.587
FW,2023-06-06 10:20:00,54.704
FW,2023-06-06 10:25:00,53.447
FW,2023-06-06 10:30:00,52.26
FW,2023-06-06 10:35:00,51.557
FW,2023-06-06 10:40:00,50.685
FW,2023-06-06 10:45:00,49.644
FW,2023-06-06 10:50:00,48.592
FW,2023-06-06 10:55:00,47.491
FW,2023-06-06 11:00:00,46.242
FW,2023-06-06 11:05:00,45.239
FW,2023-06-06 11:10:00,44.338
FW,2023-06-06 11:15:00,43.688
FW,2023-06-06 11:20:00,43.145
FW,2023-06-06 11:25:00,42.324
FW,2023-06-06 11:30:00,41.432
FW,2023-06-06 11:35:00,40.47
FW,2023-06-06 11:40:00,39.494
FW,2023-06-06 11:45:00,38.626
FW,2023-06-06 11:50:00,37.655
FW,2023-06-06 11:55:00,36.834
FW,2023-06-06 12:00:00,35.948
FW,2023-06-06 12:05:00,35.11
FW,2023-06-06 12:10:00,34.198
FW,2023-06-06 12:15:00,33.329
FW,2023-06-06 12:20:00,32.431
FW,2023-06-06 12:25:00,31.482
FW,2023-06-06 12:30:00,30.669
FW,2023-06-06 12:35:00,29.858
FW,2023-06-06 12:40:00,29.142
FW,2023-06-06 12:45:00,28.466
FW,2023-06-06 12:50:00,27.707
FW,2023-06-06 12:55:00,26.831
FW,2023-06-06 13:00:00,25.877
FW,2023-06-06 13:05:00,24.927
FW,2023-06-06 13:10:00,24.044
FW,2023-06-06 13:15:00,23.086
FW,2023-06-06 13:20:00,22.194
FW,2023-06-06 13:25:00,21.475
FW,2023-06-06 13:30:00,20.779
FW,2023-06-06 13:35:00,20.019
FW,2023-06-06 13:40:00,19.398
FW,2023-06-06 13:45:00,18.715
FW,2023-06-06 13:50:00,18.017
FW,2023-06-06 13:55:00,17.203
FW,2023-06-06 14:00:00,16.149
FW,2023-06-06 14:05:00,15.155
FW,2023-06-06 14:10:00,14.335
FW,2023-06-06 14:15:00,13.676
FW,2023-06-06 14:20:00,13.19
FW,2023-06-06 14:25:00,12.778
FW,2023-06-06 14:30:00,12.308
FW,2023-06-06 14:35:00,11.967
FW,2023-06-06 14:40:00,11.655
FW,2023-06-06 14:45:00,11.386
FW,2023-06-06 14:50:00,11.225
FW,2023-06-06 14:55:00,10.978
FW,2023-06-06 15:00:00,10.585
FW,2023-06-06 15:05:00,10.11
FW,2023-06-06 15:10:00,9.581
FW,2023-06-06 15:15:00,8.94
FW,2023-06-06 15:20:00,8.102
FW,2023-06-06 15:25:00,7.067
FW,2023-06-06 15:30:00,6.062
FW,2023-06-06 15:35:00,5.071
FW,2023-06-06 15:40:00,4.168
FW,2023-06-06 15:45:00,3.288
FW,2023-06-06 15:50:00,2.577
FW,2023-06-06 15:55:00,1.952
FW,2023-06-06 16:00:00,1.413
FW,2023-06-06 16:05:00,0.973
FW,2023-06-06 16:10:00,0.642
FW,2023-06-06 16:15:00,0.398
FW,2023-06-06 16:20:00,0.152
FW,2023-06-06 16:25:00,0
FW,2023-06-06 16:30:00,0
FW,2023-06-06 16:35:00,0
FW,2023-06-06 16:40:00,0
FW,2023-06-06 16:45:00,0
FW,2023-06-06 16:50:00,0
FW,2023-06-06 16:55:00,0
FW,2023-06-06 17:00:00,0
FW,2023-06-06 17:05:00,0
FW,2023-06-06 17:10:00,0
FW,2023-06-06 17:15:00,0
FW,2023-06-06 17:20:00,0
FW,2023-06-06 17:25:00,0
FW,2023-06-06 17:30:00,0
FW,2023-06-06 17:35:00,0
FW,2023-06-06 17:40:00,0
FW,2023-06-06 17:45:00,0
FW,2023-06-06 17:50:00,0
FW,2023-06-06 17:55:00,0
FW,2023-06-06 18:00:00,0
FW,2023-06-06 18:05:00,0
FW,2023-06-06 18:10:00,0
FW,2023-06-06 18:15:00,0
FW,2023-06-06 18:20:00,0
FW,2023-06-06 18:25:00,0
FW,2023-06-06 18:30:00,0
FW,2023-06-06 18:35:00,0
FW,2023-06-06 18:40:00,0
FW,2023-06-06 18:45:00,0
FW,2023-06-06 18:50:00,0
FW,2023-06-06 18:55:00,0
FW,2023-06-06 19:00:00,0
FW,2023-06-06 19:05:00,0
FW,2023-06-06 19:10:00,0
FW,2023-06-06 19:15:00,0
FW,2023-06-06 19:20:00,0
FW,2023-06-06 19:25:00,0
FW,2023-06-06 19:30:00,0.286
FW,2023-06-06 19:35:00,0.515
FW,2023-06-06 19:40:00,0.514
FW,2023-06-06 19:45:00,2.964
FW,2023-06-06 19:50:00,85.955
FW,2023-06-06 19:55:00,85.98
FW,2023-06-06 20:00:00,86.093
FW,2023-06-06 20:05:00,86.123
FW,2023-06-06 20:10:00,86.155
FW,2023-06-06 20:15:00,86.205
FW,2023-06-06 20:20:00,86.085
FW,2023-06-06 20:25:00,86.159
FW,2023-06-06 20:30:00,86.192
FW,2023-06-06 20:35:00,86.167
FW,2023-06-06 20:40:00,86.214
FW,2023-06-06 20:45:00,86.232
FW,2023-06-06 20:50:00,86.235
FW,2023-06-06 20:55:00,86.244
FW,2023-06-06 21:00:00,86.258
FW,2023-06-06 21:05:00,86.243
FW,2023-06-06 21:10:00,86.192
FW,2023-06-06 21:15:00,86.208
FW,2023-06-06 21:20:00,86.263
FW,2023-06-06 21:25:00,86.178
FW,2023-06-06 21:30:00,86.282
FW,2023-06-06 21:35:00,86.221
FW,2023-06-06 21:40:00,86.285
FW,2023-06-06 21:45:00,86.181
FW,2023-06-06 21:50:00,86.257
FW,2023-06-06 21:55:00,86.145
FW,2023-06-06 22:00:00,86.17
FW,2023-06-06 22:05:00,86.246
FW,2023-06-06 22:10:00,86.144
FW,2023-06-06 22:15:00,86.188
FW,2023-06-06 22:20:00,86.148
FW,2023-06-06 22:25:00,86.222
FW,2023-06-06 22:30:00,86.116
FW,2023-06-06 22:35:00,86.106
FW,2023-06-06 22:40:00,86.129
FW,2023-06-06 22:45:00,86.161
FW,2023-06-06 22:50:00,86.105
FW,2023-06-06 22:55:00,86.149
FW,2023-06-06 23:00:00,86.178
FW,2023-06-06 23:05:00,86.237
FW,2023-06-06 23:10:00,86.12
FW,2023-06-06 23:15:00,86.183
FW,2023-06-06 23:20:00,86.026
FW,2023-06-06 23:25:00,86.164
FW,2023-06-06 23:30:00,86.137
FW,2023-06-06 23:35:00,86.174
FW,2023-06-06 23:40:00,86.188
FW,2023-06-06 23:45:00,86.109
FW,2023-06-06 23:50:00,86.126
FW,2023-06-06 23:55:00,86.127
FW,2023-06-07 00:00:00,86.079
FW,2023-06-07 00:05:00,86.147
FW,2023-06-07 00:10:00,86.098
FW,2023-06-07 00:15:00,86.194
FW,2023-06-07 00:20:00,86.144
FW,2023-06-07 00:25:00,86.102
FW,2023-06-07 00:30:00,86.135
FW,2023-06-07 00:35:00,86.052
FW,2023-06-07 00:40:00,86.031
FW,2023-06-07 00:45:00,86.01
FW,2023-06-07 00:50:00,86.004
FW,2023-06-07 00:55:00,85.965
FW,2023-06-07 01:00:00,86.028
FW,2023-06-07 01:05:00,85.948
FW,2023-06-07 01:10:00,85.904
FW,2023-06-07 01:15:00,85.947
FW,2023-06-07 01:20:00,86.003
FW,2023-06-07 01:25:00,85.86
FW,2023-06-07 01:30:00,85.878
FW,2023-06-07 01:35:00,85.819
FW,2023-06-07 01:40:00,85.852
FW,2023-06-07 01:45:00,85.77
FW,2023-06-07 01:50:00,85.753
FW,2023-06-07 01:55:00,85.682
FW,2023-06-07 02:00:00,85.742
FW,2023-06-07 02:05:00,85.67
FW,2023-06-07 02:10:00,85.592
FW,2023-06-07 02:15:00,85.434
FW,2023-06-07 02:20:00,85.517
FW,2023-06-07 02:25:00,85.468
FW,2023-06-07 02:30:00,85.376
FW,2023-06-07 02:35:00,85.426
FW,2023-06-07 02:40:00,85.419
FW,2023-06-07 02:45:00,85.339
FW,2023-06-07 02:50:00,85.353
FW,2023-06-07 02:55:00,85.354
FW,2023-06-07 03:00:00,85.335
FW,2023-06-07 03:05:00,85.329
FW,2023-06-07 03:10:00,85.273
FW,2023-06-07 03:15:00,85.285
FW,2023-06-07 03:20:00,85.289
FW,2023-06-07 03:25:00,85.279
FW,2023-06-07 03:30:00,85.321
FW,2023-06-07 03:35:00,85.289
FW,2023-06-07 03:40:00,85.263
FW,2023-06-07 03:45:00,85.323
FW,2023-06-07 03:50:00,85.264
FW,2023-06-07 03:55:00,85.191
FW,2023-06-07 04:00:00,85.293
FW,2023-06-07 04:05:00,85.244
FW,2023-06-07 04:10:00,85.181
FW,2023-06-07 04:15:00,85.194
FW,2023-06-07 04:20:00,85.031
FW,2023-06-07 04:25:00,85.229
FW,2023-06-07 04:30:00,85.114
FW,2023-06-07 04:35:00,85.154
FW,2023-06-07 04:40:00,85.144
FW,2023-06-07 04:45:00,85.072
FW,2023-06-07 04:50:00,85.105
FW,2023-06-07 04:55:00,85.138
FW,2023-06-07 05:00:00,85.042
FW,2023-06-07 05:05:00,85.048
FW,2023-06-07 05:10:00,86.771
FW,2023-06-07 05:15:00,84.569
FW,2023-06-07 05:20:00,82.709
FW,2023-06-07 05:25:00,80.904
FW,2023-06-07 05:30:00,79.19
FW,2023-06-07 05:35:00,78.129
FW,2023-06-07 05:40:00,77.136
FW,2023-06-07 05:45:00,77.062
FW,2023-06-07 05:50:00,76.607
FW,2023-06-07 05:55:00,75.582
FW,2023-06-07 06:00:00,74.547
FW,2023-06-07 06:05:00,73.461
FW,2023-06-07 06:10:00,72.266
FW,2023-06-07 06:15:00,70.955
FW,2023-06-07 06:20:00,69.378
FW,2023-06-07 06:25:00,66.179
FW,2023-06-07 06:30:00,61.849
FW,2023-06-07 06:35:00,61.52
FW,2023-06-07 06:40:00,62.006
FW,2023-06-07 06:45:00,61.753
FW,2023-06-07 06:50:00,61.036
FW,2023-06-07 06:55:00,60.676
FW,2023-06-07 07:00:00,60.017
FW,2023-06-07 07:05:00,58.69
FW,2023-06-07 07:10:00,57.544
FW,2023-06-07 07:15:00,56.73
FW,2023-06-07 07:20:00,56.049
FW,2023-06-07 07:25:00,55.222
FW,2023-06-07 07:30:00,54.401
FW,2023-06-07 07:35:00,53.791
FW,2023-06-07 07:40:00,52.847
FW,2023-06-07 07:45:00,51.514
FW,2023-06-07 07:50:00,22.42
FW,2023-06-07 07:55:00,24.523
FW,2023-06-07 08:00:00,22.197
FW,2023-06-07 08:05:00,21.947
FW,2023-06-07 08:10:00,22.887
FW,2023-06-07 08:15:00,22.267
FW,2023-06-07 08:20:00,20.75
FW,2023-06-07 08:25:00,19.479
FW,2023-06-07 08:30:00,18.302
FW,2023-06-07 08:35:00,16.965
FW,2023-06-07 08:40:00,14.93
FW,2023-06-07 08:45:00,14.359
FW,2023-06-07 08:50:00,13.709
FW,2023-06-07 08:55:00,12.081
FW,2023-06-07 09:00:00,10.93
FW,2023-06-07 09:05:00,9.974
FW,2023-06-07 09:10:00,9.102
FW,2023-06-07 09:15:00,8.083
FW,2023-06-07 09:20:00,7.596
FW,2023-06-07 09:25:00,7.04
FW,2023-06-07 09:30:00,6.198
FW,2023-06-07 09:35:00,5.17
FW,2023-06-07 09:40:00,4.772
FW,2023-06-07 09:45:00,4.261
FW,2023-06-07 09:50:00,3.684
FW,2023-06-07 09:55:00,3.095
FW,2023-06-07 10:00:00,2.519
FW,2023-06-07 10:05:00,1.047
FW,2023-06-07 10:10:00,0.525
FW,2023-06-07 10:15:00,0.06
FW,2023-06-07 10:20:00,0.003
FW,2023-06-07 10:25:00,0
FW,2023-06-07 10:30:00,0
FW,2023-06-07 10:35:00,0
FW,2023-06-07 10:40:00,0
FW,2023-06-07 10:45:00,0
FW,2023-06-07 10:50:00,0
FW,2023-06-07 10:55:00,0
FW,2023-06-07 11:00:00,0
FW,2023-06-07 11:05:00,0
FW,2023-06-07 11:10:00,0
FW,2023-06-07 11:15:00,0
FW,2023-06-07 11:20:00,0
FW,2023-06-07 11:25:00,0
FW,2023-06-07 11:30:00,0
FW,2023-06-07 11:35:00,0
FW,2023-06-07 11:40:00,0
FW,2023-06-07 11:45:00,0
FW,2023-06-07 11:50:00,0
FW,2023-06-07 11:55:00,0
FW,2023-06-07 12:00:00,0
FW,2023-06-07 12:05:00,0
FW,2023-06-07 12:10:00,0
FW,2023-06-07 12:15:00,0
FW,2023-06-07 12:20:00,0
FW,2023-06-07 12:25:00,0
FW,2023-06-07 12:30:00,0
FW,2023-06-07 12:35:00,0
FW,2023-06-07 12:40:00,0
FW,2023-06-07 12:45:00,0
FW,2023-06-07 12:50:00,0
FW,2023-06-07 12:55:00,0
FW,2023-06-07 13:00:00,0
FW,2023-06-07 13:05:00,0
FW,2023-06-07 13:10:00,0
FW,2023-06-07 13:15:00,0
FW,2023-06-07 13:20:00,0
FW,2023-06-07 13:25:00,0
FW,2023-06-07 13:30:00,0
FW,2023-06-07 13:35:00,0
FW,2023-06-07 13:40:00,0
FW,2023-06-07 13:45:00,0
FW,2023-06-07 13:50:00,0
FW,2023-06-07 13:55:00,0
FW,2023-06-07 14:00:00,0
FW,2023-06-07 14:05:00,0
FW,2023-06-07 14:10:00,0
FW,2023-06-07 14:15:00,0
FW,2023-06-07 14:20:00,0
FW,2023-06-07 14:25:00,0
FW,2023-06-07 14:30:00,0
FW,2023-06-07 14:35:00,0
FW,2023-06-07 14:40:00,0
FW,2023-06-07 14:45:00,0
FW,2023-06-07 14:50:00,0
FW,2023-06-07 14:55:00,0
FW,2023-06-07 15:00:00,0
FW,2023-06-07 15:05:00,0
FW,2023-06-07 15:10:00,0
FW,2023-06-07 15:15:00,0
FW,2023-06-07 15:20:00,0
FW,2023-06-07 15:25:00,0
FW,2023-06-07 15:30:00,0
FW,2023-06-07 15:35:00,0
FW,2023-06-07 15:40:00,0
FW,2023-06-07 15:45:00,0
FW,2023-06-07 15:50:00,0
FW,2023-06-07 15:55:00,0
FW,2023-06-07 16:00:00,0
FW,2023-06-07 16:05:00,0
FW,2023-06-07 16:10:00,0
FW,2023-06-07 16:15:00,0
FW,2023-06-07 16:20:00,0
FW,2023-06-07 16:25:00,0
FW,2023-06-07 16:30:00,0
FW,2023-06-07 16:35:00,0
FW,2023-06-07 16:40:00,0
FW,2023-06-07 16:45:00,0
FW,2023-06-07 16:50:00,0.934
FW,2023-06-07 16:55:00,2.759
FW,2023-06-07 17:00:00,1.574
FW,2023-06-07 17:05:00,0.942
FW,2023-06-07 17:10:00,0.111
FW,2023-06-07 17:15:00,0
FW,2023-06-07 17:20:00,0
FW,2023-06-07 17:25:00,0
FW,2023-06-07 17:30:00,0
FW,2023-06-07 17:35:00,0
FW,2023-06-07 17:40:00,0
FW,2023-06-07 17:45:00,0
FW,2023-06-07 17:50:00,0
FW,2023-06-07 17:55:00,0
FW,2023-06-07 18:00:00,0
FW,2023-06-07 18:05:00,0
FW,2023-06-07 18:10:00,0
FW,2023-06-07 18:15:00,0
FW,2023-06-07 18:20:00,0
FW,2023-06-07 18:25:00,0
FW,2023-06-07 18:30:00,0
FW,2023-06-07 18:35:00,0
FW,2023-06-07 18:40:00,0
FW,2023-06-07 18:45:00,0
FW,2023-06-07 18:50:00,0
FW,2023-06-07 18:55:00,0
FW,2023-06-07 19:00:00,0
FW,2023-06-07 19:05:00,0
FW,2023-06-07 19:10:00,0
FW,2023-06-07 19:15:00,0
FW,2023-06-07 19:20:00,0
FW,2023-06-07 19:25:00,0
FW,2023-06-07 19:30:00,0
FW,2023-06-07 19:35:00,0
FW,2023-06-07 19:40:00,0
FW,2023-06-07 19:45:00,0
FW,2023-06-07 19:50:00,0
FW,2023-06-07 19:55:00,0
FW,2023-06-07 20:00:00,0
FW,2023-06-07 20:05:00,0
FW,2023-06-07 20:10:00,0
FW,2023-06-07 20:15:00,0
FW,2023-06-07 20:20:00,0
FW,2023-06-07 20:25:00,0
FW,2023-06-07 20:30:00,0
FW,2023-06-07 20:35:00,0
FW,2023-06-07 20:40:00,0
FW,2023-06-07 20:45:00,0
FW,2023-06-07 20:50:00,0
FW,2023-06-07 20:55:00,0
FW,2023-06-07 21:00:00,0
FW,2023-06-07 21:05:00,0
FW,2023-06-07 21:10:00,0
FW,2023-06-07 21:15:00,0
FW,2023-06-07 21:20:00,0.571
FW,2023-06-07 21:25:00,3.329
FW,2023-06-07 21:30:00,4.036
FW,2023-06-07 21:35:00,3.326
FW,2023-06-07 21:40:00,2.151
FW,2023-06-07 21:45:00,1.934
FW,2023-06-07 21:50:00,3.284
FW,2023-06-07 21:55:00,7.622
FW,2023-06-07 22:00:00,27.036
FW,2023-06-07 22:05:00,41.846
FW,2023-06-07 22:10:00,90.383
FW,2023-06-07 22:15:00,90.456
FW,2023-06-07 22:20:00,90.452
FW,2023-06-07 22:25:00,90.403
FW,2023-06-07 22:30:00,90.436
FW,2023-06-07 22:35:00,90.543
FW,2023-06-07 22:40:00,90.526
FW,2023-06-07 22:45:00,90.277
FW,2023-06-07 22:50:00,90.368
FW,2023-06-07 22:55:00,90.367
FW,2023-06-07 23:00:00,90.441
FW,2023-06-07 23:05:00,90.365
FW,2023-06-07 23:10:00,90.382
FW,2023-06-07 23:15:00,90.419
FW,2023-06-07 23:20:00,90.381
FW,2023-06-07 23:25:00,90.384
FW,2023-06-07 23:30:00,90.338
FW,2023-06-07 23:35:00,90.34
FW,2023-06-07 23:40:00,90.356
FW,2023-06-07 23:45:00,90.338
FW,2023-06-07 23:50:00,90.279
FW,2023-06-07 23:55:00,90.322
FW,2023-06-08 00:00:00,90.304
FW,2023-06-08 00:05:00,90.345
FW,2023-06-08 00:10:00,90.315
FW,2023-06-08 00:15:00,90.287
FW,2023-06-08 00:20:00,90.333
FW,2023-06-08 00:25:00,90.279
FW,2023-06-08 00:30:00,90.256
FW,2023-06-08 00:35:00,90.222
FW,2023-06-08 00:40:00,90.305
FW,2023-06-08 00:45:00,90.264
FW,2023-06-08 00:50:00,90.174
FW,2023-06-08 00:55:00,90.239
FW,2023-06-08 01:00:00,90.217
FW,2023-06-08 01:05:00,90.269
FW,2023-06-08 01:10:00,90.208
FW,2023-06-08 01:15:00,90.252
FW,2023-06-08 01:20:00,90.299
FW,2023-06-08 01:25:00,90.226
FW,2023-06-08 01:30:00,90.258
FW,2023-06-08 01:35:00,90.308
FW,2023-06-08 01:40:00,90.251
FW,2023-06-08 01:45:00,90.238
FW,2023-06-08 01:50:00,90.357
FW,2023-06-08 01:55:00,90.28
FW,2023-06-08 02:00:00,90.322
FW,2023-06-08 02:05:00,90.063
FW,2023-06-08 02:10:00,89.857
FW,2023-06-08 02:15:00,89.914
FW,2023-06-08 02:20:00,89.833
FW,2023-06-08 02:25:00,89.819
FW,2023-06-08 02:30:00,89.985
FW,2023-06-08 02:35:00,89.938
FW,2023-06-08 02:40:00,90.059
FW,2023-06-08 02:45:00,90.057
FW,2023-06-08 02:50:00,90.027
FW,2023-06-08 02:55:00,90.078
FW,2023-06-08 03:00:00,90.182
FW,2023-06-08 03:05:00,90.068
FW,2023-06-08 03:10:00,90.152
FW,2023-06-08 03:15:00,90.081
FW,2023-06-08 03:20:00,89.99
FW,2023-06-08 03:25:00,89.836
FW,2023-06-08 03:30:00,89.777
FW,2023-06-08 03:35:00,89.784
FW,2023-06-08 03:40:00,89.696
FW,2023-06-08 03:45:00,89.719
FW,2023-06-08 03:50:00,89.599
FW,2023-06-08 03:55:00,89.573
FW,2023-06-08 04:00:00,89.672
FW,2023-06-08 04:05:00,89.631
FW,2023-06-08 04:10:00,89.565
FW,2023-06-08 04:15:00,89.486
FW,2023-06-08 04:20:00,89.568
FW,2023-06-08 04:25:00,89.636
FW,2023-06-08 04:30:00,89.613
FW,2023-06-08 04:35:00,89.565
FW,2023-06-08 04:40:00,89.46
FW,2023-06-08 04:45:00,89.487
FW,2023-06-08 04:50:00,89.408
FW,2023-06-08 04:55:00,89.39
FW,2023-06-08 05:00:00,89.396
FW,2023-06-08 05:05:00,89.327
FW,2023-06-08 05:10:00,89.421
FW,2023-06-08 05:15:00,89.332
FW,2023-06-08 05:20:00,89.384
FW,2023-06-08 05:25:00,89.338
FW,2023-06-08 05:30:00,89.368
FW,2023-06-08 05:35:00,89.424
FW,2023-06-08 05:40:00,89.404
FW,2023-06-08 05:45:00,89.434
FW,2023-06-08 05:50:00,89.484
FW,2023-06-08 05:55:00,89.469
FW,2023-06-08 06:00:00,89.465
FW,2023-06-08 06:05:00,89.338
FW,2023-06-08 06:10:00,89.38
FW,2023-06-08 06:15:00,89.47
FW,2023-06-08 06:20:00,89.396
FW,2023-06-08 06:25:00,89.534
FW,2023-06-08 06:30:00,89.507
FW,2023-06-08 06:35:00,89.472
FW,2023-06-08 06:40:00,89.473
FW,2023-06-08 06:45:00,89.511
FW,2023-06-08 06:50:00,89.57
FW,2023-06-08 06:55:00,89.512
FW,2023-06-08 07:00:00,89.415
FW,2023-06-08 07:05:00,89.426
FW,2023-06-08 07:10:00,89.476
FW,2023-06-08 07:15:00,89.456
FW,2023-06-08 07:20:00,89.488
FW,2023-06-08 07:25:00,89.423
FW,2023-06-08 07:30:00,89.32
FW,2023-06-08 07:35:00,89.469
FW,2023-06-08 07:40:00,89.459
FW,2023-06-08 07:45:00,89.474
FW,2023-06-08 07:50:00,89.41
FW,2023-06-08 07:55:00,89.487
FW,2023-06-08 08:00:00,89.433
FW,2023-06-08 08:05:00,89.432
FW,2023-06-08 08:15:00,89.472
FW,2023-06-08 08:20:00,89.521
FW,2023-06-08 08:25:00,89.601
FW,2023-06-08 08:30:00,89.571
FW,2023-06-08 08:35:00,89.573
FW,2023-06-08 08:40:00,89.497
FW,2023-06-08 08:45:00,89.627
FW,2023-06-08 08:50:00,89.679
FW,2023-06-08 08:55:00,89.601
FW,2023-06-08 09:00:00,89.648
FW,2023-06-08 09:05:00,89.664
FW,2023-06-08 09:10:00,89.643
FW,2023-06-08 09:15:00,89.665
FW,2023-06-08 09:20:00,89.654
FW,2023-06-08 09:25:00,89.609
FW,2023-06-08 09:30:00,89.554
FW,2023-06-08 09:35:00,89.613
FW,2023-06-08 09:40:00,89.64
FW,2023-06-08 09:45:00,89.632
FW,2023-06-08 09:50:00,89.759
FW,2023-06-08 09:55:00,89.742
FW,2023-06-08 10:00:00,89.784
FW,2023-06-08 10:05:00,89.764
FW,2023-06-08 10:10:00,89.705
FW,2023-06-08 10:15:00,89.8
FW,2023-06-08 10:20:00,89.829
FW,2023-06-08 10:25:00,89.85
FW,2023-06-08 10:30:00,89.835
FW,2023-06-08 10:35:00,89.792
FW,2023-06-08 10:40:00,89.787
FW,2023-06-08 10:45:00,89.747
FW,2023-06-08 10:50:00,89.763
FW,2023-06-08 10:55:00,89.76
FW,2023-06-08 11:00:00,89.852
FW,2023-06-08 11:05:00,89.827
FW,2023-06-08 11:10:00,89.842
FW,2023-06-08 11:15:00,89.779
FW,2023-06-08 11:20:00,89.735
FW,2023-06-08 11:25:00,89.751
FW,2023-06-08 11:30:00,89.74
FW,2023-06-08 11:35:00,89.833
FW,2023-06-08 11:40:00,89.789
FW,2023-06-08 11:45:00,89.7
FW,2023-06-08 11:50:00,89.732
FW,2023-06-08 11:55:00,89.77
FW,2023-06-08 12:00:00,89.755
FW,2023-06-08 12:05:00,89.781
FW,2023-06-08 12:10:00,89.726
FW,2023-06-08 12:15:00,89.663
FW,2023-06-08 12:20:00,89.735
FW,2023-06-08 12:25:00,89.659
FW,2023-06-08 12:30:00,89.665
FW,2023-06-08 12:35:00,89.584
FW,2023-06-08 12:40:00,89.572
FW,2023-06-08 12:45:00,89.565
FW,2023-06-08 12:50:00,89.55
FW,2023-06-08 12:55:00,89.579
FW,2023-06-08 13:00:00,89.671
FW,2023-06-08 13:05:00,89.59
FW,2023-06-08 13:10:00,89.656
FW,2023-06-08 13:15:00,89.568
FW,2023-06-08 13:20:00,89.588
FW,2023-06-08 13:25:00,89.579
FW,2023-06-08 13:30:00,89.644
FW,2023-06-08 13:35:00,89.674
FW,2023-06-08 13:40:00,89.695
FW,2023-06-08 13:45:00,89.67
FW,2023-06-08 13:50:00,89.725
FW,2023-06-08 13:55:00,89.701
FW,2023-06-08 14:00:00,89.681
FW,2023-06-08 14:05:00,89.668
FW,2023-06-08 14:10:00,89.759
FW,2023-06-08 14:15:00,89.734
FW,2023-06-08 14:20:00,89.741
FW,2023-06-08 14:25:00,89.828
FW,2023-06-08 14:30:00,89.783
FW,2023-06-08 14:35:00,89.801
FW,2023-06-08 14:40:00,89.837
FW,2023-06-08 14:45:00,89.797
FW,2023-06-08 14:50:00,89.714
FW,2023-06-08 14:55:00,89.767
FW,2023-06-08 15:00:00,89.706
FW,2023-06-08 15:05:00,89.789
FW,2023-06-08 15:10:00,89.82
FW,2023-06-08 15:15:00,89.776
FW,2023-06-08 15:20:00,89.79
FW,2023-06-08 15:25:00,89.729
FW,2023-06-08 15:30:00,89.813
FW,2023-06-08 15:35:00,89.75
FW,2023-06-08 15:40:00,89.807
FW,2023-06-08 15:45:00,89.836
FW,2023-06-08 15:50:00,89.705
FW,2023-06-08 15:55:00,89.682
FW,2023-06-08 16:00:00,89.693
FW,2023-06-08 16:05:00,89.703
FW,2023-06-08 16:10:00,89.737
FW,2023-06-08 16:15:00,89.769
FW,2023-06-08 16:20:00,89.781
FW,2023-06-08 16:25:00,89.721
FW,2023-06-08 16:30:00,89.714
FW,2023-06-08 16:35:00,89.744
FW,2023-06-08 16:40:00,89.704
FW,2023-06-08 16:45:00,89.764
FW,2023-06-08 16:50:00,89.726
FW,2023-06-08 16:55:00,89.714
FW,2023-06-08 17:00:00,89.735
FW,2023-06-08 17:05:00,89.656
FW,2023-06-08 17:10:00,89.611
FW,2023-06-08 17:15:00,89.622
FW,2023-06-08 17:20:00,89.606
FW,2023-06-08 17:25:00,89.529
FW,2023-06-08 17:30:00,89.544
FW,2023-06-08 17:35:00,89.555
FW,2023-06-08 17:40:00,89.57
FW,2023-06-08 17:45:00,89.52
FW,2023-06-08 17:50:00,89.504
FW,2023-06-08 17:55:00,89.588
FW,2023-06-08 18:00:00,89.502
FW,2023-06-08 18:05:00,89.573
FW,2023-06-08 18:10:00,89.488
FW,2023-06-08 18:15:00,89.45
FW,2023-06-08 18:20:00,89.526
FW,2023-06-08 18:25:00,89.593
FW,2023-06-08 18:30:00,89.509
FW,2023-06-08 18:35:00,89.506
FW,2023-06-08 18:40:00,89.539
FW,2023-06-08 18:45:00,89.396
FW,2023-06-08 18:50:00,89.425
FW,2023-06-08 18:55:00,89.471
FW,2023-06-08 19:00:00,89.516
FW,2023-06-08 19:05:00,89.437
FW,2023-06-08 19:10:00,89.52
FW,2023-06-08 19:15:00,89.54
FW,2023-06-08 19:20:00,89.52
FW,2023-06-08 19:25:00,89.516
FW,2023-06-08 19:30:00,89.527
FW,2023-06-08 19:35:00,89.424
FW,2023-06-08 19:40:00,89.505
FW,2023-06-08 19:45:00,89.546
FW,2023-06-08 19:50:00,89.43
FW,2023-06-08 19:55:00,89.428
FW,2023-06-08 20:00:00,89.53
FW,2023-06-08 20:05:00,89.596
FW,2023-06-08 20:10:00,89.612
FW,2023-06-08 20:15:00,89.568
FW,2023-06-08 20:20:00,89.636
FW,2023-06-08 20:25:00,89.643
FW,2023-06-08 20:30:00,89.576
FW,2023-06-08 20:35:00,89.703
FW,2023-06-08 20:40:00,89.647
FW,2023-06-08 20:45:00,89.666
FW,2023-06-08 20:50:00,89.669
FW,2023-06-08 20:55:00,89.637
FW,2023-06-08 21:00:00,89.587
FW,2023-06-08 21:05:00,89.566
FW,2023-06-08 21:10:00,89.563
FW,2023-06-08 21:15:00,89.629
FW,2023-06-08 21:20:00,89.64
FW,2023-06-08 21:25:00,89.612
FW,2023-06-08 21:30:00,89.618
FW,2023-06-08 21:35:00,89.614
FW,2023-06-08 21:40:00,89.531
FW,2023-06-08 21:45:00,89.653
FW,2023-06-08 21:50:00,89.596
FW,2023-06-08 21:55:00,89.624
FW,2023-06-08 22:00:00,89.567
FW,2023-06-08 22:05:00,89.646
FW,2023-06-08 22:10:00,89.649
FW,2023-06-08 22:15:00,89.648
FW,2023-06-08 22:20:00,89.594
FW,2023-06-08 22:25:00,89.567
FW,2023-06-08 22:30:00,89.599
FW,2023-06-08 22:35:00,89.607
FW,2023-06-08 22:40:00,89.621
FW,2023-06-08 22:45:00,89.719
FW,2023-06-08 22:50:00,89.444
FW,2023-06-08 22:55:00,89.535
FW,2023-06-08 23:00:00,89.463
FW,2023-06-08 23:05:00,89.364
FW,2023-06-08 23:10:00,89.373
FW,2023-06-08 23:15:00,89.471
FW,2023-06-08 23:20:00,89.45
FW,2023-06-08 23:25:00,89.517
FW,2023-06-08 23:30:00,89.527
FW,2023-06-08 23:35:00,89.572
FW,2023-06-08 23:40:00,89.559
FW,2023-06-08 23:45:00,89.58
FW,2023-06-08 23:50:00,89.61
FW,2023-06-08 23:55:00,89.656
FW,2023-06-09 00:00:00,89.762
FW,2023-06-09 00:05:00,89.664
FW,2023-06-09 00:10:00,89.626
FW,2023-06-09 00:15:00,89.709
FW,2023-06-09 00:20:00,89.618
FW,2023-06-09 00:25:00,89.613
FW,2023-06-09 00:30:00,89.624
FW,2023-06-09 00:35:00,89.663
FW,2023-06-09 00:40:00,89.638
FW,2023-06-09 00:45:00,89.631
FW,2023-06-09 00:50:00,89.755
FW,2023-06-09 00:55:00,89.599
FW,2023-06-09 01:00:00,89.633
FW,2023-06-09 01:05:00,89.561
FW,2023-06-09 01:10:00,89.611
FW,2023-06-09 01:15:00,89.735
FW,2023-06-09 01:20:00,89.65
FW,2023-06-09 01:25:00,89.617
FW,2023-06-09 01:30:00,89.657
FW,2023-06-09 01:35:00,89.716
FW,2023-06-09 01:40:00,89.662
FW,2023-06-09 01:45:00,89.753
FW,2023-06-09 01:50:00,89.646
FW,2023-06-09 01:55:00,89.685
FW,2023-06-09 02:00:00,89.637
FW,2023-06-09 02:05:00,89.692
FW,2023-06-09 02:10:00,89.659
FW,2023-06-09 02:15:00,89.66
FW,2023-06-09 02:20:00,89.674
FW,2023-06-09 02:25:00,89.675
FW,2023-06-09 02:30:00,89.568
FW,2023-06-09 02:35:00,89.626
FW,2023-06-09 02:40:00,89.568
FW,2023-06-09 02:45:00,89.589
FW,2023-06-09 02:50:00,89.56
FW,2023-06-09 02:55:00,89.57
FW,2023-06-09 03:00:00,89.643
FW,2023-06-09 03:05:00,89.567
FW,2023-06-09 03:10:00,89.584
FW,2023-06-09 03:15:00,89.583
FW,2023-06-09 03:20:00,89.616
FW,2023-06-09 03:25:00,89.571
FW,2023-06-09 03:30:00,89.597
FW,2023-06-09 03:35:00,89.598
FW,2023-06-09 03:40:00,89.611
FW,2023-06-09 03:45:00,89.632
FW,2023-06-09 03:50:00,89.627
FW,2023-06-09 03:55:00,89.72
FW,2023-06-09 04:00:00,89.594
FW,2023-06-09 04:05:00,89.65
FW,2023-06-09 04:10:00,89.598
FW,2023-06-09 04:15:00,89.665
FW,2023-06-09 04:20:00,89.607
FW,2023-06-09 04:25:00,89.548
FW,2023-06-09 04:30:00,89.448
FW,2023-06-09 04:35:00,89.416
FW,2023-06-09 04:40:00,89.434
FW,2023-06-09 04:45:00,89.304
FW,2023-06-09 04:50:00,89.304
FW,2023-06-09 04:55:00,89.308
FW,2023-06-09 05:00:00,89.269
FW,2023-06-09 05:05:00,89.3
FW,2023-06-09 05:10:00,89.341
FW,2023-06-09 05:15:00,89.281
FW,2023-06-09 05:20:00,89.331
FW,2023-06-09 05:25:00,89.313
FW,2023-06-09 05:30:00,89.236
FW,2023-06-09 05:35:00,89.184
FW,2023-06-09 05:40:00,89.164
FW,2023-06-09 05:45:00,89.076
FW,2023-06-09 05:50:00,89.055
FW,2023-06-09 05:55:00,89.004
FW,2023-06-09 06:00:00,89.028
FW,2023-06-09 06:05:00,89.024
FW,2023-06-09 06:10:00,89.024
FW,2023-06-09 06:15:00,88.92
FW,2023-06-09 06:20:00,88.97
FW,2023-06-09 06:25:00,88.903
FW,2023-06-09 06:30:00,88.956
FW,2023-06-09 06:35:00,88.976
FW,2023-06-09 06:40:00,88.952
FW,2023-06-09 06:45:00,88.958
FW,2023-06-09 06:50:00,88.891
FW,2023-06-09 06:55:00,88.932
FW,2023-06-09 07:00:00,88.907
FW,2023-06-09 07:05:00,88.895
FW,2023-06-09 07:10:00,89.02
FW,2023-06-09 07:15:00,88.941
FW,2023-06-09 07:20:00,88.91
FW,2023-06-09 07:25:00,88.849
FW,2023-06-09 07:30:00,88.943
FW,2023-06-09 07:35:00,88.947
FW,2023-06-09 07:40:00,89.049
FW,2023-06-09 07:45:00,89.004
FW,2023-06-09 07:50:00,89.102
FW,2023-06-09 07:55:00,89.1
FW,2023-06-09 08:00:00,89.04
FW,2023-06-09 08:05:00,89.038
FW,2023-06-09 08:10:00,89.021
FW,2023-06-09 08:15:00,89.116
FW,2023-06-09 08:20:00,89.01
FW,2023-06-09 08:25:00,89.038
FW,2023-06-09 08:30:00,89.02
FW,2023-06-09 08:35:00,89.056
FW,2023-06-09 08:40:00,89.032
FW,2023-06-09 08:45:00,89.018
FW,2023-06-09 08:50:00,89.079
FW,2023-06-09 08:55:00,88.964
FW,2023-06-09 09:00:00,89.096
FW,2023-06-09 09:05:00,89.073
FW,2023-06-09 09:10:00,89.037
FW,2023-06-09 09:15:00,89.038
FW,2023-06-09 09:20:00,89.148
FW,2023-06-09 09:25:00,89.079
FW,2023-06-09 09:30:00,89.012
FW,2023-06-09 09:35:00,89.127
FW,2023-06-09 09:40:00,89.138
FW,2023-06-09 09:45:00,89.065
FW,2023-06-09 09:50:00,89.098
FW,2023-06-09 09:55:00,89.146
FW,2023-06-09 10:00:00,89.15
FW,2023-06-09 10:05:00,89.136
FW,2023-06-09 10:10:00,89.117
FW,2023-06-09 10:15:00,89.182
FW,2023-06-09 10:20:00,89.118
FW,2023-06-09 10:25:00,89.086
FW,2023-06-09 10:30:00,89.11
FW,2023-06-09 10:35:00,89.184
FW,2023-06-09 10:40:00,89.121
FW,2023-06-09 10:45:00,89.188
FW,2023-06-09 10:50:00,89.089
FW,2023-06-09 10:55:00,89.04
FW,2023-06-09 11:00:00,89.114
FW,2023-06-09 11:05:00,89.216
FW,2023-06-09 11:10:00,89.206
FW,2023-06-09 11:15:00,89.14
FW,2023-06-09 11:20:00,89.248
FW,2023-06-09 11:25:00,89.16
FW,2023-06-09 11:30:00,89.19
FW,2023-06-09 11:35:00,89.197
FW,2023-06-09 11:40:00,89.098
FW,2023-06-09 11:45:00,89.128
FW,2023-06-09 11:50:00,89.153
FW,2023-06-09 11:55:00,89.171
FW,2023-06-09 12:00:00,89.215
FW,2023-06-09 12:05:00,89.148
FW,2023-06-09 12:10:00,89.173
FW,2023-06-09 12:15:00,89.115
FW,2023-06-09 12:20:00,89.164
FW,2023-06-09 12:25:00,89.196
FW,2023-06-09 12:30:00,89.184
FW,2023-06-09 12:35:00,89.164
FW,2023-06-09 12:40:00,89.138
FW,2023-06-09 12:45:00,89.124
FW,2023-06-09 12:50:00,89.09
FW,2023-06-09 12:55:00,89.169
FW,2023-06-09 13:00:00,89.106
FW,2023-06-09 13:05:00,89.125
FW,2023-06-09 13:10:00,89.106
FW,2023-06-09 13:15:00,89.116
FW,2023-06-09 13:20:00,89.22
FW,2023-06-09 13:25:00,89.1
FW,2023-06-09 13:30:00,89.293
FW,2023-06-09 13:35:00,89.236
FW,2023-06-09 13:40:00,89.205
FW,2023-06-09 13:45:00,89.233
FW,2023-06-09 13:50:00,89.231
FW,2023-06-09 13:55:00,89.208
FW,2023-06-09 14:00:00,89.18
FW,2023-06-09 14:05:00,89.302
FW,2023-06-09 14:10:00,89.296
FW,2023-06-09 14:15:00,89.281
FW,2023-06-09 14:20:00,89.242
FW,2023-06-09 14:25:00,89.201
FW,2023-06-09 14:30:00,89.145
FW,2023-06-09 14:35:00,89.271
FW,2023-06-09 14:40:00,89.218
FW,2023-06-09 14:45:00,89.207
FW,2023-06-09 14:50:00,89.285
FW,2023-06-09 14:55:00,89.238
FW,2023-06-09 15:00:00,89.315
FW,2023-06-09 15:05:00,89.301
FW,2023-06-09 15:10:00,89.173
FW,2023-06-09 15:15:00,89.228
FW,2023-06-09 15:20:00,89.34
FW,2023-06-09 15:25:00,89.226
FW,2023-06-09 15:30:00,89.282
SW,2023-06-04 18:05:00,83.29
SW,2023-06-04 18:10:00,83.323
SW,2023-06-04 18:15:00,83.318
SW,2023-06-04 18:20:00,83.277
SW,2023-06-04 18:25:00,83.244
SW,2023-06-04 18:30:00,83.279
SW,2023-06-04 18:35:00,83.253
SW,2023-06-04 18:40:00,83.262
SW,2023-06-04 18:45:00,83.2
SW,2023-06-04 18:50:00,83.222
SW,2023-06-04 18:55:00,83.262
SW,2023-06-04 19:00:00,83.227
SW,2023-06-04 19:05:00,83.185
SW,2023-06-04 19:10:00,83.163
SW,2023-06-04 19:15:00,83.155
SW,2023-06-04 19:20:00,83.216
SW,2023-06-04 19:25:00,83.206
SW,2023-06-04 19:30:00,83.219
SW,2023-06-04 19:35:00,83.215
SW,2023-06-04 19:40:00,83.196
SW,2023-06-04 19:45:00,83.178
SW,2023-06-04 19:50:00,83.182
SW,2023-06-04 19:55:00,83.15
SW,2023-06-04 20:00:00,83.177
SW,2023-06-04 20:05:00,83.201
SW,2023-06-04 20:10:00,83.151
SW,2023-06-04 20:15:00,83.173
SW,2023-06-04 20:20:00,83.195
SW,2023-06-04 20:25:00,83.155
SW,2023-06-04 20:30:00,83.105
SW,2023-06-04 20:35:00,83.238
SW,2023-06-04 20:40:00,83.115
SW,2023-06-04 20:45:00,83.08
SW,2023-06-04 20:50:00,83.164
SW,2023-06-04 20:55:00,83.152
SW,2023-06-04 21:00:00,83.068
SW,2023-06-04 21:05:00,83.133
SW,2023-06-04 21:10:00,83.07
SW,2023-06-04 21:15:00,83.094
SW,2023-06-04 21:20:00,83.117
SW,2023-06-04 21:25:00,83.098
SW,2023-06-04 21:30:00,83.07
SW,2023-06-04 21:35:00,83.06
SW,2023-06-04 21:40:00,83.063
SW,2023-06-04 21:45:00,82.968
SW,2023-06-04 21:50:00,82.98
SW,2023-06-04 21:55:00,83.045
SW,2023-06-04 22:00:00,82.965
SW,2023-06-04 22:05:00,82.976
SW,2023-06-04 22:10:00,83.008
SW,2023-06-04 22:15:00,82.96
SW,2023-06-04 22:20:00,82.959
SW,2023-06-04 22:25:00,83.009
SW,2023-06-04 22:30:00,82.942
SW,2023-06-04 22:35:00,82.899
SW,2023-06-04 22:40:00,83.011
SW,2023-06-04 22:45:00,82.96
SW,2023-06-04 22:50:00,82.988
SW,2023-06-04 22:55:00,83.016
SW,2023-06-04 23:00:00,83.127
SW,2023-06-04 23:05:00,82.809
SW,2023-06-04 23:10:00,83.157
SW,2023-06-04 23:15:00,83.062
SW,2023-06-04 23:20:00,82.941
SW,2023-06-04 23:25:00,82.97
SW,2023-06-04 23:30:00,82.865
SW,2023-06-04 23:35:00,82.935
SW,2023-06-04 23:40:00,82.868
SW,2023-06-04 23:45:00,82.909
SW,2023-06-04 23:50:00,82.942
SW,2023-06-04 23:55:00,82.938
SW,2023-06-05 00:00:00,82.948
SW,2023-06-05 00:05:00,82.957
SW,2023-06-05 00:10:00,82.903
SW,2023-06-05 00:15:00,82.827
SW,2023-06-05 00:20:00,82.847
SW,2023-06-05 00:25:00,82.865
SW,2023-06-05 00:30:00,82.978
SW,2023-06-05 00:35:00,82.974
SW,2023-06-05 00:40:00,82.881
SW,2023-06-05 00:45:00,82.968
SW,2023-06-05 00:50:00,82.831
SW,2023-06-05 00:55:00,82.887
SW,2023-06-05 01:00:00,82.898
SW,2023-06-05 01:05:00,82.944
SW,2023-06-05 01:10:00,82.962
SW,2023-06-05 01:15:00,82.981
SW,2023-06-05 01:20:00,82.936
SW,2023-06-05 01:25:00,82.926
SW,2023-06-05 01:30:00,82.892
SW,2023-06-05 01:35:00,82.835
SW,2023-06-05 01:40:00,82.869
SW,2023-06-05 01:45:00,82.909
SW,2023-06-05 01:50:00,82.922
SW,2023-06-05 01:55:00,82.923
SW,2023-06-05 02:00:00,82.848
SW,2023-06-05 02:05:00,82.918
SW,2023-06-05 02:10:00,82.818
SW,2023-06-05 02:15:00,82.873
SW,2023-06-05 02:20:00,82.926
SW,2023-06-05 02:25:00,82.945
SW,2023-06-05 02:30:00,82.914
SW,2023-06-05 02:35:00,82.956
SW,2023-06-05 02:40:00,82.963
SW,2023-06-05 02:45:00,82.956
SW,2023-06-05 02:50:00,82.932
SW,2023-06-05 02:55:00,82.871
SW,2023-06-05 03:00:00,82.85
SW,2023-06-05 03:05:00,82.911
SW,2023-06-05 03:10:00,82.94
SW,2023-06-05 03:15:00,82.892
SW,2023-06-05 03:20:00,82.855
SW,2023-06-05 03:25:00,82.889
SW,2023-06-05 03:30:00,82.904
SW,2023-06-05 03:35:00,82.945
SW,2023-06-05 03:40:00,82.934
SW,2023-06-05 03:45:00,82.884
SW,2023-06-05 03:50:00,82.913
SW,2023-06-05 03:55:00,82.921
SW,2023-06-05 04:00:00,82.986
SW,2023-06-05 04:05:00,82.885
SW,2023-06-05 04:10:00,82.919
SW,2023-06-05 04:15:00,82.941
SW,2023-06-05 04:20:00,82.946
SW,2023-06-05 04:25:00,83.026
SW,2023-06-05 04:30:00,83.023
SW,2023-06-05 04:35:00,83.052
SW,2023-06-05 04:40:00,83.048
SW,2023-06-05 04:45:00,83.046
SW,2023-06-05 04:50:00,83.104
SW,2023-06-05 04:55:00,83.034
SW,2023-06-05 05:00:00,82.984
SW,2023-06-05 05:05:00,83.112
SW,2023-06-05 05:10:00,83.141
SW,2023-06-05 05:15:00,83.092
SW,2023-06-05 05:20:00,83.148
SW,2023-06-05 05:25:00,83.101
SW,2023-06-05 05:30:00,83.108
SW,2023-06-05 05:35:00,83.174
SW,2023-06-05 05:40:00,83.091
SW,2023-06-05 05:45:00,83.111
SW,2023-06-05 05:50:00,83.124
SW,2023-06-05 05:55:00,83.089
SW,2023-06-05 06:00:00,83.127
SW,2023-06-05 06:05:00,83.099
SW,2023-06-05 06:10:00,83.08
SW,2023-06-05 06:15:00,83.081
SW,2023-06-05 06:20:00,83.132
SW,2023-06-05 06:25:00,83.17
SW,2023-06-05 06:30:00,83.106
SW,2023-06-05 06:35:00,83.113
SW,2023-06-05 06:40:00,83.116
SW,2023-06-05 06:45:00,83.067
SW,2023-06-05 06:50:00,83.092
SW,2023-06-05 06:55:00,83.146
SW,2023-06-05 07:00:00,83.16
SW,2023-06-05 07:05:00,83.128
SW,2023-06-05 07:10:00,83.057
SW,2023-06-05 07:15:00,83.15
SW,2023-06-05 07:20:00,83.087
SW,2023-06-05 07:25:00,83.168
SW,2023-06-05 07:30:00,83.11
SW,2023-06-05 07:35:00,83.084
SW,2023-06-05 07:40:00,83.187
SW,2023-06-05 07:45:00,83.14
SW,2023-06-05 07:50:00,83.13
SW,2023-06-05 07:55:00,83.15
SW,2023-06-05 08:00:00,83.115
SW,2023-06-05 08:05:00,83.121
SW,2023-06-05 08:10:00,83.203
SW,2023-06-05 08:15:00,83.1
SW,2023-06-05 08:20:00,83.002
SW,2023-06-05 08:25:00,83.116
SW,2023-06-05 08:30:00,83.098
SW,2023-06-05 08:35:00,83.137
SW,2023-06-05 08:40:00,83.07
SW,2023-06-05 08:45:00,83.109
SW,2023-06-05 08:50:00,83.041
SW,2023-06-05 08:55:00,83.085
SW,2023-06-05 09:00:00,83.108
SW,2023-06-05 09:05:00,83.124
SW,2023-06-05 09:10:00,83.124
SW,2023-06-05 09:15:00,83.113
SW,2023-06-05 09:20:00,83.057
SW,2023-06-05 09:25:00,83.164
SW,2023-06-05 09:30:00,83.138
SW,2023-06-05 09:35:00,83.09
SW,2023-06-05 09:40:00,83.176
SW,2023-06-05 09:45:00,83.073
SW,2023-06-05 09:50:00,83.248
SW,2023-06-05 09:55:00,83.175
SW,2023-06-05 10:00:00,83.209
SW,2023-06-05 10:05:00,83.166
SW,2023-06-05 10:10:00,83.212
SW,2023-06-05 10:15:00,83.277
SW,2023-06-05 10:20:00,83.341
SW,2023-06-05 10:25:00,83.317
SW,2023-06-05 10:30:00,83.251
SW,2023-06-05 10:35:00,83.265
SW,2023-06-05 10:40:00,83.218
SW,2023-06-05 10:45:00,83.216
SW,2023-06-05 10:50:00,83.262
SW,2023-06-05 10:55:00,83.282
SW,2023-06-05 11:00:00,83.247
SW,2023-06-05 11:05:00,83.283
SW,2023-06-05 11:10:00,83.322
SW,2023-06-05 11:15:00,83.317
SW,2023-06-05 11:20:00,83.262
SW,2023-06-05 11:25:00,83.185
SW,2023-06-05 11:30:00,83.181
SW,2023-06-05 11:35:00,83.264
SW,2023-06-05 11:40:00,83.24
SW,2023-06-05 11:45:00,83.344
SW,2023-06-05 11:50:00,83.344
SW,2023-06-05 11:55:00,83.399
SW,2023-06-05 12:00:00,83.367
SW,2023-06-05 12:05:00,83.359
SW,2023-06-05 12:10:00,83.344
SW,2023-06-05 12:15:00,83.529
SW,2023-06-05 12:20:00,83.407
SW,2023-06-05 12:25:00,83.457
SW,2023-06-05 12:30:00,83.378
SW,2023-06-05 12:35:00,83.415
SW,2023-06-05 12:40:00,83.51
SW,2023-06-05 12:45:00,83.466
SW,2023-06-05 12:50:00,83.495
SW,2023-06-05 12:55:00,83.537
SW,2023-06-05 13:00:00,83.541
SW,2023-06-05 13:05:00,83.527
SW,2023-06-05 13:10:00,83.591
SW,2023-06-05 13:15:00,83.49
SW,2023-06-05 13:20:00,83.542
SW,2023-06-05 13:25:00,83.556
SW,2023-06-05 13:30:00,83.535
SW,2023-06-05 13:35:00,83.572
SW,2023-06-05 13:40:00,83.514
SW,2023-06-05 13:45:00,83.625
SW,2023-06-05 13:50:00,83.679
SW,2023-06-05 13:55:00,83.633
SW,2023-06-05 14:00:00,83.673
SW,2023-06-05 14:05:00,83.61
SW,2023-06-05 14:10:00,83.682
SW,2023-06-05 14:15:00,83.637
SW,2023-06-05 14:20:00,83.665
SW,2023-06-05 14:25:00,83.691
SW,2023-06-05 14:30:00,83.673
SW,2023-06-05 14:35:00,83.64
SW,2023-06-05 14:40:00,83.641
SW,2023-06-05 14:45:00,83.631
SW,2023-06-05 14:50:00,83.724
SW,2023-06-05 14:55:00,83.641
SW,2023-06-05 15:00:00,83.662
SW,2023-06-05 15:05:00,83.709
SW,2023-06-05 15:10:00,83.597
SW,2023-06-05 15:15:00,83.663
SW,2023-06-05 15:20:00,83.653
SW,2023-06-05 15:25:00,83.718
SW,2023-06-05 15:30:00,83.735
SW,2023-06-05 15:35:00,83.663
SW,2023-06-05 15:40:00,83.668
SW,2023-06-05 15:45:00,83.73
SW,2023-06-05 15:50:00,83.662
SW,2023-06-05 15:55:00,83.711
SW,2023-06-05 16:00:00,83.74
SW,2023-06-05 16:05:00,83.723
SW,2023-06-05 16:10:00,83.778
SW,2023-06-05 16:15:00,83.726
SW,2023-06-05 16:20:00,83.772
SW,2023-06-05 16:25:00,83.774
SW,2023-06-05 16:30:00,83.703
SW,2023-06-05 16:35:00,83.708
SW,2023-06-05 16:40:00,83.735
SW,2023-06-05 16:45:00,83.802
SW,2023-06-05 16:50:00,83.748
SW,2023-06-05 16:55:00,83.699
SW,2023-06-05 17:00:00,83.644
SW,2023-06-05 17:05:00,83.762
SW,2023-06-05 17:10:00,83.795
SW,2023-06-05 17:15:00,83.704
SW,2023-06-05 17:20:00,83.708
SW,2023-06-05 17:25:00,83.706
SW,2023-06-05 17:30:00,83.814
SW,2023-06-05 17:35:00,83.738
SW,2023-06-05 17:40:00,83.743
SW,2023-06-05 17:45:00,83.714
SW,2023-06-05 17:50:00,83.692
SW,2023-06-05 17:55:00,83.618
SW,2023-06-05 18:00:00,83.735
SW,2023-06-05 18:05:00,83.745
SW,2023-06-05 18:10:00,83.661
SW,2023-06-05 18:15:00,83.651
SW,2023-06-05 18:20:00,83.694
SW,2023-06-05 18:25:00,83.671
SW,2023-06-05 18:30:00,83.633
SW,2023-06-05 18:35:00,83.612
SW,2023-06-05 18:40:00,83.662
SW,2023-06-05 18:45:00,83.718
SW,2023-06-05 18:50:00,83.681
SW,2023-06-05 18:55:00,83.625
SW,2023-06-05 19:00:00,83.623
SW,2023-06-05 19:05:00,83.618
SW,2023-06-05 19:10:00,83.619
SW,2023-06-05 19:15:00,83.68
SW,2023-06-05 19:20:00,83.561
SW,2023-06-05 19:25:00,83.674
SW,2023-06-05 19:30:00,83.633
SW,2023-06-05 19:35:00,83.601
SW,2023-06-05 19:40:00,83.607
SW,2023-06-05 19:45:00,83.55
SW,2023-06-05 19:50:00,83.609
SW,2023-06-05 19:55:00,83.593
SW,2023-06-05 20:00:00,83.664
SW,2023-06-05 20:05:00,83.662
SW,2023-06-05 20:10:00,83.651
SW,2023-06-05 20:15:00,83.704
SW,2023-06-05 20:20:00,83.74
SW,2023-06-05 20:25:00,83.648
SW,2023-06-05 20:30:00,83.585
SW,2023-06-05 20:35:00,83.739
SW,2023-06-05 20:40:00,83.73
SW,2023-06-05 20:45:00,83.692
SW,2023-06-05 20:50:00,83.692
SW,2023-06-05 20:55:00,83.67
SW,2023-06-05 21:00:00,83.704
SW,2023-06-05 21:05:00,83.732
SW,2023-06-05 21:10:00,83.665
SW,2023-06-05 21:15:00,83.614
SW,2023-06-05 21:20:00,83.644
SW,2023-06-05 21:25:00,83.694
SW,2023-06-05 21:30:00,83.626
SW,2023-06-05 21:35:00,83.725
SW,2023-06-05 21:40:00,83.739
SW,2023-06-05 21:45:00,83.657
SW,2023-06-05 21:50:00,83.738
SW,2023-06-05 21:55:00,83.731
SW,2023-06-05 22:00:00,83.726
SW,2023-06-05 22:05:00,83.665
SW,2023-06-05 22:10:00,83.629
SW,2023-06-05 22:15:00,83.712
SW,2023-06-05 22:20:00,83.748
SW,2023-06-05 22:25:00,83.75
SW,2023-06-05 22:30:00,83.644
SW,2023-06-05 22:35:00,83.751
SW,2023-06-05 22:40:00,83.67
SW,2023-06-05 22:45:00,83.618
SW,2023-06-05 22:50:00,83.65
SW,2023-06-05 22:55:00,83.68
SW,2023-06-05 23:00:00,83.642
SW,2023-06-05 23:05:00,83.619
SW,2023-06-05 23:10:00,83.651
SW,2023-06-05 23:15:00,83.666
SW,2023-06-05 23:20:00,83.652
SW,2023-06-05 23:25:00,83.657
SW,2023-06-05 23:30:00,83.637
SW,2023-06-05 23:35:00,83.614
SW,2023-06-05 23:40:00,83.613
SW,2023-06-05 23:45:00,83.693
SW,2023-06-05 23:50:00,83.645
SW,2023-06-05 23:55:00,83.733
SW,2023-06-06 00:00:00,83.706
SW,2023-06-06 00:05:00,83.657
SW,2023-06-06 00:10:00,83.702
SW,2023-06-06 00:15:00,83.712
SW,2023-06-06 00:20:00,83.709
SW,2023-06-06 00:25:00,83.654
SW,2023-06-06 00:30:00,83.734
SW,2023-06-06 00:35:00,83.649
SW,2023-06-06 00:40:00,83.666
SW,2023-06-06 00:45:00,83.699
SW,2023-06-06 00:50:00,83.663
SW,2023-06-06 00:55:00,83.721
SW,2023-06-06 01:00:00,83.634
SW,2023-06-06 01:05:00,83.687
SW,2023-06-06 01:10:00,83.663
SW,2023-06-06 01:15:00,83.657
SW,2023-06-06 01:20:00,83.702
SW,2023-06-06 01:25:00,83.597
SW,2023-06-06 01:30:00,83.639
SW,2023-06-06 01:35:00,83.729
SW,2023-06-06 01:40:00,83.668
SW,2023-06-06 01:45:00,83.694
SW,2023-06-06 01:50:00,83.769
SW,2023-06-06 01:55:00,83.659
SW,2023-06-06 02:00:00,83.623
SW,2023-06-06 02:05:00,83.649
SW,2023-06-06 02:10:00,83.706
SW,2023-06-06 02:15:00,83.7
SW,2023-06-06 02:20:00,83.668
SW,2023-06-06 02:25:00,83.671
SW,2023-06-06 02:30:00,83.695
SW,2023-06-06 02:35:00,83.743
SW,2023-06-06 02:40:00,83.698
SW,2023-06-06 02:45:00,83.764
SW,2023-06-06 02:50:00,83.77
SW,2023-06-06 02:55:00,83.659
SW,2023-06-06 03:00:00,83.741
SW,2023-06-06 03:05:00,83.774
SW,2023-06-06 03:10:00,83.723
SW,2023-06-06 03:15:00,83.738
SW,2023-06-06 03:20:00,83.726
SW,2023-06-06 03:25:00,83.785
SW,2023-06-06 03:30:00,83.733
SW,2023-06-06 03:35:00,83.743
SW,2023-06-06 03:40:00,83.779
SW,2023-06-06 03:45:00,83.78
SW,2023-06-06 03:50:00,83.774
SW,2023-06-06 03:55:00,83.815
SW,2023-06-06 04:00:00,83.764
SW,2023-06-06 04:05:00,83.807
SW,2023-06-06 04:10:00,83.747
SW,2023-06-06 04:15:00,83.79
SW,2023-06-06 04:20:00,83.816
SW,2023-06-06 04:25:00,83.82
SW,2023-06-06 04:30:00,83.802
SW,2023-06-06 04:35:00,83.79
SW,2023-06-06 04:40:00,83.854
SW,2023-06-06 04:45:00,83.897
SW,2023-06-06 04:50:00,83.114
SW,2023-06-06 04:55:00,82.518
SW,2023-06-06 05:00:00,82.031
SW,2023-06-06 05:05:00,81.558
SW,2023-06-06 05:10:00,81.152
SW,2023-06-06 05:15:00,80.757
SW,2023-06-06 05:20:00,80.617
SW,2023-06-06 05:25:00,80.341
SW,2023-06-06 05:30:00,80.023
SW,2023-06-06 05:35:00,79.821
SW,2023-06-06 05:40:00,79.48
SW,2023-06-06 05:45:00,79.183
SW,2023-06-06 05:50:00,78.816
SW,2023-06-06 05:55:00,78.446
SW,2023-06-06 06:00:00,78.035
SW,2023-06-06 06:05:00,77.597
SW,2023-06-06 06:10:00,77.229
SW,2023-06-06 06:15:00,76.85
SW,2023-06-06 06:20:00,76.28
SW,2023-06-06 06:25:00,75.732
SW,2023-06-06 06:30:00,75.069
SW,2023-06-06 06:35:00,74.356
SW,2023-06-06 06:40:00,73.522
SW,2023-06-06 06:45:00,72.769
SW,2023-06-06 06:50:00,71.88
SW,2023-06-06 06:55:00,71.107
SW,2023-06-06 07:00:00,70.308
SW,2023-06-06 07:05:00,69.312
SW,2023-06-06 07:10:00,68.473
SW,2023-06-06 07:15:00,67.525
SW,2023-06-06 07:20:00,67.354
SW,2023-06-06 07:25:00,67.392
SW,2023-06-06 07:30:00,66.856
SW,2023-06-06 07:35:00,66.176
SW,2023-06-06 07:40:00,66.077
SW,2023-06-06 07:45:00,66.458
SW,2023-06-06 07:50:00,66.799
SW,2023-06-06 07:55:00,67.163
SW,2023-06-06 08:00:00,67.514
SW,2023-06-06 08:05:00,67.851
SW,2023-06-06 08:10:00,67.726
SW,2023-06-06 08:15:00,67.411
SW,2023-06-06 08:20:00,67.043
SW,2023-06-06 08:25:00,67.212
SW,2023-06-06 08:30:00,67.038
SW,2023-06-06 08:35:00,69.703
SW,2023-06-06 08:40:00,74.286
SW,2023-06-06 08:45:00,71.919
SW,2023-06-06 08:50:00,70.6
SW,2023-06-06 08:55:00,69.795
SW,2023-06-06 09:00:00,69.187
SW,2023-06-06 09:05:00,68.868
SW,2023-06-06 09:10:00,68.108
SW,2023-06-06 09:15:00,67.725
SW,2023-06-06 09:20:00,67.228
SW,2023-06-06 09:25:00,66.745
SW,2023-06-06 09:30:00,66.321
SW,2023-06-06 09:35:00,66.214
SW,2023-06-06 09:40:00,65.939
SW,2023-06-06 09:45:00,65.499
SW,2023-06-06 09:50:00,65.058
SW,2023-06-06 09:55:00,64.773
SW,2023-06-06 10:00:00,64.29
SW,2023-06-06 10:05:00,64.196
SW,2023-06-06 10:10:00,64.146
SW,2023-06-06 10:15:00,64.27
SW,2023-06-06 10:20:00,65.083
SW,2023-06-06 10:25:00,65.882
SW,2023-06-06 10:30:00,65.673
SW,2023-06-06 10:35:00,65.48
SW,2023-06-06 10:40:00,65.182
SW,2023-06-06 10:45:00,65.167
SW,2023-06-06 10:50:00,64.98
SW,2023-06-06 10:55:00,64.649
SW,2023-06-06 11:00:00,64.073
SW,2023-06-06 11:05:00,63.464
SW,2023-06-06 11:10:00,62.64
SW,2023-06-06 11:15:00,61.58
SW,2023-06-06 11:20:00,59.552
SW,2023-06-06 11:25:00,57.628
SW,2023-06-06 11:30:00,55.49
SW,2023-06-06 11:35:00,53.552
SW,2023-06-06 11:40:00,52.439
SW,2023-06-06 11:45:00,51.78
SW,2023-06-06 11:50:00,51.089
SW,2023-06-06 11:55:00,50.485
SW,2023-06-06 12:00:00,50.023
SW,2023-06-06 12:05:00,49.769
SW,2023-06-06 12:10:00,49.556
SW,2023-06-06 12:15:00,49.18
SW,2023-06-06 12:20:00,48.768
SW,2023-06-06 12:25:00,48.282
SW,2023-06-06 12:30:00,47.704
SW,2023-06-06 12:35:00,47.117
SW,2023-06-06 12:40:00,46.552
SW,2023-06-06 12:45:00,45.973
SW,2023-06-06 12:50:00,45.276
SW,2023-06-06 12:55:00,44.586
SW,2023-06-06 13:00:00,43.707
SW,2023-06-06 13:05:00,42.737
SW,2023-06-06 13:10:00,41.872
SW,2023-06-06 13:15:00,40.977
SW,2023-06-06 13:20:00,40.042
SW,2023-06-06 13:25:00,39.131
SW,2023-06-06 13:30:00,38.193
SW,2023-06-06 13:35:00,37.314
SW,2023-06-06 13:40:00,36.422
SW,2023-06-06 13:45:00,35.432
SW,2023-06-06 13:50:00,34.452
SW,2023-06-06 13:55:00,33.56
SW,2023-06-06 14:00:00,32.691
SW,2023-06-06 14:05:00,31.578
SW,2023-06-06 14:10:00,29.833
SW,2023-06-06 14:15:00,27.979
SW,2023-06-06 14:20:00,26.419
SW,2023-06-06 14:25:00,25.248
SW,2023-06-06 14:30:00,24.323
SW,2023-06-06 14:35:00,23.451
SW,2023-06-06 14:40:00,22.629
SW,2023-06-06 14:45:00,21.77
SW,2023-06-06 14:50:00,20.955
SW,2023-06-06 14:55:00,20.123
SW,2023-06-06 15:00:00,19.279
SW,2023-06-06 15:05:00,18.514
SW,2023-06-06 15:10:00,17.795
SW,2023-06-06 15:15:00,17.03
SW,2023-06-06 15:20:00,16.384
SW,2023-06-06 15:25:00,15.788
SW,2023-06-06 15:30:00,15.17
SW,2023-06-06 15:35:00,14.639
SW,2023-06-06 15:40:00,14.187
SW,2023-06-06 15:45:00,13.819
SW,2023-06-06 15:50:00,13.363
SW,2023-06-06 15:55:00,13.039
SW,2023-06-06 16:00:00,12.722
SW,2023-06-06 16:05:00,12.479
SW,2023-06-06 16:10:00,12.216
SW,2023-06-06 16:15:00,11.966
SW,2023-06-06 16:20:00,11.709
SW,2023-06-06 16:25:00,11.465
SW,2023-06-06 16:30:00,11.095
SW,2023-06-06 16:35:00,10.224
SW,2023-06-06 16:40:00,9.111
SW,2023-06-06 16:45:00,8.33
SW,2023-06-06 16:50:00,7.721
SW,2023-06-06 16:55:00,7.246
SW,2023-06-06 17:00:00,6.747
SW,2023-06-06 17:05:00,6.592
SW,2023-06-06 17:10:00,6.19
SW,2023-06-06 17:15:00,5.659
SW,2023-06-06 17:20:00,5.197
SW,2023-06-06 17:25:00,4.8
SW,2023-06-06 17:30:00,4.385
SW,2023-06-06 17:35:00,3.988
SW,2023-06-06 17:40:00,3.639
SW,2023-06-06 17:45:00,3.32
SW,2023-06-06 17:50:00,2.991
SW,2023-06-06 17:55:00,2.689
SW,2023-06-06 18:00:00,2.347
SW,2023-06-06 18:05:00,2.064
SW,2023-06-06 18:10:00,1.777
SW,2023-06-06 18:15:00,1.501
SW,2023-06-06 18:20:00,1.281
SW,2023-06-06 18:25:00,1.113
SW,2023-06-06 18:30:00,0.986
SW,2023-06-06 18:35:00,0.894
SW,2023-06-06 18:40:00,0.82
SW,2023-06-06 18:45:00,0.798
SW,2023-06-06 18:50:00,0.853
SW,2023-06-06 18:55:00,1.104
SW,2023-06-06 19:00:00,1.646
SW,2023-06-06 19:05:00,2.286
SW,2023-06-06 19:10:00,3.41
SW,2023-06-06 19:15:00,5.119
SW,2023-06-06 19:20:00,7.094
SW,2023-06-06 19:25:00,9.65
SW,2023-06-06 19:30:00,13.207
SW,2023-06-06 19:35:00,28.382
SW,2023-06-06 19:40:00,80.687
SW,2023-06-06 19:45:00,90.219
SW,2023-06-06 19:50:00,90.759
SW,2023-06-06 19:55:00,90.706
SW,2023-06-06 20:00:00,90.746
SW,2023-06-06 20:05:00,90.849
SW,2023-06-06 20:10:00,90.781
SW,2023-06-06 20:15:00,90.781
SW,2023-06-06 20:20:00,90.793
SW,2023-06-06 20:25:00,90.708
SW,2023-06-06 20:30:00,90.733
SW,2023-06-06 20:35:00,90.743
SW,2023-06-06 20:40:00,90.72
SW,2023-06-06 20:45:00,90.722
SW,2023-06-06 20:50:00,90.613
SW,2023-06-06 20:55:00,90.716
SW,2023-06-06 21:00:00,90.682
SW,2023-06-06 21:05:00,90.7
SW,2023-06-06 21:10:00,90.655
SW,2023-06-06 21:15:00,90.668
SW,2023-06-06 21:20:00,90.66
SW,2023-06-06 21:25:00,90.787
SW,2023-06-06 21:30:00,90.691
SW,2023-06-06 21:35:00,90.563
SW,2023-06-06 21:40:00,90.556
SW,2023-06-06 21:45:00,90.472
SW,2023-06-06 21:50:00,90.422
SW,2023-06-06 21:55:00,90.03
SW,2023-06-06 22:00:00,89.996
SW,2023-06-06 22:05:00,89.915
SW,2023-06-06 22:10:00,89.98
SW,2023-06-06 22:15:00,89.871
SW,2023-06-06 22:20:00,89.934
SW,2023-06-06 22:25:00,90.027
SW,2023-06-06 22:30:00,90.054
SW,2023-06-06 22:35:00,90.009
SW,2023-06-06 22:40:00,89.975
SW,2023-06-06 22:45:00,89.972
SW,2023-06-06 22:50:00,89.939
SW,2023-06-06 22:55:00,89.937
SW,2023-06-06 23:00:00,89.49
SW,2023-06-06 23:05:00,88.881
SW,2023-06-06 23:10:00,88.367
SW,2023-06-06 23:15:00,87.925
SW,2023-06-06 23:20:00,87.6
SW,2023-06-06 23:25:00,87.269
SW,2023-06-06 23:30:00,86.948
SW,2023-06-06 23:35:00,86.667
SW,2023-06-06 23:40:00,86.406
SW,2023-06-06 23:45:00,86.334
SW,2023-06-06 23:50:00,86.134
SW,2023-06-06 23:55:00,86.014
SW,2023-06-07 00:00:00,85.908
SW,2023-06-07 00:05:00,85.874
SW,2023-06-07 00:10:00,85.862
SW,2023-06-07 00:15:00,85.848
SW,2023-06-07 00:20:00,85.797
SW,2023-06-07 00:25:00,85.789
SW,2023-06-07 00:30:00,85.79
SW,2023-06-07 00:35:00,85.779
SW,2023-06-07 00:40:00,85.84
SW,2023-06-07 00:45:00,85.829
SW,2023-06-07 00:50:00,85.894
SW,2023-06-07 00:55:00,85.841
SW,2023-06-07 01:00:00,85.951
SW,2023-06-07 01:05:00,86.038
SW,2023-06-07 01:10:00,86.082
SW,2023-06-07 01:15:00,86.102
SW,2023-06-07 01:20:00,86.172
SW,2023-06-07 01:25:00,86.192
SW,2023-06-07 01:30:00,86.23
SW,2023-06-07 01:35:00,86.26
SW,2023-06-07 01:40:00,86.282
SW,2023-06-07 01:45:00,86.305
SW,2023-06-07 01:50:00,86.405
SW,2023-06-07 01:55:00,86.452
SW,2023-06-07 02:00:00,86.394
SW,2023-06-07 02:05:00,86.452
SW,2023-06-07 02:10:00,86.541
SW,2023-06-07 02:15:00,86.549
SW,2023-06-07 02:20:00,86.578
SW,2023-06-07 02:25:00,86.656
SW,2023-06-07 02:30:00,86.762
SW,2023-06-07 02:35:00,86.747
SW,2023-06-07 02:40:00,86.746
SW,2023-06-07 02:45:00,86.607
SW,2023-06-07 02:50:00,86.663
SW,2023-06-07 02:55:00,86.613
SW,2023-06-07 03:00:00,86.57
SW,2023-06-07 03:05:00,86.61
SW,2023-06-07 03:10:00,86.576
SW,2023-06-07 03:15:00,86.491
SW,2023-06-07 03:20:00,86.558
SW,2023-06-07 03:25:00,86.391
SW,2023-06-07 03:30:00,86.473
SW,2023-06-07 03:35:00,86.47
SW,2023-06-07 03:40:00,86.322
SW,2023-06-07 03:45:00,86.255
SW,2023-06-07 03:50:00,86.221
SW,2023-06-07 03:55:00,86.171
SW,2023-06-07 04:00:00,86.05
SW,2023-06-07 04:05:00,85.878
SW,2023-06-07 04:10:00,85.852
SW,2023-06-07 04:15:00,85.638
SW,2023-06-07 04:20:00,85.585
SW,2023-06-07 04:25:00,85.457
SW,2023-06-07 04:30:00,85.399
SW,2023-06-07 04:35:00,85.32
SW,2023-06-07 04:40:00,85.28
SW,2023-06-07 04:45:00,85.224
SW,2023-06-07 04:50:00,85.167
SW,2023-06-07 04:55:00,85.121
SW,2023-06-07 05:00:00,83.809
SW,2023-06-07 05:05:00,78.746
SW,2023-06-07 05:10:00,68.926
SW,2023-06-07 05:15:00,66.524
SW,2023-06-07 05:20:00,54.003
SW,2023-06-07 05:25:00,50.304
SW,2023-06-07 05:30:00,50.736
SW,2023-06-07 05:35:00,58.16
SW,2023-06-07 05:40:00,59.655
SW,2023-06-07 05:45:00,57.529
SW,2023-06-07 05:50:00,56.106
SW,2023-06-07 05:55:00,54.756
SW,2023-06-07 06:00:00,53.611
SW,2023-06-07 06:05:00,52.352
SW,2023-06-07 06:10:00,51.921
SW,2023-06-07 06:15:00,49.953
SW,2023-06-07 06:20:00,48.719
SW,2023-06-07 06:25:00,47.262
SW,2023-06-07 06:30:00,45.164
SW,2023-06-07 06:35:00,44.162
SW,2023-06-07 06:40:00,42.258
SW,2023-06-07 06:45:00,42.248
SW,2023-06-07 06:50:00,41.162
SW,2023-06-07 06:55:00,40.271
SW,2023-06-07 07:00:00,38.796
SW,2023-06-07 07:05:00,38.133
SW,2023-06-07 07:10:00,37.184
SW,2023-06-07 07:15:00,36.461
SW,2023-06-07 07:20:00,35.171
SW,2023-06-07 07:25:00,34.283
SW,2023-06-07 07:30:00,33.38
SW,2023-06-07 07:35:00,32.119
SW,2023-06-07 07:40:00,31.196
SW,2023-06-07 07:45:00,29.927
SW,2023-06-07 07:50:00,28.625
SW,2023-06-07 07:55:00,28.124
SW,2023-06-07 08:00:00,26.865
SW,2023-06-07 08:05:00,25.918
SW,2023-06-07 08:10:00,24.968
SW,2023-06-07 08:15:00,25.767
SW,2023-06-07 08:20:00,24.277
SW,2023-06-07 08:25:00,23.299
SW,2023-06-07 08:30:00,22.438
SW,2023-06-07 08:35:00,21.846
SW,2023-06-07 08:40:00,21.285
SW,2023-06-07 08:45:00,20.663
SW,2023-06-07 08:50:00,20.437
SW,2023-06-07 08:55:00,19.999
SW,2023-06-07 09:00:00,19.462
SW,2023-06-07 09:05:00,18.934
SW,2023-06-07 09:10:00,20.046
SW,2023-06-07 09:15:00,19.296
SW,2023-06-07 09:20:00,19.059
SW,2023-06-07 09:25:00,18.554
SW,2023-06-07 09:30:00,17.677
SW,2023-06-07 09:35:00,16.693
SW,2023-06-07 09:40:00,16.049
SW,2023-06-07 09:45:00,15.81
SW,2023-06-07 09:50:00,14.376
SW,2023-06-07 09:55:00,13.374
SW,2023-06-07 10:00:00,12.53
SW,2023-06-07 10:05:00,11.785
SW,2023-06-07 10:10:00,11.121
SW,2023-06-07 10:15:00,11.05
SW,2023-06-07 10:20:00,10.705
SW,2023-06-07 10:25:00,10.121
SW,2023-06-07 10:30:00,9.638
SW,2023-06-07 10:35:00,9.377
SW,2023-06-07 10:40:00,9.022
SW,2023-06-07 10:45:00,8.76
SW,2023-06-07 10:50:00,8.867
SW,2023-06-07 10:55:00,9.739
SW,2023-06-07 11:00:00,10.113
SW,2023-06-07 11:05:00,9.976
SW,2023-06-07 11:10:00,9.637
SW,2023-06-07 11:15:00,9.547
SW,2023-06-07 11:20:00,9.758
SW,2023-06-07 11:25:00,9.508
SW,2023-06-07 11:30:00,9.216
SW,2023-06-07 11:35:00,9.02
SW,2023-06-07 11:40:00,8.812
SW,2023-06-07 11:45:00,8.24
SW,2023-06-07 11:50:00,7.978
SW,2023-06-07 11:55:00,7.648
SW,2023-06-07 12:00:00,6.801
SW,2023-06-07 12:05:00,6.165
SW,2023-06-07 12:10:00,6.391
SW,2023-06-07 12:15:00,6.989
SW,2023-06-07 12:20:00,7.786
SW,2023-06-07 12:25:00,8.9
SW,2023-06-07 12:30:00,9.296
SW,2023-06-07 12:35:00,8.288
SW,2023-06-07 12:40:00,8.011
SW,2023-06-07 12:45:00,7.446
SW,2023-06-07 12:50:00,7.394
SW,2023-06-07 12:55:00,7.489
SW,2023-06-07 13:00:00,7.745
SW,2023-06-07 13:05:00,8.266
SW,2023-06-07 13:10:00,7.275
SW,2023-06-07 13:15:00,7.178
SW,2023-06-07 13:20:00,7.523
SW,2023-06-07 13:25:00,8.15
SW,2023-06-07 13:30:00,8.102
SW,2023-06-07 13:35:00,7.836
SW,2023-06-07 13:40:00,7.833
SW,2023-06-07 13:45:00,7.808
SW,2023-06-07 13:50:00,7.639
SW,2023-06-07 13:55:00,7.729
SW,2023-06-07 14:00:00,8.103
SW,2023-06-07 14:05:00,7.805
SW,2023-06-07 14:10:00,7.318
SW,2023-06-07 14:15:00,7.047
SW,2023-06-07 14:20:00,6.944
SW,2023-06-07 14:25:00,6.867
SW,2023-06-07 14:30:00,6.605
SW,2023-06-07 14:35:00,6.539
SW,2023-06-07 14:40:00,6.255
SW,2023-06-07 14:45:00,5.929
SW,2023-06-07 14:50:00,5.696
SW,2023-06-07 14:55:00,5.415
SW,2023-06-07 15:00:00,5.42
SW,2023-06-07 15:05:00,5.314
SW,2023-06-07 15:10:00,5.1
SW,2023-06-07 15:15:00,5.053
SW,2023-06-07 15:20:00,5.189
SW,2023-06-07 15:25:00,4.963
SW,2023-06-07 15:30:00,5.111
SW,2023-06-07 15:35:00,4.841
SW,2023-06-07 15:40:00,5.089
SW,2023-06-07 15:45:00,5.222
SW,2023-06-07 15:50:00,5.496
SW,2023-06-07 15:55:00,5.514
SW,2023-06-07 16:00:00,5.003
SW,2023-06-07 16:05:00,4.744
SW,2023-06-07 16:10:00,3.947
SW,2023-06-07 16:15:00,3.449
SW,2023-06-07 16:20:00,3.306
SW,2023-06-07 16:25:00,2.497
SW,2023-06-07 16:30:00,2.269
SW,2023-06-07 16:35:00,2.142
SW,2023-06-07 16:40:00,2.17
SW,2023-06-07 16:45:00,1.77
SW,2023-06-07 16:50:00,1.555
SW,2023-06-07 16:55:00,1.457
SW,2023-06-07 17:00:00,1.17
SW,2023-06-07 17:05:00,0.997
SW,2023-06-07 17:10:00,0.475
SW,2023-06-07 17:15:00,0.343
SW,2023-06-07 17:20:00,0.297
SW,2023-06-07 17:25:00,0.272
SW,2023-06-07 17:30:00,0.304
SW,2023-06-07 17:35:00,0.267
SW,2023-06-07 17:40:00,0.237
SW,2023-06-07 17:45:00,0.234
SW,2023-06-07 17:50:00,0.302
SW,2023-06-07 17:55:00,0.482
SW,2023-06-07 18:00:00,0.448
SW,2023-06-07 18:05:00,0.345
SW,2023-06-07 18:10:00,0.385
SW,2023-06-07 18:15:00,0.317
SW,2023-06-07 18:20:00,0.291
SW,2023-06-07 18:25:00,0.368
SW,2023-06-07 18:30:00,0.673
SW,2023-06-07 18:35:00,1.022
SW,2023-06-07 18:40:00,1.323
SW,2023-06-07 18:45:00,1.563
SW,2023-06-07 18:50:00,1.587
SW,2023-06-07 18:55:00,1.812
SW,2023-06-07 19:00:00,2.435
SW,2023-06-07 19:05:00,4.859
SW,2023-06-07 19:10:00,2.544
SW,2023-06-07 19:15:00,2.663
SW,2023-06-07 19:20:00,2.152
SW,2023-06-07 19:25:00,3.619
SW,2023-06-07 19:30:00,2.616
SW,2023-06-07 19:35:00,2.326
SW,2023-06-07 19:40:00,2.08
SW,2023-06-07 19:45:00,2.624
SW,2023-06-07 19:50:00,2.112
SW,2023-06-07 19:55:00,1.967
SW,2023-06-07 20:00:00,1.731
SW,2023-06-07 20:05:00,1.286
SW,2023-06-07 20:10:00,1.013
SW,2023-06-07 20:15:00,0.936
SW,2023-06-07 20:20:00,0.99
SW,2023-06-07 20:25:00,1.039
SW,2023-06-07 20:30:00,1.027
SW,2023-06-07 20:35:00,0.964
SW,2023-06-07 20:40:00,0.948
SW,2023-06-07 20:45:00,1.826
SW,2023-06-07 20:50:00,2.237
SW,2023-06-07 20:55:00,1.603
SW,2023-06-07 21:00:00,1.341
SW,2023-06-07 21:05:00,1.09
SW,2023-06-07 21:10:00,1
SW,2023-06-07 21:15:00,0.764
SW,2023-06-07 21:20:00,0.96
SW,2023-06-07 21:25:00,0.896
SW,2023-06-07 21:30:00,0.868
SW,2023-06-07 21:35:00,0.542
SW,2023-06-07 21:40:00,1.143
SW,2023-06-07 21:45:00,1.066
SW,2023-06-07 21:50:00,0.972
SW,2023-06-07 21:55:00,0.914
SW,2023-06-07 22:00:00,0.825
SW,2023-06-07 22:05:00,0.773
SW,2023-06-07 22:10:00,0.842
SW,2023-06-07 22:15:00,0.739
SW,2023-06-07 22:20:00,0.6
SW,2023-06-07 22:25:00,0.645
SW,2023-06-07 22:30:00,0.887
SW,2023-06-07 22:35:00,0.811
SW,2023-06-07 22:40:00,0.804
SW,2023-06-07 22:45:00,0.819
SW,2023-06-07 22:50:00,0.83
SW,2023-06-07 22:55:00,0.882
SW,2023-06-07 23:00:00,0.953
SW,2023-06-07 23:05:00,0.96
SW,2023-06-07 23:10:00,0.906
SW,2023-06-07 23:15:00,0.887
SW,2023-06-07 23:20:00,1.44
SW,2023-06-07 23:25:00,3.061
SW,2023-06-07 23:30:00,2.192
SW,2023-06-07 23:35:00,4.143
SW,2023-06-07 23:40:00,4.01
SW,2023-06-07 23:45:00,3.376
SW,2023-06-07 23:50:00,2.475
SW,2023-06-07 23:55:00,1.7
SW,2023-06-08 00:00:00,1.252
SW,2023-06-08 00:05:00,1.134
SW,2023-06-08 00:10:00,1.12
SW,2023-06-08 00:15:00,1.116
SW,2023-06-08 00:20:00,1.169
SW,2023-06-08 00:25:00,1.297
SW,2023-06-08 00:30:00,1.478
SW,2023-06-08 00:35:00,1.635
SW,2023-06-08 00:40:00,1.825
SW,2023-06-08 00:45:00,2.046
SW,2023-06-08 00:50:00,2.261
SW,2023-06-08 00:55:00,2.674
SW,2023-06-08 01:00:00,3.481
SW,2023-06-08 01:05:00,4.391
SW,2023-06-08 01:10:00,5.994
SW,2023-06-08 01:15:00,6.49
SW,2023-06-08 01:20:00,7.074
SW,2023-06-08 01:25:00,7.321
SW,2023-06-08 01:30:00,7.682
SW,2023-06-08 01:35:00,9.372
SW,2023-06-08 01:40:00,15.828
SW,2023-06-08 01:45:00,31.994
SW,2023-06-08 01:50:00,49.511
SW,2023-06-08 01:55:00,62.472
SW,2023-06-08 02:00:00,89.786
SW,2023-06-08 02:05:00,89.609
SW,2023-06-08 02:10:00,89.404
SW,2023-06-08 02:15:00,89.251
SW,2023-06-08 02:20:00,89.231
SW,2023-06-08 02:25:00,89.062
SW,2023-06-08 02:30:00,89.131
SW,2023-06-08 02:35:00,89.078
SW,2023-06-08 02:40:00,84.575
SW,2023-06-08 02:45:00,85.465
SW,2023-06-08 02:50:00,86.287
SW,2023-06-08 02:55:00,85.812
SW,2023-06-08 03:00:00,86.455
SW,2023-06-08 03:05:00,85.48
SW,2023-06-08 03:10:00,81.823
SW,2023-06-08 03:15:00,81.559
SW,2023-06-08 03:20:00,82.743
SW,2023-06-08 03:25:00,83.849
SW,2023-06-08 03:30:00,84.795
SW,2023-06-08 03:35:00,85.521
SW,2023-06-08 03:40:00,86.225
SW,2023-06-08 03:45:00,86.734
SW,2023-06-08 03:50:00,87.111
SW,2023-06-08 03:55:00,87.429
SW,2023-06-08 04:00:00,87.761
SW,2023-06-08 04:05:00,88.032
SW,2023-06-08 04:10:00,88.193
SW,2023-06-08 04:15:00,88.434
SW,2023-06-08 04:20:00,88.526
SW,2023-06-08 04:25:00,88.728
SW,2023-06-08 04:30:00,88.673
SW,2023-06-08 04:35:00,88.814
SW,2023-06-08 04:40:00,88.876
SW,2023-06-08 04:45:00,88.916
SW,2023-06-08 04:50:00,89.108
SW,2023-06-08 04:55:00,88.963
SW,2023-06-08 05:00:00,89.072
SW,2023-06-08 05:05:00,89.069
SW,2023-06-08 05:10:00,88.357
SW,2023-06-08 05:15:00,88.097
SW,2023-06-08 05:20:00,88.212
SW,2023-06-08 05:25:00,88.419
SW,2023-06-08 05:30:00,88.54
SW,2023-06-08 05:35:00,88.612
SW,2023-06-08 05:40:00,88.799
SW,2023-06-08 05:45:00,88.813
SW,2023-06-08 05:50:00,88.84
SW,2023-06-08 05:55:00,88.92
SW,2023-06-08 06:00:00,88.939
SW,2023-06-08 06:05:00,89.041
SW,2023-06-08 06:10:00,88.997
SW,2023-06-08 06:15:00,89.154
SW,2023-06-08 06:20:00,89.263
SW,2023-06-08 06:25:00,89.254
SW,2023-06-08 06:30:00,89.261
SW,2023-06-08 06:35:00,89.169
SW,2023-06-08 06:40:00,89.15
SW,2023-06-08 06:45:00,89.151
SW,2023-06-08 06:50:00,89.197
SW,2023-06-08 06:55:00,89.085
SW,2023-06-08 07:00:00,89.084
SW,2023-06-08 07:05:00,88.849
SW,2023-06-08 07:10:00,88.706
SW,2023-06-08 07:15:00,88.609
SW,2023-06-08 07:20:00,88.636
SW,2023-06-08 07:25:00,88.565
SW,2023-06-08 07:30:00,88.464
SW,2023-06-08 07:35:00,88.321
SW,2023-06-08 07:40:00,88.291
SW,2023-06-08 07:45:00,88.126
SW,2023-06-08 07:50:00,88.111
SW,2023-06-08 07:55:00,88.018
SW,2023-06-08 08:00:00,87.836
SW,2023-06-08 08:05:00,87.752
SW,2023-06-08 08:10:00,87.636
SW,2023-06-08 08:15:00,87.53
SW,2023-06-08 08:20:00,87.528
SW,2023-06-08 08:25:00,87.358
SW,2023-06-08 08:30:00,87.219
SW,2023-06-08 08:35:00,86.961
SW,2023-06-08 08:40:00,86.727
SW,2023-06-08 08:45:00,86.517
SW,2023-06-08 08:50:00,86.413
SW,2023-06-08 08:55:00,86.363
SW,2023-06-08 09:00:00,86.218
SW,2023-06-08 09:05:00,86.244
SW,2023-06-08 09:10:00,86.143
SW,2023-06-08 09:15:00,86.129
SW,2023-06-08 09:20:00,86.064
SW,2023-06-08 09:25:00,86.06
SW,2023-06-08 09:30:00,85.967
SW,2023-06-08 09:35:00,85.946
SW,2023-06-08 09:40:00,85.722
SW,2023-06-08 09:45:00,85.632
SW,2023-06-08 09:50:00,85.518
SW,2023-06-08 09:55:00,85.393
SW,2023-06-08 10:00:00,85.406
SW,2023-06-08 10:05:00,85.301
SW,2023-06-08 10:10:00,84.867
SW,2023-06-08 10:15:00,84.374
SW,2023-06-08 10:20:00,83.968
SW,2023-06-08 10:25:00,83.468
SW,2023-06-08 10:30:00,82.931
SW,2023-06-08 10:35:00,82.546
SW,2023-06-08 10:40:00,82.26
SW,2023-06-08 10:45:00,82.028
SW,2023-06-08 10:50:00,81.893
SW,2023-06-08 10:55:00,81.702
SW,2023-06-08 11:00:00,81.615
SW,2023-06-08 11:05:00,81.472
SW,2023-06-08 11:10:00,81.422
SW,2023-06-08 11:15:00,81.374
SW,2023-06-08 11:20:00,81.273
SW,2023-06-08 11:25:00,81.2
SW,2023-06-08 11:30:00,81.12
SW,2023-06-08 11:35:00,81.073
SW,2023-06-08 11:40:00,81.028
SW,2023-06-08 11:45:00,80.725
SW,2023-06-08 11:50:00,80.654
SW,2023-06-08 11:55:00,80.359
SW,2023-06-08 12:00:00,80.328
SW,2023-06-08 12:05:00,80.211
SW,2023-06-08 12:10:00,80.105
SW,2023-06-08 12:15:00,79.902
SW,2023-06-08 12:20:00,79.94
SW,2023-06-08 12:25:00,79.938
SW,2023-06-08 12:30:00,79.938
SW,2023-06-08 12:35:00,79.86
SW,2023-06-08 12:40:00,79.902
SW,2023-06-08 12:45:00,79.935
SW,2023-06-08 12:50:00,79.933
SW,2023-06-08 12:55:00,79.981
SW,2023-06-08 13:00:00,79.904
SW,2023-06-08 13:05:00,79.851
SW,2023-06-08 13:10:00,79.877
SW,2023-06-08 13:15:00,79.821
SW,2023-06-08 13:20:00,79.725
SW,2023-06-08 13:25:00,79.675
SW,2023-06-08 13:30:00,79.633
SW,2023-06-08 13:35:00,79.209
SW,2023-06-08 13:40:00,79.24
SW,2023-06-08 13:45:00,79.319
SW,2023-06-08 13:50:00,79.3
SW,2023-06-08 13:55:00,79.231
SW,2023-06-08 14:00:00,79.357
SW,2023-06-08 14:05:00,79.425
SW,2023-06-08 14:10:00,79.554
SW,2023-06-08 14:15:00,79.557
SW,2023-06-08 14:20:00,79.388
SW,2023-06-08 14:25:00,79.348
SW,2023-06-08 14:30:00,79.372
SW,2023-06-08 14:35:00,79.231
SW,2023-06-08 14:40:00,79.319
SW,2023-06-08 14:45:00,79.069
SW,2023-06-08 14:50:00,79.219
SW,2023-06-08 14:55:00,79.125
SW,2023-06-08 15:00:00,79.375
SW,2023-06-08 15:05:00,79.244
SW,2023-06-08 15:10:00,79.15
SW,2023-06-08 15:15:00,78.942
SW,2023-06-08 15:20:00,78.996
SW,2023-06-08 15:25:00,78.863
SW,2023-06-08 15:30:00,78.817
SW,2023-06-08 15:35:00,78.816
SW,2023-06-08 15:40:00,78.745
SW,2023-06-08 15:45:00,78.662
SW,2023-06-08 15:50:00,78.741
SW,2023-06-08 15:55:00,78.665
SW,2023-06-08 16:00:00,78.64
SW,2023-06-08 16:05:00,78.571
SW,2023-06-08 16:10:00,78.589
SW,2023-06-08 16:15:00,78.473
SW,2023-06-08 16:20:00,78.442
SW,2023-06-08 16:25:00,78.423
SW,2023-06-08 16:30:00,78.415
SW,2023-06-08 16:35:00,78.389
SW,2023-06-08 16:40:00,78.367
SW,2023-06-08 16:45:00,78.334
SW,2023-06-08 16:50:00,78.255
SW,2023-06-08 16:55:00,78.121
SW,2023-06-08 17:00:00,78.175
SW,2023-06-08 17:05:00,78.2
SW,2023-06-08 17:10:00,78.108
SW,2023-06-08 17:15:00,78.027
SW,2023-06-08 17:20:00,78.138
SW,2023-06-08 17:25:00,78.135
SW,2023-06-08 17:30:00,78.229
SW,2023-06-08 17:35:00,78.243
SW,2023-06-08 17:40:00,78.225
SW,2023-06-08 17:45:00,78.054
SW,2023-06-08 17:50:00,77.969
SW,2023-06-08 17:55:00,78.026
SW,2023-06-08 18:00:00,78.073
SW,2023-06-08 18:05:00,78.15
SW,2023-06-08 18:10:00,78.165
SW,2023-06-08 18:15:00,78.175
SW,2023-06-08 18:20:00,77.988
SW,2023-06-08 18:25:00,78
SW,2023-06-08 18:30:00,77.942
SW,2023-06-08 18:35:00,77.979
SW,2023-06-08 18:40:00,77.924
SW,2023-06-08 18:45:00,78.004
SW,2023-06-08 18:50:00,77.961
SW,2023-06-08 18:55:00,77.975
SW,2023-06-08 19:00:00,78.039
SW,2023-06-08 19:05:00,78.014
SW,2023-06-08 19:10:00,78.099
SW,2023-06-08 19:15:00,78.037
SW,2023-06-08 19:20:00,78.056
SW,2023-06-08 19:25:00,78.131
SW,2023-06-08 19:30:00,78.066
SW,2023-06-08 19:35:00,78.17
SW,2023-06-08 19:40:00,78.168
SW,2023-06-08 19:45:00,78.104
SW,2023-06-08 19:50:00,78.08
SW,2023-06-08 19:55:00,78.058
SW,2023-06-08 20:00:00,78.129
SW,2023-06-08 20:05:00,78.154
SW,2023-06-08 20:10:00,78.199
SW,2023-06-08 20:15:00,78.229
SW,2023-06-08 20:20:00,78.176
SW,2023-06-08 20:25:00,78.12
SW,2023-06-08 20:30:00,78.265
SW,2023-06-08 20:35:00,78.272
SW,2023-06-08 20:40:00,78.397
SW,2023-06-08 20:45:00,78.42
SW,2023-06-08 20:50:00,78.404
SW,2023-06-08 20:55:00,78.445
SW,2023-06-08 21:00:00,78.469
SW,2023-06-08 21:05:00,78.463
SW,2023-06-08 21:10:00,78.549
SW,2023-06-08 21:15:00,78.448
SW,2023-06-08 21:20:00,78.536
SW,2023-06-08 21:25:00,78.571
SW,2023-06-08 21:30:00,78.497
SW,2023-06-08 21:35:00,78.403
SW,2023-06-08 21:40:00,78.469
SW,2023-06-08 21:45:00,78.47
SW,2023-06-08 21:50:00,78.475
SW,2023-06-08 21:55:00,78.556
SW,2023-06-08 22:00:00,78.581
SW,2023-06-08 22:05:00,78.474
SW,2023-06-08 22:10:00,78.51
SW,2023-06-08 22:15:00,78.547
SW,2023-06-08 22:20:00,78.559
SW,2023-06-08 22:25:00,78.555
SW,2023-06-08 22:30:00,78.566
SW,2023-06-08 22:35:00,78.568
SW,2023-06-08 22:40:00,78.566
SW,2023-06-08 22:45:00,78.587
SW,2023-06-08 22:50:00,78.58
SW,2023-06-08 22:55:00,78.595
SW,2023-06-08 23:00:00,78.464
SW,2023-06-08 23:05:00,78.481
SW,2023-06-08 23:10:00,78.529
SW,2023-06-08 23:15:00,78.633
SW,2023-06-08 23:20:00,78.693
SW,2023-06-08 23:25:00,78.687
SW,2023-06-08 23:30:00,78.745
SW,2023-06-08 23:35:00,78.831
SW,2023-06-08 23:40:00,78.788
SW,2023-06-08 23:45:00,78.805
SW,2023-06-08 23:50:00,78.794
SW,2023-06-08 23:55:00,78.82
SW,2023-06-09 00:00:00,78.894
SW,2023-06-09 00:05:00,78.842
SW,2023-06-09 00:10:00,78.96
SW,2023-06-09 00:15:00,78.891
SW,2023-06-09 00:20:00,78.903
SW,2023-06-09 00:25:00,78.974
SW,2023-06-09 00:30:00,79.015
SW,2023-06-09 00:35:00,78.988
SW,2023-06-09 00:40:00,78.975
SW,2023-06-09 00:45:00,78.884
SW,2023-06-09 00:50:00,78.917
SW,2023-06-09 00:55:00,78.981
SW,2023-06-09 01:00:00,78.985
SW,2023-06-09 01:05:00,79.032
SW,2023-06-09 01:10:00,79.078
SW,2023-06-09 01:15:00,79.067
SW,2023-06-09 01:20:00,79.189
SW,2023-06-09 01:25:00,79.096
SW,2023-06-09 01:30:00,79.197
SW,2023-06-09 01:35:00,79.196
SW,2023-06-09 01:40:00,79.207
SW,2023-06-09 01:45:00,79.192
SW,2023-06-09 01:50:00,79.236
SW,2023-06-09 01:55:00,79.316
SW,2023-06-09 02:00:00,79.374
SW,2023-06-09 02:05:00,79.368
SW,2023-06-09 02:10:00,79.401
SW,2023-06-09 02:15:00,79.357
SW,2023-06-09 02:20:00,79.293
SW,2023-06-09 02:25:00,79.308
SW,2023-06-09 02:30:00,79.39
SW,2023-06-09 02:35:00,79.365
SW,2023-06-09 02:40:00,79.451
SW,2023-06-09 02:45:00,79.41
SW,2023-06-09 02:50:00,79.565
SW,2023-06-09 02:55:00,79.61
SW,2023-06-09 03:00:00,79.585
SW,2023-06-09 03:05:00,79.619
SW,2023-06-09 03:10:00,79.62
SW,2023-06-09 03:15:00,79.77
SW,2023-06-09 03:20:00,79.583
SW,2023-06-09 03:25:00,79.755
SW,2023-06-09 03:30:00,79.772
SW,2023-06-09 03:35:00,79.888
SW,2023-06-09 03:40:00,79.842
SW,2023-06-09 03:45:00,79.852
SW,2023-06-09 03:50:00,79.902
SW,2023-06-09 03:55:00,79.88
SW,2023-06-09 04:00:00,80.006
SW,2023-06-09 04:05:00,80.067
SW,2023-06-09 04:10:00,80.06
SW,2023-06-09 04:15:00,80.017
SW,2023-06-09 04:20:00,80.058
SW,2023-06-09 04:25:00,80.132
SW,2023-06-09 04:30:00,80.101
SW,2023-06-09 04:35:00,80.172
SW,2023-06-09 04:40:00,80.206
SW,2023-06-09 04:45:00,80.222
SW,2023-06-09 04:50:00,80.176
SW,2023-06-09 04:55:00,80.244
SW,2023-06-09 05:00:00,80.337
SW,2023-06-09 05:05:00,80.348
SW,2023-06-09 05:10:00,80.288
SW,2023-06-09 05:15:00,80.252
SW,2023-06-09 05:20:00,80.388
SW,2023-06-09 05:25:00,80.434
SW,2023-06-09 05:30:00,80.438
SW,2023-06-09 05:35:00,80.408
SW,2023-06-09 05:40:00,80.462
SW,2023-06-09 05:45:00,80.505
SW,2023-06-09 05:50:00,80.546
SW,2023-06-09 05:55:00,80.62
SW,2023-06-09 06:00:00,80.625
SW,2023-06-09 06:05:00,80.625
SW,2023-06-09 06:10:00,80.589
SW,2023-06-09 06:15:00,80.658
SW,2023-06-09 06:20:00,80.762
SW,2023-06-09 06:25:00,80.668
SW,2023-06-09 06:30:00,80.672
SW,2023-06-09 06:35:00,80.726
SW,2023-06-09 06:40:00,80.676
SW,2023-06-09 06:45:00,80.757
SW,2023-06-09 06:50:00,80.694
SW,2023-06-09 06:55:00,80.811
SW,2023-06-09 07:00:00,80.81
SW,2023-06-09 07:05:00,80.862
SW,2023-06-09 07:10:00,80.91
SW,2023-06-09 07:15:00,80.84
SW,2023-06-09 07:20:00,80.889
SW,2023-06-09 07:25:00,80.965
SW,2023-06-09 07:30:00,81.036
SW,2023-06-09 07:35:00,81.038
SW,2023-06-09 07:40:00,81.068
SW,2023-06-09 07:45:00,81.081
SW,2023-06-09 07:50:00,81.204
SW,2023-06-09 07:55:00,81.143
SW,2023-06-09 08:00:00,81.104
SW,2023-06-09 08:05:00,81.176
SW,2023-06-09 08:10:00,81.198
SW,2023-06-09 08:15:00,81.182
SW,2023-06-09 08:20:00,81.189
SW,2023-06-09 08:25:00,81.224
SW,2023-06-09 08:30:00,81.192
SW,2023-06-09 08:35:00,81.3
SW,2023-06-09 08:40:00,81.229
SW,2023-06-09 08:45:00,81.299
SW,2023-06-09 08:50:00,81.305
SW,2023-06-09 08:55:00,81.288
SW,2023-06-09 09:00:00,81.291
SW,2023-06-09 09:05:00,81.262
SW,2023-06-09 09:10:00,81.342
SW,2023-06-09 09:15:00,81.406
SW,2023-06-09 09:20:00,81.432
SW,2023-06-09 09:25:00,81.425
SW,2023-06-09 09:30:00,81.493
SW,2023-06-09 09:35:00,81.425
SW,2023-06-09 09:40:00,81.521
SW,2023-06-09 09:45:00,81.469
SW,2023-06-09 09:50:00,81.499
SW,2023-06-09 09:55:00,81.499
SW,2023-06-09 10:00:00,81.51
SW,2023-06-09 10:05:00,81.541
SW,2023-06-09 10:10:00,81.561
SW,2023-06-09 10:15:00,81.627
SW,2023-06-09 10:20:00,81.749
SW,2023-06-09 10:25:00,81.733
SW,2023-06-09 10:30:00,81.761
SW,2023-06-09 10:35:00,81.598
SW,2023-06-09 10:40:00,81.688
SW,2023-06-09 10:45:00,81.666
SW,2023-06-09 10:50:00,81.644
SW,2023-06-09 10:55:00,81.753
SW,2023-06-09 11:00:00,81.763
SW,2023-06-09 11:05:00,81.86
SW,2023-06-09 11:10:00,81.825
SW,2023-06-09 11:15:00,81.84
SW,2023-06-09 11:20:00,81.914
SW,2023-06-09 11:25:00,81.938
SW,2023-06-09 11:30:00,81.999
SW,2023-06-09 11:35:00,81.979
SW,2023-06-09 11:40:00,82.01
SW,2023-06-09 11:45:00,82.065
SW,2023-06-09 11:50:00,82.136
SW,2023-06-09 11:55:00,82.224
SW,2023-06-09 12:00:00,82.226
SW,2023-06-09 12:05:00,82.239
SW,2023-06-09 12:10:00,82.351
SW,2023-06-09 12:15:00,82.288
SW,2023-06-09 12:20:00,82.223
SW,2023-06-09 12:25:00,82.224
SW,2023-06-09 12:30:00,82.267
SW,2023-06-09 12:35:00,82.387
SW,2023-06-09 12:40:00,82.345
SW,2023-06-09 12:45:00,82.315
SW,2023-06-09 12:50:00,82.404
SW,2023-06-09 12:55:00,82.263
SW,2023-06-09 13:00:00,82.271
SW,2023-06-09 13:05:00,82.244
SW,2023-06-09 13:10:00,82.25
SW,2023-06-09 13:15:00,82.307
SW,2023-06-09 13:20:00,82.307
SW,2023-06-09 13:25:00,82.314
SW,2023-06-09 13:30:00,82.45
SW,2023-06-09 13:35:00,82.36
SW,2023-06-09 13:40:00,82.371
SW,2023-06-09 13:45:00,82.463
SW,2023-06-09 13:50:00,82.455
SW,2023-06-09 13:55:00,82.39
SW,2023-06-09 14:00:00,82.483
SW,2023-06-09 14:05:00,82.57
SW,2023-06-09 14:10:00,82.573
SW,2023-06-09 14:15:00,82.619
SW,2023-06-09 14:20:00,82.674
SW,2023-06-09 14:25:00,82.695
SW,2023-06-09 14:30:00,82.639
SW,2023-06-09 14:35:00,82.634
SW,2023-06-09 14:40:00,82.744
SW,2023-06-09 14:45:00,82.68
SW,2023-06-09 14:50:00,82.659
SW,2023-06-09 14:55:00,82.67
SW,2023-06-09 15:00:00,82.749
SW,2023-06-09 15:05:00,82.759
SW,2023-06-09 15:10:00,82.826
SW,2023-06-09 15:15:00,82.95
SW,2023-06-09 15:20:00,82.923
