index,var2,var1
1,87.906,0.32566893850000006
2,87.879,0.32554481050000006
3,87.924,0.32550505075
4,87.95,0.32527037125
5,87.946,0.32517921474999995
6,87.939,0.32509581625000006
7,87.807,0.32507351199999995
8,87.832,0.3251452735
9,87.813,0.32486307625
10,87.704,0.32494356550000003
11,87.717,0.32499690174999996
12,87.656,0.3247835567499999
13,87.78,0.3247767685
14,87.657,0.3247903449999999
15,87.648,0.32478937524999996
16,87.637,0.32492707975
17,87.588,0.3248892595
18,87.509,0.32479228450000003
19,87.631,0.324755434
20,87.586,0.32475446425
21,87.472,0.3246138504999999
22,87.516,0.32457021175
23,87.547,0.3246720354999999
24,87.502,0.32452269399999994
25,87.46,0.32453336125
26,87.435,0.32462548750000003
27,87.45,0.3244548115
28,87.347,0.3244111727500001
29,87.389,0.32464779174999997
30,87.289,0.32452366374999986
31,87.314,0.32441699125
32,87.333,0.32441990049999997
33,87.311,0.3245643932499999
34,87.304,0.324716644
35,87.292,0.32445481149999994
36,87.284,0.3243966265
37,87.274,0.3243500784999999
38,87.26,0.32462645724999994
39,87.303,0.32451202674999996
40,87.271,0.32431225825
41,87.301,0.32441699125
42,87.302,0.3242259505
43,87.275,0.32433262299999993
44,87.337,0.3243297137500001
45,87.373,0.3242841355
46,87.325,0.3241745537499999
47,87.366,0.324348139
48,87.357,0.32425892199999995
49,87.382,0.32431225825000004
50,87.326,0.3243141977499999
51,87.326,0.32427346825
52,84.655,0.32860243225
53,83.049,0.33101904925
54,82.407,0.33233403025
55,81.294,0.3330758889999999
56,79.974,0.3378431799999999
57,78.769,0.346489471
58,76.759,0.35462664325
59,74.457,0.35528219424999996
60,71.88,0.35560899999999995
61,68.994,0.35643037824999996
62,68.93,0.35456457924999996
63,68.82,0.3571189007499999
64,69.748,0.35937647874999995
65,68.521,0.36071473375
66,80.098,0.36248161825
67,88.078,0.3640138232499999
68,68.511,0.3654762062500001
69,92.987,0.35802755649999995
70,66.453,0.37992742075
71,61.298,0.38305195525
72,62.536,0.3852397112499999
73,54.002,0.39807920125
74,46.694,0.3983303665
75,41.99,0.39861062425
76,40.547,0.39882590875000007
77,35.531,0.399011131
78,33.598,0.39787070499999994
79,32.596,0.39871244800000005
80,29.636,0.39890542825
81,28.889,0.39917695825
82,24.941,0.399686077
83,26.311,0.399810205
84,22.343,0.411021808
85,22.482,0.411373504
86,20.267,0.400264048
87,16.822,0.399678319
88,11.061,0.39988681525
89,10.678,0.40005458199999994
90,9.586,0.4000177315
91,18.081,0.40002258025
92,14.556,0.39953188675
93,11.691,0.3975623244999999
94,10.043,0.3959806622499999
95,7.011,0.402314746
96,4.528,0.39415074399999994
97,2.77,0.392680603
98,3.484,0.3924148915
99,7.111,0.3914722945
100,16.075,0.3799759082500001
101,93.323,0.37844952175
102,93.212,0.37691537725
103,93.229,0.37594950625
104,93.146,0.37477222975
105,93.14,0.373619197
106,92.621,0.372889945
107,92.283,0.37173691225
108,92.225,0.37052278525
109,92.136,0.36972080200000007
110,92.031,0.36861819625
111,92.026,0.36764456725
112,92.066,0.36664766425
113,91.977,0.3657816775
114,91.899,0.36532298575
115,91.846,0.364588885
116,91.879,0.36365501575
117,91.831,0.36344942875
118,91.774,0.359896588
119,91.188,0.361788247
120,91.243,0.36116857675
121,91.259,0.360504298
122,91.156,0.3588780272499999
123,90.942,0.35873741350000005
124,89.574,0.35680373199999993
125,88.607,0.35635279825
126,88.072,0.355116367
127,87.785,0.35468870724999996
128,87.622,0.35429014000000003
129,87.694,0.35376162624999996
130,87.714,0.35333881524999994
131,87.76,0.3529053370000001
132,87.926,0.352641565
133,88.016,0.35212080924999994
134,88.104,0.35155835425
135,88.114,0.351493381
136,88.308,0.35096583699999995
137,88.471,0.350775766
138,88.348,0.35056533025000003
139,88.216,0.35021815975
140,88.244,0.34952769775000003
141,88.099,0.34903409500000004
142,88.101,0.34881396175
143,87.852,0.3486316487499999
144,87.574,0.34782093775
145,87.3,0.347377762
146,87.14,0.34716344725000003
147,85.904,0.34948793799999994
148,66.74,0.36756504774999993
149,54.761,0.3754869355
150,55.205,0.3855800935
151,52.62,0.3882566035
152,48.651,0.3893504815
153,41.378,0.389639467
154,38.406,0.38997597025
155,35.463,0.39030374575
156,31.592,0.390605338
157,28.779,0.39058497325
158,23.103,0.3952032459999999
159,23.118,0.3915537535
160,19.853,0.396165238
161,14.573,0.39277466875
162,13.917,0.39311602075
163,14.009,0.39350779975
164,9.606,0.39424384000000007
165,5.566,0.3944358505
166,6.124,0.3943427544999999
167,5.491,0.395039035
168,3.884,0.39545311825000007
169,3.956,0.39593605375
170,4.007,0.39620758375
171,2.934,0.396408322
172,1.367,0.396450991
173,0.885,0.3968679835
174,0.634,0.39692131975
175,1.04,0.3968679835
176,1.435,0.3971831522499999
177,0.992,0.39738098125
178,3.048,0.39769711975
179,2.785,0.39781155025
180,1.839,0.39816162999999993
181,1.344,0.398126719
182,1.134,0.3982576352500001
183,0.941,0.3981558115
184,0.74,0.39831582025
185,0.626,0.3982615142499999
186,0.595,0.398747359
187,0.587,0.39870372025000006
188,0.577,0.3987308732499999
189,0.548,0.39765639025
190,0.579,0.39665948725
191,0.866,0.39595738824999993
192,1.688,0.39488872375000006
193,2.07,0.39478593025
194,1.553,0.39431657125
195,1.181,0.3936057445
196,1.091,0.39328087825
197,1.047,0.39183595075
198,0.93,0.3912317964999999
199,0.775,0.3907236475000001
200,2.173,0.39005548975
201,7.616,0.3824303455
202,10.253,0.3818291005
203,10.455,0.38080892350000006
204,3.376,0.37923598899999994
205,7.497,0.37855037575
206,7.735,0.3775777165
207,15.419,0.37675245925
208,16.139,0.37628697925
209,10.741,0.3759727802499999
210,6.804,0.3754103252499999
211,12.501,0.3749050855
212,14.857,0.3746801035
213,16.955,0.3739867322499999
214,93.226,0.37344658149999993
215,93.293,0.371127586
216,93.162,0.37235173375
217,93.006,0.372083113
218,92.886,0.37164478600000006
219,92.965,0.37130634325
220,92.938,0.37069831
221,85.253,0.37060424424999994
222,89.982,0.37006700275
223,91.66,0.36970625575
224,92.444,0.36929120275
225,92.549,0.3689896105
226,88.754,0.3687297175
227,89.124,0.36813526075
228,90.394,0.3681517465
229,91.073,0.36758444275
230,91.213,0.3675582595
231,90.861,0.3672324235
232,90.463,0.36698901625
233,90.216,0.36668645425
234,86.939,0.3664702
235,87.811,0.3662364902500001
236,83.204,0.370481086
237,86.456,0.3655518467500001
238,88.072,0.36508636674999995
239,89.008,0.36463640275
240,89.551,0.36418449925
241,89.858,0.3638256917499999
242,90.058,0.36340675975
243,90.107,0.3631478365
244,89.103,0.3627182372500001
245,89.586,0.3617979445
246,89.886,0.3612975535
247,90.016,0.361171486
248,90.266,0.36086601475
249,90.361,0.3603006505
250,90.189,0.36028513449999994
251,90.265,0.35975468125000004
252,89.883,0.35919804475
253,89.843,0.35911561599999997
254,89.624,0.35840478924999997
255,89.557,0.358289389
256,89.23,0.3580353145
257,89.039,0.35760668500000004
258,88.43,0.3573458222500001
259,88.178,0.356873554
260,88.227,0.3565506272499999
261,88.141,0.356427469
262,87.756,0.356047327
263,87.636,0.355554694
264,86.976,0.355636153
265,85.972,0.35536365324999997
266,85.174,0.35510569975
267,84.952,0.35472264849999996
268,84.658,0.35428626099999994
269,84.668,0.35432989975
270,84.261,0.35375677749999995
271,83.969,0.35326511424999996
272,83.698,0.35296546149999997
273,83.741,0.35252034625000006
274,83.787,0.352494163
275,83.743,0.35205680575
276,83.698,0.3520248040000001
277,83.597,0.35175618324999997
278,83.351,0.35147301624999994
279,83.352,0.3511190575
280,83.633,0.35043538374999994
281,83.521,0.350131852
282,83.478,0.34994759950000004
283,83.809,0.34990783975000006
284,83.272,0.34978371175
285,83.125,0.34924356100000004
286,83.122,0.34906221774999996
287,83.008,0.34873541199999997
288,82.881,0.34859673775
289,82.897,0.34829223624999994
290,82.703,0.34820011
291,82.662,0.34756783299999994
292,82.567,0.3417318775
293,82.7,0.34138664649999995
294,82.656,0.34137403974999997
295,82.64,0.3410879635
296,82.697,0.34092989425000003
297,82.485,0.34058660275
298,82.488,0.34026852475
299,82.474,0.340065847
300,82.512,0.33986122975
301,82.584,0.33988644325
302,82.533,0.33970219075
303,82.596,0.33914652399999995
304,82.653,0.3393230185000001
305,82.696,0.33892251175
306,82.705,0.33897584799999997
307,82.793,0.33881486949999995
308,82.851,0.33834357100000007
309,82.878,0.338339692
310,82.849,0.33822041275
311,82.898,0.33798767275
312,82.982,0.337781116
313,82.966,0.33740582275000003
314,82.972,0.337385458
315,82.864,0.33714496000000005
316,82.993,0.33713332300000004
317,83.072,0.33692482674999996
318,83.177,0.33678809199999993
319,83.208,0.33670954225000005
320,83.201,0.33641764749999997
321,83.26,0.3363051565
322,83.06,0.33609084175
323,83.184,0.33610247874999993
324,83.354,0.3357882797499999
325,83.378,0.33573785275
326,83.323,0.33560014825
327,83.397,0.33535577125
328,83.379,0.335306314
329,83.494,0.33513078924999995
330,83.566,0.33487089625
331,83.573,0.33462845874999997
332,83.691,0.33474579849999997
333,83.723,0.33470991775000003
334,83.871,0.33433753375
