date,datetime_est,sample_plot,g_w,sample_grid,sample_depth,event_stamp,co2_conc_umol,co2_conc_ppm_dilcorr,ch4_conc_nmol,co2_flag
2023-06-04T00:00:00Z,2023-06-04T14:45:00Z,Control,G,C3,10,0,4.37391246126211,5350.6484473347,1.21881709517516,Within Range
2023-06-04T00:00:00Z,2023-06-04T14:46:00Z,Control,G,C3,20,0,6.91613730553892,8460.5761233633,0.914879024936571,Within Range
2023-06-04T00:00:00Z,2023-06-04T14:48:00Z,Control,G,C3,35,0,9.76407024789258,11944.4794047108,0.718665840352168,Within Range
2023-06-04T00:00:00Z,2023-06-04T14:49:00Z,Control,G,C3,50,0,16.0052175352482,19579.3338601748,0.608376076468124,Within Range
2023-06-04T00:00:00Z,2023-06-04T14:51:00Z,Control,G,C6,10,0,4.3296756461377,5296.5331333551,1.3457785675533,Within Range
2023-06-04T00:00:00Z,2023-06-04T14:53:00Z,Control,G,C6,20,0,16.5300684743379,20221.3889738047,1.32012978525469,Within Range
2023-06-04T00:00:00Z,2023-06-04T14:55:00Z,Control,G,C6,35,0,14.8995870366089,18226.8056229812,0.840497556270588,Within Range
2023-06-04T00:00:00Z,2023-06-04T14:57:00Z,Control,G,C6,50,0,12.7657902888323,15616.5118970468,0.772528283179259,Within Range
2023-06-04T00:00:00Z,2023-06-04T15:00:00Z,Control,G,F4,10,0,4.55808859107088,5575.95284739419,1.29832832030086,Within Range
2023-06-04T00:00:00Z,2023-06-04T15:02:00Z,Control,G,F4,20,0,9.80648323801118,11996.3636163257,0.848192190960172,Within Range
2023-06-04T00:00:00Z,2023-06-04T15:04:00Z,Control,G,F4,35,0,6.09164158064329,7451.96271161387,1.29704588118593,Within Range
2023-06-04T00:00:00Z,2023-06-04T15:05:00Z,Control,G,F4,50,0,9.19042897031953,11242.7386089456,0.802024382822666,Within Range
2023-06-04T00:00:00Z,2023-06-04T15:06:00Z,Control,G,F4,ATM,0,0.334472226949217,409.163035989522,1.59457175584986,Within Range
2023-06-04T00:00:00Z,2023-06-04T15:10:00Z,Control,G,H3,10,0,4.30257191558775,5263.3768836431,1.06107708403868,Within Range
2023-06-04T00:00:00Z,2023-06-04T15:13:00Z,Control,G,H3,20,0,10.2579101227279,12548.5983903837,0.709688766547652,Within Range
2023-06-04T00:00:00Z,2023-06-04T15:15:00Z,Control,G,H3,35,0,12.6212491375439,15439.6933407618,0.79304730901815,Within Range
2023-06-04T00:00:00Z,2023-06-04T15:17:00Z,Control,G,H3,50,0,8.66801181095606,10603.6607610542,0.975153663338316,Within Range
2023-06-04T00:00:00Z,2023-06-04T15:19:00Z,Control,G,H6,10,0,1.91998611172032,2348.73715433623,1.16880196969286,Within Range
2023-06-04T00:00:00Z,2023-06-04T15:20:00Z,Control,G,H6,20,0,7.21865069027778,8830.64360566583,0.590421928859093,Within Range
2023-06-04T00:00:00Z,2023-06-04T15:22:00Z,Control,G,H6,35,0,11.5483448233633,14127.1993542789,0.646849249916046,Within Range
2023-06-04T00:00:00Z,2023-06-04T15:24:00Z,Control,G,H6,50,0,10.7818974625599,13189.5970548806,0.658391201950423,Within Range
2023-06-04T00:00:00Z,2023-06-04T13:40:00Z,Seawater,G,C3,10,0,3.24481380377328,3969.4113896463,1.03927561908485,Within Range
2023-06-04T00:00:00Z,2023-06-04T13:42:00Z,Seawater,G,C3,20,0,18.9695129286349,23205.5844274962,0.291613615080231,Within Range
2023-06-04T00:00:00Z,2023-06-04T13:46:00Z,Seawater,G,C3,35,0,17.8005377263998,21775.5660157863,0.291613615080231,Within Range
2023-06-04T00:00:00Z,2023-06-04T13:48:00Z,Seawater,G,C3,50,0,28.3559430650036,34688.0931150809,0.291613615080231,Within Range
2023-06-04T00:00:00Z,2023-06-04T13:50:00Z,Seawater,G,C6,10,0,13.1557929214493,16093.6058030521,1.09698537925674,Within Range
2023-06-04T00:00:00Z,2023-06-04T13:52:00Z,Seawater,G,C6,20,0,28.4987690960879,34862.8135486123,0.291613615080231,Within Range
2023-06-04T00:00:00Z,2023-06-04T13:54:00Z,Seawater,G,C6,35,0,17.8002357686173,21775.1966279776,0.849474630075103,Within Range
2023-06-04T00:00:00Z,2023-06-04T13:58:00Z,Seawater,W,C6,50,0,461.965192849095,11302.5277196674,72.7392946161206,Within Range
2023-06-04T00:00:00Z,2023-06-04T14:06:00Z,Seawater,G,F4,10,0,10.5278483018994,12878.8163158799,1.05466488846402,Within Range
2023-06-04T00:00:00Z,2023-06-04T14:00:00Z,Seawater,G,F4,20,0,27.8971786061741,34126.8822172706,0.291613615080231,Within Range
2023-06-04T00:00:00Z,2023-06-04T14:10:00Z,Seawater,G,F4,35,0,12.0694273293285,14764.6445080558,1.09826781837167,Within Range
2023-06-04T00:00:00Z,2023-06-04T14:12:00Z,Seawater,G,F4,50,0,23.2510327171132,28443.2080451038,0.798177065477873,Within Range
2023-06-04T00:00:00Z,2023-06-04T14:14:00Z,Seawater,G,F4,ATM,0,0.347993896445949,425.704222064651,1.58944199939014,Within Range
2023-06-04T00:00:00Z,2023-06-04T14:16:00Z,Seawater,G,H3,10,0,3.1825199132602,3893.20668470438,1.11750440509563,Within Range
2023-06-04T00:00:00Z,2023-06-04T14:18:00Z,Seawater,G,H3,20,0,15.8094039525049,19339.7932539667,0.291613615080231,Within Range
2023-06-04T00:00:00Z,2023-06-04T14:19:00Z,Seawater,G,H3,35,0,17.7968538414543,21771.0594845198,0.291613615080231,Within Range
2023-06-04T00:00:00Z,2023-06-04T14:20:00Z,Seawater,G,H3,50,0,24.2544505064036,29670.6985090408,0.291613615080231,Within Range
2023-06-04T00:00:00Z,2023-06-04T14:22:00Z,Seawater,G,H6,10,0,21.228096749574,25968.5313592682,0.662238519295215,Within Range
2023-06-04T00:00:00Z,2023-06-04T14:24:00Z,Seawater,G,H6,20,0,32.1504593028406,39329.9606870053,0.291613615080231,Within Range
2023-06-04T00:00:00Z,2023-06-04T14:26:00Z,Seawater,G,H6,35,0,39.9718120571524,48897.8954231384,0.784070235213635,Within Range
2023-06-04T00:00:00Z,2023-06-04T14:28:00Z,Seawater,G,H6,50,0,32.6293703849131,39915.8171394144,0.769963404949397,Within Range
2023-06-04T00:00:00Z,2023-06-04T12:20:00Z,Freshwater,G,C3,10,0,8.47088169228151,10362.509624,0.79304730901815,Within Range
2023-06-04T00:00:00Z,2023-06-04T12:25:00Z,Freshwater,G,C3,20,0,15.6966710340166,19201.8860094537,0.582727294169509,Within Range
2023-06-04T00:00:00Z,2023-06-04T12:30:00Z,Freshwater,G,C3,35,0,15.3222071488829,18743.800800086,0.732772670616406,Within Range
2023-06-04T00:00:00Z,2023-06-04T12:34:00Z,Freshwater,G,C3,50,0,23.2725381503771,28469.5158448419,0.562208268330617,Within Range
2023-06-04T00:00:00Z,2023-06-04T12:38:00Z,Freshwater,G,C6,10,0,18.6071756680431,22762.3338325272,0.876405851488649,Within Range
2023-06-04T00:00:00Z,2023-06-04T12:40:00Z,Freshwater,G,C6,20,0,23.4285718148644,28660.3933011273,0.291613615080231,Within Range
2023-06-04T00:00:00Z,2023-06-04T12:42:00Z,Freshwater,G,C6,35,0,23.7654298777757,29072.4749527953,0.291613615080231,Within Range
2023-06-04T00:00:00Z,2023-06-04T12:44:00Z,Freshwater,G,C6,50,0,30.0657004989289,36779.6555412094,0.291613615080231,Within Range
2023-06-04T00:00:00Z,2023-06-04T12:50:00Z,Freshwater,G,F4,10,0,4.34488224006033,5315.13550340297,1.11365708775084,Within Range
2023-06-04T00:00:00Z,2023-06-04T12:52:00Z,Freshwater,G,F4,20,0,16.8846756156997,20655.18324087,0.628895102307016,Within Range
2023-06-04T00:00:00Z,2023-06-04T12:54:00Z,Freshwater,G,F4,35,0,10.2655738112457,12557.9734529694,0.869993655913995,Within Range
2023-06-04T00:00:00Z,2023-06-04T12:55:00Z,Freshwater,G,F4,50,0,21.9797361007276,26888.0188805262,0.291613615080231,Within Range
2023-06-04T00:00:00Z,2023-06-04T12:48:00Z,Freshwater,G,F4,ATM,0,0.345258158937231,422.357568517516,1.57020541266618,Within Range
2023-06-04T00:00:00Z,2023-06-04T12:58:00Z,Freshwater,G,H3,10,0,8.62608799244498,10552.3749576895,1.15726001765848,Within Range
2023-06-04T00:00:00Z,2023-06-04T13:00:00Z,Freshwater,G,H3,20,0,18.7788447065041,22972.3381895489,0.617353150272639,Within Range
2023-06-04T00:00:00Z,2023-06-04T13:01:00Z,Freshwater,G,H3,35,0,19.1258787466828,23396.8682103713,0.616070711157708,Within Range
2023-06-04T00:00:00Z,2023-06-04T13:04:00Z,Freshwater,G,H3,50,0,16.9860247257909,20779.1645649937,0.680192666904245,Within Range
2023-06-04T00:00:00Z,2023-06-04T13:05:00Z,Freshwater,G,H6,10,0,10.0483876566629,12292.287577659,0.966176589533801,Within Range
2023-06-04T00:00:00Z,2023-06-04T13:06:00Z,Freshwater,G,H6,20,0,20.3839194164203,24935.8412501455,0.55066631629624,Within Range
2023-06-04T00:00:00Z,2023-06-04T13:08:00Z,Freshwater,G,H6,35,0,13.7491399639031,16819.4528472153,0.873840973258787,Within Range
2023-06-04T00:00:00Z,2023-06-04T13:10:00Z,Freshwater,G,H6,50,0,26.1746121231186,32019.6503602955,0.575032659479924,Within Range
2023-06-05T00:00:00Z,2023-06-05T14:12:00Z,Control,G,C3,10,1,3.63372334921792,4445.16811178393,1.05210001023416,Within Range
2023-06-05T00:00:00Z,2023-06-05T14:43:00Z,Control,G,C3,20,1,6.0852279973447,7444.11691455635,1.07646635341784,Within Range
2023-06-05T00:00:00Z,2023-06-05T14:47:00Z,Control,G,C3,35,1,8.67847162853906,10616.4563547487,0.631459980536877,Within Range
2023-06-05T00:00:00Z,2023-06-05T14:45:00Z,Control,G,C3,50,1,14.0256789401982,17157.7455902105,0.291613615080231,Within Range
2023-06-05T00:00:00Z,2023-06-05T14:50:00Z,Control,G,C6,10,1,3.27430903995999,4005.49319080348,1.21753465606023,Within Range
2023-06-05T00:00:00Z,2023-06-05T14:53:00Z,Control,G,C6,20,1,12.7225257777673,15563.5860118114,0.790482430788289,Within Range
2023-06-05T00:00:00Z,2023-06-05T14:55:00Z,Control,G,C6,35,1,12.0896766182175,14789.4156545095,0.768680965834466,Within Range
2023-06-05T00:00:00Z,2023-06-05T14:56:00Z,Control,G,C6,50,1,12.1781804442446,14897.6832212496,0.749444379110505,Within Range
2023-06-05T00:00:00Z,2023-06-05T16:05:00Z,Control,G,F4,10,1,3.70909201170975,4537.36730884405,1.15982489588834,Within Range
2023-06-05T00:00:00Z,2023-06-05T16:07:00Z,Control,G,F4,20,1,8.56960376966564,10483.2772741876,0.764833648489674,Within Range
2023-06-05T00:00:00Z,2023-06-05T16:09:00Z,Control,G,F4,35,1,6.42848756524321,7864.0295877695,1.38425174100122,Within Range
2023-06-05T00:00:00Z,2023-06-05T16:11:00Z,Control,G,F4,50,1,10.1886953598418,12463.9273168656,0.664803397525076,Within Range
2023-06-05T00:00:00Z,2023-06-05T16:12:00Z,Control,G,F4,ATM,1,0.54116836817081,662.016378824431,1.55481614328701,Within Range
2023-06-05T00:00:00Z,2023-06-05T16:13:00Z,Control,G,H3,10,1,3.82005545759316,4673.10994079779,1.00080244563693,Within Range
2023-06-05T00:00:00Z,2023-06-05T16:14:00Z,Control,G,H3,20,1,8.94809577161682,10946.2901169239,0.650696567260838,Within Range
2023-06-05T00:00:00Z,2023-06-05T16:16:00Z,Control,G,H3,35,1,12.946705274591,15837.826908772,0.626330224077154,Within Range
2023-06-05T00:00:00Z,2023-06-05T16:18:00Z,Control,G,H3,50,1,13.235080995957,16190.5996538696,1.07005415784319,Within Range
2023-06-05T00:00:00Z,2023-06-05T16:27:00Z,Control,G,H6,35,1,12.5828401076202,15392.7072114908,0.686604862478899,Within Range
2023-06-05T00:00:00Z,2023-06-05T16:29:00Z,Control,G,H6,50,1,12.2672821466808,15006.6821758509,0.667368275754938,Within Range
2023-06-05T00:00:00Z,2023-06-05T14:21:00Z,Seawater,G,C3,10,1,3.61068397041933,4416.98382197749,1.28293905092169,Within Range
2023-06-05T00:00:00Z,2023-06-05T14:22:00Z,Seawater,G,C3,20,1,18.5021607904734,22633.8681404056,0.613505832927847,Within Range
2023-06-05T00:00:00Z,2023-06-05T14:24:00Z,Seawater,G,C3,35,1,18.5796612749091,22728.6752153953,0.627612663192085,Within Range
2023-06-05T00:00:00Z,2023-06-05T14:25:00Z,Seawater,G,C3,50,1,31.0152188240574,37941.2102812873,0.291613615080231,Within Range
2023-06-05T00:00:00Z,2023-06-05T14:33:00Z,Seawater,G,C6,10,1,13.1356825331402,16069.0045749904,1.13161123535987,Within Range
2023-06-05T00:00:00Z,2023-06-05T14:34:00Z,Seawater,G,C6,20,1,30.2729280858476,37033.1590065877,0.291613615080231,Within Range
2023-06-05T00:00:00Z,2023-06-05T14:35:00Z,Seawater,G,C6,35,1,20.3808756819735,24932.1178210334,0.866146338569203,Within Range
2023-06-05T00:00:00Z,2023-06-05T14:36:00Z,Seawater,G,C6,50,1,11.8801903870864,14533.1491683219,1.57790004735576,Within Range
2023-06-05T00:00:00Z,2023-06-05T15:43:00Z,Seawater,G,F4,10,1,9.74429201314413,11920.2845032387,1.20855758225571,Within Range
2023-06-05T00:00:00Z,2023-06-05T15:44:00Z,Seawater,G,F4,20,1,28.5964705561674,34982.3326680064,0.291613615080231,Within Range
2023-06-05T00:00:00Z,2023-06-05T15:46:00Z,Seawater,G,F4,35,1,16.1127869756572,19710.9245731583,1.13417611358973,Within Range
2023-06-05T00:00:00Z,2023-06-05T15:47:00Z,Seawater,G,F4,50,1,32.753173075705,40067.2661409955,0.704559010087929,Within Range
2023-06-05T00:00:00Z,2023-06-05T15:49:00Z,Seawater,G,F4,ATM,1,0.382048695147187,467.363779133723,1.61252590345889,Within Range
2023-06-05T00:00:00Z,2023-06-05T15:51:00Z,Seawater,G,H3,10,1,3.37300696072153,4126.23128996642,1.65099907690682,Within Range
2023-06-05T00:00:00Z,2023-06-05T15:52:00Z,Seawater,G,H3,20,1,15.1036803017461,18476.4748429048,0.291613615080231,Within Range
2023-06-05T00:00:00Z,2023-06-05T15:53:00Z,Seawater,G,H3,35,1,18.7310689461697,22913.893650451,0.291613615080231,Within Range
2023-06-05T00:00:00Z,2023-06-05T15:54:00Z,Seawater,G,H3,50,1,25.652986093145,31381.5403084629,0.291613615080231,Within Range
2023-06-05T00:00:00Z,2023-06-05T15:56:00Z,Seawater,G,H6,10,1,22.638680451834,27694.1117322589,0.704559010087929,Within Range
2023-06-05T00:00:00Z,2023-06-05T15:57:00Z,Seawater,G,H6,20,1,34.9431702059455,42746.3103258915,0.291613615080231,Within Range
2023-06-05T00:00:00Z,2023-06-05T16:00:00Z,Seawater,G,H6,50,1,36.900388081719,45140.5934490342,0.291613615080231,Within Range
2023-06-05T00:00:00Z,2023-06-05T12:07:00Z,Freshwater,G,C3,10,1,7.9742336100697,9754.95533170588,1.00977951944145,Within Range
2023-06-05T00:00:00Z,2023-06-05T12:10:00Z,Freshwater,G,C3,20,1,16.2511017574721,19880.1263528272,0.655826323720561,Within Range
2023-06-05T00:00:00Z,2023-06-05T12:12:00Z,Freshwater,G,C3,35,1,16.1158367492596,19714.6553900265,0.790482430788289,Within Range
2023-06-05T00:00:00Z,2023-06-05T12:14:00Z,Freshwater,G,C3,50,1,26.4482704221694,32354.4191435954,0.587857050629232,Within Range
2023-06-05T00:00:00Z,2023-06-05T14:08:00Z,Freshwater,G,C6,10,1,18.7163394455433,22895.8749131409,0.932833172545601,Within Range
2023-06-05T00:00:00Z,2023-06-05T14:19:00Z,Freshwater,G,C6,20,1,23.2134389732021,28397.2192629164,0.291613615080231,Within Range
2023-06-05T00:00:00Z,2023-06-05T14:16:00Z,Freshwater,G,C6,35,1,25.3845577028857,31053.1693220103,0.291613615080231,Within Range
2023-06-05T00:00:00Z,2023-06-05T15:02:00Z,Freshwater,G,C6,50,1,33.3561586105736,40804.9040440135,0.291613615080231,Within Range
2023-06-05T00:00:00Z,2023-06-05T15:26:00Z,Freshwater,G,F4,10,1,4.36589850171671,5340.84489489089,1.25472539039322,Within Range
2023-06-05T00:00:00Z,2023-06-05T15:28:00Z,Freshwater,G,F4,20,1,16.5388010934055,20232.0716692333,0.736619987961198,Within Range
2023-06-05T00:00:00Z,2023-06-05T15:30:00Z,Freshwater,G,F4,35,1,10.9392778587568,13382.121980793,1.00977951944145,Within Range
2023-06-05T00:00:00Z,2023-06-05T15:31:00Z,Freshwater,G,F4,50,1,24.9485729391619,30519.825040491,0.291613615080231,Within Range
2023-06-05T00:00:00Z,2023-06-05T15:32:00Z,Freshwater,G,F4,ATM,1,0.358779828433963,438.898754592645,1.63689224664258,Within Range
2023-06-05T00:00:00Z,2023-06-05T15:18:00Z,Freshwater,G,H3,10,1,7.63104651203898,9335.13131156682,1.25087807304843,Within Range
2023-06-05T00:00:00Z,2023-06-05T15:20:00Z,Freshwater,G,H3,20,1,19.1550961817097,23432.6101747444,0.678910227789314,Within Range
2023-06-05T00:00:00Z,2023-06-05T15:22:00Z,Freshwater,G,H3,35,1,20.0367102407278,24511.0969843941,0.603246320008401,Within Range
2023-06-05T00:00:00Z,2023-06-05T15:24:00Z,Freshwater,G,H3,50,1,19.8660135063262,24302.2820561165,0.718665840352168,Within Range
2023-06-05T00:00:00Z,2023-06-05T15:34:00Z,Freshwater,G,H6,10,1,11.2649091313177,13780.4697937322,1.11109220952097,Within Range
2023-06-05T00:00:00Z,2023-06-05T15:35:00Z,Freshwater,G,H6,20,1,22.7356632523915,27812.7517086682,0.554513633641033,Within Range
2023-06-05T00:00:00Z,2023-06-05T15:37:00Z,Freshwater,G,H6,35,1,16.1767718297518,19789.1978498292,0.89564243821261,Within Range
2023-06-05T00:00:00Z,2023-06-05T15:39:00Z,Freshwater,G,H6,50,1,30.995627803134,37917.2444002566,1.40220588861025,Within Range
2023-06-06T00:00:00Z,2023-06-06T13:48:00Z,Control,G,C3,10,2,3.73747604325716,4572.08976286509,1.23805368189912,Within Range
2023-06-06T00:00:00Z,2023-06-06T13:50:00Z,Control,G,C3,20,2,6.35174801441919,7770.15337005773,0.869993655913995,Within Range
2023-06-06T00:00:00Z,2023-06-06T13:51:00Z,Control,G,C3,35,2,9.14509302886711,11187.2787233423,0.75842145291502,Within Range
2023-06-06T00:00:00Z,2023-06-06T13:52:00Z,Control,G,C3,50,2,15.5076213055995,18970.6196901613,0.291613615080231,Within Range
2023-06-06T00:00:00Z,2023-06-06T13:55:00Z,Control,G,C6,10,2,3.80579097195168,4655.66006071317,1.37655710631164,Within Range
2023-06-06T00:00:00Z,2023-06-06T13:57:00Z,Control,G,C6,20,2,13.05492694381,15970.2154994224,0.918726342281363,Within Range
2023-06-06T00:00:00Z,2023-06-06T14:11:00Z,Control,G,C6,35,2,12.3118813111442,15061.240755201,0.822543408661558,Within Range
2023-06-06T00:00:00Z,2023-06-06T14:12:00Z,Control,G,C6,50,2,13.4708677499368,16479.039818198,0.717383401237237,Within Range
2023-06-06T00:00:00Z,2023-06-06T16:32:00Z,Control,G,F4,10,2,3.40994243666705,4171.41480673082,1.38809905834601,Within Range
2023-06-06T00:00:00Z,2023-06-06T16:35:00Z,Control,G,F4,20,2,9.74658085313486,11923.0844628289,0.925138537856017,Within Range
2023-06-06T00:00:00Z,2023-06-06T16:36:00Z,Control,G,F4,35,2,6.89425140546918,8433.80289498623,0.89564243821261,Within Range
2023-06-06T00:00:00Z,2023-06-06T16:37:00Z,Control,G,F4,50,2,10.4707420460882,12808.9576934921,0.763551209374743,Within Range
2023-06-06T00:00:00Z,2023-06-06T16:38:00Z,Control,G,F4,ATM,2,0.5284982196205,646.516866369933,1.75102932787141,Within Range
2023-06-06T00:00:00Z,2023-06-06T16:40:00Z,Control,G,H3,10,2,3.97624010097167,4864.17209098759,1.1995805084512,Within Range
2023-06-06T00:00:00Z,2023-06-06T16:41:00Z,Control,G,H3,20,2,9.83019900224239,12025.3753348237,0.872558534143857,Within Range
2023-06-06T00:00:00Z,2023-06-06T16:42:00Z,Control,G,H3,35,2,12.753669703446,15601.6846704042,0.625047784962223,Within Range
2023-06-06T00:00:00Z,2023-06-06T16:44:00Z,Control,G,H3,50,2,15.3234693324134,18745.3448411265,1.03158098439527,Within Range
2023-06-06T00:00:00Z,2023-06-06T16:45:00Z,Control,G,H6,10,2,2.22001740348769,2715.76826885095,1.32654198082934,Within Range
2023-06-06T00:00:00Z,2023-06-06T16:46:00Z,Control,G,H6,20,2,7.50953870039349,9186.48965733208,0.666085836640007,Within Range
2023-06-06T00:00:00Z,2023-06-06T16:47:00Z,Control,G,H6,35,2,12.7347852637335,15578.583156846,0.605811198238262,Within Range
2023-06-06T00:00:00Z,2023-06-06T16:48:00Z,Control,G,H6,50,2,12.160087133922,14875.5495037502,0.623765345847293,Within Range
2023-06-06T00:00:00Z,2023-06-06T12:14:00Z,Freshwater,W,C3,10,2,234.215045248323,5730.34956368902,84.3453686062439,Within Range
2023-06-06T00:00:00Z,2023-06-06T12:20:00Z,Freshwater,W,C3,20,2,358.940820981052,8781.91396593758,81.2675147304101,Within Range
2023-06-06T00:00:00Z,2023-06-06T12:26:00Z,Freshwater,W,C3,35,2,415.345930821394,10161.9320438572,80.8186610401843,Within Range
2023-06-06T00:00:00Z,2023-06-06T12:30:00Z,Freshwater,W,C3,50,2,721.927290805,17662.8095410931,81.5240025533962,Within Range
2023-06-06T00:00:00Z,2023-06-06T12:36:00Z,Freshwater,W,C6,10,2,276.715905081608,6770.18363303269,82.6140758010874,Within Range
2023-06-06T00:00:00Z,2023-06-06T12:40:00Z,Freshwater,G,C6,20,2,20.213923224074,24727.8833015841,0.639154615226462,Within Range
2023-06-06T00:00:00Z,2023-06-06T12:42:00Z,Freshwater,W,C6,35,2,536.840456324455,13134.4400672804,79.9209536597328,Within Range
2023-06-06T00:00:00Z,2023-06-06T12:50:00Z,Freshwater,W,C6,50,2,780.498645776418,19095.8273818099,84.7942222964696,Within Range
2023-06-06T00:00:00Z,2023-06-06T14:20:00Z,Freshwater,W,F4,10,2,263.193933627094,6439.35252377393,83.5117831815389,Within Range
2023-06-06T00:00:00Z,2023-06-06T14:28:00Z,Freshwater,W,F4,20,2,566.142137572632,13851.340538716,84.1530027390043,Within Range
2023-06-06T00:00:00Z,2023-06-06T14:30:00Z,Freshwater,W,F4,35,2,316.013898716773,7731.65577263142,81.0110269074239,Within Range
2023-06-06T00:00:00Z,2023-06-06T14:40:00Z,Freshwater,W,F4,50,2,672.642345474103,16456.9947537727,78.9591243235348,Within Range
2023-06-06T00:00:00Z,2023-06-06T14:43:00Z,Freshwater,G,F4,ATM,2,0.345837917879476,423.066793110287,1.66638834628599,Within Range
2023-06-06T00:00:00Z,2023-06-06T14:44:00Z,Freshwater,W,H3,10,2,190.900107233635,4670.59810369839,84.60185642923,Within Range
2023-06-06T00:00:00Z,2023-06-06T14:49:00Z,Freshwater,G,H3,20,2,15.5926526171288,19074.6392971009,0.802024382822666,Within Range
2023-06-06T00:00:00Z,2023-06-06T12:59:00Z,Seawater,W,C3,10,2,359.55590898384,8796.96282526542,202.522133047112,Within Range
2023-06-06T00:00:00Z,2023-06-06T13:05:00Z,Seawater,W,C3,20,2,468.127245314924,11453.2896599243,127.050591133438,Within Range
2023-06-06T00:00:00Z,2023-06-06T13:10:00Z,Seawater,W,C3,35,2,622.753182620584,15236.3970663467,127.307078956424,Within Range
2023-06-06T00:00:00Z,2023-06-06T13:15:00Z,Seawater,W,C3,50,2,748.251366360742,18306.8593488901,100.311735587132,Within Range
2023-06-06T00:00:00Z,2023-06-06T13:22:00Z,Seawater,W,C6,10,2,369.606875729445,9042.87167729612,160.394008121637,Within Range
2023-06-06T00:00:00Z,2023-06-06T13:31:00Z,Seawater,W,C6,20,2,596.343653012418,14590.2565235522,107.108662896265,Within Range
2023-06-06T00:00:00Z,2023-06-06T13:36:00Z,Seawater,W,C6,35,2,617.815267004683,15115.585089622,129.807835230539,Within Range
2023-06-06T00:00:00Z,2023-06-06T13:42:00Z,Seawater,W,C6,50,2,618.683395629138,15136.8248886243,137.823079698856,Within Range
2023-06-06T00:00:00Z,2023-06-06T15:34:00Z,Seawater,W,F4,10,2,234.173375074349,5729.33005333691,202.393889135619,Within Range
2023-06-06T00:00:00Z,2023-06-06T15:40:00Z,Seawater,G,F4,20,2,20.192109793872,24701.1987262812,1.66254102894119,Within Range
2023-06-06T00:00:00Z,2023-06-06T15:46:00Z,Seawater,W,F4,35,2,581.816766058013,14234.8389617441,109.737663081873,Within Range
2023-06-06T00:00:00Z,2023-06-06T15:49:00Z,Seawater,W,F4,50,2,528.29112563082,12925.2705267064,126.665859398958,Within Range
2023-06-06T00:00:00Z,2023-06-06T15:51:00Z,Seawater,G,F4,ATM,2,0.329000751931781,402.469728895253,1.68306005478009,Within Range
2023-06-06T00:00:00Z,2023-06-06T15:54:00Z,Seawater,G,H3,10,2,2.97970090996487,3645.09628133362,2.51921035771493,Within Range
2023-06-06T00:00:00Z,2023-06-06T15:59:00Z,Seawater,G,H3,20,2,16.5815824720186,20284.4065339748,1.90107470431831,Within Range
2023-06-06T00:00:00Z,2023-06-06T16:03:00Z,Seawater,W,H3,35,2,612.449477211094,14984.3046623978,106.595687250292,Within Range
2023-06-06T00:00:00Z,2023-06-06T16:08:00Z,Seawater,W,H3,50,2,598.957701534822,14654.2123287565,91.1422959153768,Within Range
2023-06-06T00:00:00Z,2023-06-06T16:13:00Z,Seawater,W,H6,10,2,592.379853202602,14493.2774482471,210.024401869457,Within Range
2023-06-06T00:00:00Z,2023-06-06T16:18:00Z,Seawater,W,H6,20,2,732.362649807626,17918.1230067342,111.789565665762,Within Range
2023-06-06T00:00:00Z,2023-06-06T16:22:00Z,Seawater,W,H6,35,2,781.150270670879,19111.7701596349,113.007882824946,Within Range
2023-06-06T00:00:00Z,2023-06-06T16:26:00Z,Seawater,W,H6,50,2,930.440010045627,22764.3211389382,108.134614188209,Within Range
2023-06-06T00:00:00Z,2023-06-06T15:08:00Z,Freshwater,W,H6,20,2,2.32052708384727,56.7744542130261,14.5806807540115,Within Range
2023-06-06T00:00:00Z,2023-06-06T15:10:00Z,Freshwater,G,H6,35,2,13.9223429478987,17031.3336943054,0.898207316442471,Within Range
2023-06-06T00:00:00Z,2023-06-06T15:12:00Z,Freshwater,G,H6,50,2,25.17051190924,30791.3250799108,0.655826323720561,Within Range
2023-06-07T00:00:00Z,2023-06-10T23:03:00Z,Control,G,C3,10,3_AM,3.82347965884579,4677.29879854883,1.2624200250828,Within Range
2023-06-07T00:00:00Z,2023-06-10T23:05:00Z,Control,G,C3,20,3_AM,7.09014349723581,8673.43954202462,0.914879024936571,Within Range
2023-06-07T00:00:00Z,2023-06-10T23:06:00Z,Control,G,C3,35,3_AM,9.6726434705317,11832.6361639822,0.696864375398345,Within Range
2023-06-07T00:00:00Z,2023-06-10T23:08:00Z,Control,G,C3,50,3_AM,16.8543107410997,20618.0376028237,0.645566810801115,Within Range
2023-06-07T00:00:00Z,2023-06-07T10:00:00Z,Control,G,C6,10,3_AM,4.0962803977946,5011.01852047189,1.49069418754047,Within Range
2023-06-07T00:00:00Z,2023-06-07T10:01:00Z,Control,G,C6,20,3_AM,13.273055206674,16237.053864696,1.02773366705048,Within Range
2023-06-07T00:00:00Z,2023-06-07T10:02:00Z,Control,G,C6,35,3_AM,13.3724295128682,16358.6193925505,0.898207316442471,Within Range
2023-06-07T00:00:00Z,2023-06-07T10:03:00Z,Control,G,C6,50,3_AM,14.2986970887504,17491.7312713558,0.750726818225436,Within Range
2023-06-07T00:00:00Z,2023-06-07T10:05:00Z,Control,G,F4,10,3_AM,4.09686015673684,5011.72774506466,1.42785467090887,Within Range
2023-06-07T00:00:00Z,2023-06-07T10:06:00Z,Control,G,F4,20,3_AM,10.2469007419809,12535.1305108772,0.890512681752887,Within Range
2023-06-07T00:00:00Z,2023-06-07T10:08:00Z,Control,G,F4,35,3_AM,7.87754068898342,9636.66996759293,0.975153663338316,Within Range
2023-06-07T00:00:00Z,2023-06-07T10:09:00Z,Control,G,F4,50,3_AM,12.2671975985018,15006.5787472645,0.769963404949397,Within Range
2023-06-07T00:00:00Z,2023-06-07T10:10:00Z,Control,G,F4,ATM,3_AM,0.365175294265602,446.722388381641,1.80489177069851,Within Range
2023-06-07T00:00:00Z,2023-06-07T10:11:00Z,Control,G,H3,10,3_AM,4.48160268478409,5482.38691544175,1.17393172615258,Within Range
2023-06-07T00:00:00Z,2023-06-07T10:12:00Z,Control,G,H3,20,3_AM,9.74455169683701,11920.6021767542,0.741749744420921,Within Range
2023-06-07T00:00:00Z,2023-06-07T10:13:00Z,Control,G,H3,35,3_AM,14.1213029307347,17274.7233214805,0.685322423363968,Within Range
2023-06-07T00:00:00Z,2023-06-07T10:14:00Z,Control,G,H3,50,3_AM,15.4136822394889,18855.703142864,0.780222917868843,Within Range
2023-06-07T00:00:00Z,2023-06-07T10:17:00Z,Control,G,H6,10,3_AM,2.11440464950875,2586.57118886799,1.3457785675533,Within Range
2023-06-07T00:00:00Z,2023-06-07T10:19:00Z,Control,G,H6,20,3_AM,7.74011366304879,9468.55418808171,0.686604862478899,Within Range
2023-06-07T00:00:00Z,2023-06-07T10:21:00Z,Control,G,H6,35,3_AM,13.3780942408664,16365.5491078424,0.626330224077154,Within Range
2023-06-07T00:00:00Z,2023-06-07T10:23:00Z,Control,G,H6,50,3_AM,13.6260015802325,16668.8164988134,0.719948279467098,Within Range
2023-06-07T00:00:00Z,2023-06-10T09:02:00Z,Seawater,W,C3,10,3_AM,274.185498864935,6708.27423628879,147.441373060836,Within Range
2023-06-07T00:00:00Z,2023-06-10T09:06:00Z,Seawater,G,C3,20,3_AM,15.0964272758124,18467.602147739,3.40922310347686,Within Range
2023-06-07T00:00:00Z,2023-06-10T10:01:00Z,Seawater,W,C3,35,3_AM,654.164944852307,16004.9231779311,105.954467692827,Within Range
2023-06-07T00:00:00Z,2023-06-10T10:07:00Z,Seawater,W,C3,50,3_AM,836.766968741325,20472.4988061823,110.699492418071,Within Range
2023-06-07T00:00:00Z,2023-06-10T22:03:00Z,Seawater,W,C6,10,3_AM,332.925648236725,8145.42183270724,151.352812361375,Within Range
2023-06-07T00:00:00Z,2023-06-10T22:09:00Z,Seawater,W,C6,20,3_AM,755.800914836787,18491.5680287697,105.313248135362,Within Range
2023-06-07T00:00:00Z,2023-06-10T23:03:00Z,Seawater,W,C6,35,3_AM,658.728130860226,16116.566949243,139.746738371252,Within Range
2023-06-07T00:00:00Z,2023-06-07T10:13:00Z,Seawater,W,C6,50,3_AM,585.003628493665,14312.8093404118,168.4733745457,Within Range
2023-06-07T00:00:00Z,2023-06-10T11:07:00Z,Seawater,W,F4,10,3_AM,231.475382288433,5663.32045191606,203.996938029282,Within Range
2023-06-07T00:00:00Z,2023-06-10T12:02:00Z,Seawater,W,F4,20,3_AM,597.104586624115,14608.8736691125,146.736031547624,Within Range
2023-06-07T00:00:00Z,2023-06-10T12:08:00Z,Seawater,W,F4,35,3_AM,668.255804768899,16349.672819823,123.459761611631,Within Range
2023-06-07T00:00:00Z,2023-06-10T13:04:00Z,Seawater,W,F4,50,3_AM,786.574036358692,19244.4690360446,120.189541868558,Within Range
2023-06-07T00:00:00Z,2023-06-10T13:07:00Z,Seawater,G,F4,ATM,3_AM,0.431225539591978,527.522277664216,2.04470788519055,Within Range
2023-06-07T00:00:00Z,2023-06-10T10:00:00Z,Freshwater,W,C3,10,3_AM,331.064984381458,8099.8984791588,95.1178571716621,Within Range
2023-06-07T00:00:00Z,2023-06-10T10:03:00Z,Freshwater,W,C3,20,3_AM,409.265406956819,10013.1647977674,100.568223410118,Within Range
2023-06-07T00:00:00Z,2023-06-10T10:05:00Z,Freshwater,W,C3,35,3_AM,444.551589494762,10876.4832088293,91.527027649856,Within Range
2023-06-07T00:00:00Z,2023-06-10T11:00:00Z,Freshwater,W,C3,50,3_AM,755.949478065737,18495.2028048077,93.8354180567313,Within Range
2023-06-07T00:00:00Z,2023-06-10T12:00:00Z,Freshwater,W,C6,10,3_AM,589.187253569083,14415.1667022121,80.2415634384655,Within Range
2023-06-07T00:00:00Z,2023-06-10T13:00:00Z,Freshwater,W,C6,20,3_AM,1471.65011591352,36005.669877812,45.9363171140681,Within Range
2023-06-07T00:00:00Z,2023-06-10T12:00:00Z,Freshwater,W,C6,35,3_AM,532.686423111714,13032.8067055852,95.8873206406205,Within Range
2023-06-07T00:00:00Z,2023-06-10T13:02:00Z,Freshwater,W,C6,50,3_AM,812.331639114615,19874.659413258,99.7346379854128,Within Range
2023-06-07T00:00:00Z,2023-06-10T13:06:00Z,Freshwater,W,F4,10,3_AM,278.042707577558,6802.64543366427,89.2827591987272,Within Range
2023-06-07T00:00:00Z,2023-06-10T18:06:00Z,Freshwater,W,F4,20,3_AM,870.753826941518,21304.0277024245,89.731612888953,Within Range
2023-06-07T00:00:00Z,2023-06-10T13:06:00Z,Freshwater,W,F4,35,3_AM,420.262105476961,10282.2121021373,100.568223410118,Within Range
2023-06-07T00:00:00Z,2023-06-10T18:06:00Z,Freshwater,W,F4,50,3_AM,697.383558334403,17062.317943702,90.8858080923906,Within Range
2023-06-07T00:00:00Z,2023-06-10T19:00:00Z,Freshwater,G,F4,ATM,3_AM,0.425717829640652,520.784644032899,1.86773128733011,Within Range
2023-06-07T00:00:00Z,2023-06-10T19:05:00Z,Freshwater,G,H3,10,3_AM,7.13278597526905,8725.6044883741,1.76898347548044,Within Range
2023-06-07T00:00:00Z,2023-06-10T19:00:00Z,Freshwater,G,H3,20,3_AM,13.8654057884458,16961.6819290904,1.41759515798942,Within Range
2023-06-07T00:00:00Z,2023-06-10T19:03:00Z,Freshwater,W,H3,35,3_AM,621.226484072673,15199.0445711275,95.8873206406205,Within Range
2023-06-07T00:00:00Z,2023-06-10T19:05:00Z,Freshwater,W,H3,50,3_AM,658.438251389103,16109.4747033153,88.7697835527549,Within Range
2023-06-07T00:00:00Z,2023-06-10T20:00:00Z,Freshwater,W,H6,10,3_AM,239.129408157195,5850.58529543208,85.9484174999073,Within Range
2023-06-07T00:00:00Z,2023-06-10T20:05:00Z,Freshwater,W,H6,20,3_AM,422.97972551873403,10348.7019077095,93.5148082779987,Within Range
2023-06-07T00:00:00Z,2023-06-10T21:00:00Z,Freshwater,W,H6,35,3_AM,354.399073975684,8670.79472531408,102.171272303781,Within Range
2023-06-07T00:00:00Z,2023-06-10T21:02:00Z,Freshwater,W,H6,50,3_AM,800.954171830842,19596.2961483519,88.064442039543,Within Range
2023-06-05T00:00:00Z,2023-06-05T16:20:00Z,Control,G,H6,10,1,2.45812923239218,3007.0527193066,1.37399222808178,Within Range
2023-06-05T00:00:00Z,2023-06-05T16:25:00Z,Control,G,H6,20,1,9.67601935853914,11836.7659196839,1.18034392172723,Within Range
2023-06-06T00:00:00Z,2023-06-06T14:55:00Z,Freshwater,W,H3,35,2,587.670821585774,14378.0653907028,91.9758813400818,Within Range
2023-06-06T00:00:00Z,2023-06-06T15:00:00Z,Freshwater,W,H3,50,2,673.044251282503,16466.8278572412,90.6293202694045,Within Range
2023-06-06T00:00:00Z,2023-06-06T15:03:00Z,Freshwater,W,H6,10,2,157.305794150587,3848.67329048335,92.5529789418006,Within Range
2023-06-07T00:00:00Z,2023-06-10T18:03:00Z,Seawater,W,H3,10,3_AM,125.907016103508,3080.46485241448,122.177322496701,Within Range
2023-06-07T00:00:00Z,2023-06-10T18:08:00Z,Seawater,G,H3,20,3_AM,22.0148719082899,26931.0008459505,1.51506053072416,Within Range
2023-06-07T00:00:00Z,2023-06-10T19:00:00Z,Seawater,W,H3,35,3_AM,702.658156877701,17191.3672685615,111.468955887029,Within Range
2023-06-07T00:00:00Z,2023-06-10T19:05:00Z,Seawater,W,H3,50,3_AM,636.73835731333,15578.5609935775,129.423103496059,Within Range
2023-06-07T00:00:00Z,2023-06-10T20:02:00Z,Seawater,W,H6,10,3_AM,517.011492668551,12649.3008948009,311.080604125999,Within Range
2023-06-07T00:00:00Z,2023-06-10T20:07:00Z,Seawater,W,H6,20,3_AM,1010.89968074905,24732.8626492459,114.22619998413,Within Range
2023-06-07T00:00:00Z,2023-06-10T21:02:00Z,Seawater,W,H6,35,3_AM,965.502441866798,23622.1652226746,120.574273603037,Within Range
2023-06-07T00:00:00Z,2023-06-10T21:06:00Z,Seawater,W,H6,50,3_AM,1011.99488162588,24759.6580408915,133.078054973612,Within Range
2023-06-08T00:00:00Z,2023-06-08T13:13:00Z,Control,G,C3,10,3_PM,5.14040813531066,6288.30984878241,2.17808155314335,Within Range
2023-06-08T00:00:00Z,2023-06-08T13:15:00Z,Control,G,C3,20,3_PM,8.44801744899673,10334.5395791226,1.51506053072416,Within Range
2023-06-08T00:00:00Z,2023-06-08T13:16:00Z,Control,G,C3,35,3_PM,12.983598476447,15882.9587112432,1.04825269288937,Within Range
2023-06-08T00:00:00Z,2023-06-08T13:17:00Z,Control,G,C3,50,3_PM,0.713876141403298,873.29142990819,2.43328693701457,Within Range
2023-06-08T00:00:00Z,2023-06-08T13:18:00Z,Control,G,C6,10,3_PM,5.27248446934082,6449.88007632286,2.08061618040862,Within Range
2023-06-08T00:00:00Z,2023-06-08T13:20:00Z,Control,G,C6,20,3_PM,15.8300035124216,19364.9928902785,1.59072443850507,Within Range
2023-06-08T00:00:00Z,2023-06-08T13:21:00Z,Control,G,C6,35,3_PM,15.5305278229739,18998.6414493319,1.48941174842554,Within Range
2023-06-08T00:00:00Z,2023-06-08T13:22:00Z,Control,G,C6,50,3_PM,16.0697640308181,19658.2941981698,1.33936637197865,Within Range
2023-06-08T00:00:00Z,2023-06-08T13:23:00Z,Control,G,F4,10,3_PM,5.60777235178346,6860.04091138543,1.96776153829471,Within Range
2023-06-08T00:00:00Z,2023-06-08T13:24:00Z,Control,G,F4,20,3_PM,11.725998665071801,14344.5249776697,1.43041954913873,Within Range
2023-06-08T00:00:00Z,2023-06-08T13:25:00Z,Control,G,F4,35,3_PM,9.18236065837328,11232.8685666963,1.63817468575751,Within Range
2023-06-08T00:00:00Z,2023-06-08T13:26:00Z,Control,G,F4,50,3_PM,13.9680774736239,17087.2811718163,1.34064881109358,Within Range
2023-06-08T00:00:00Z,2023-06-08T13:27:00Z,Control,G,F4,ATM,3_PM,0.692545843653205,847.197875099188,2.4679127931177,Within Range
2023-06-08T00:00:00Z,2023-06-08T14:18:00Z,Control,G,H3,10,3_PM,5.82326754278475,7123.65821496686,1.70486151973391,Within Range
2023-06-08T00:00:00Z,2023-06-08T14:20:00Z,Control,G,H3,20,3_PM,11.2976353157763,13820.5040444429,1.28550392915156,Within Range
2023-06-08T00:00:00Z,2023-06-08T14:21:00Z,Control,G,H3,35,3_PM,15.4903130855113,18949.4463809646,1.23805368189912,Within Range
2023-06-08T00:00:00Z,2023-06-08T14:21:00Z,Control,G,H3,50,3_PM,17.0398154851511,20844.9673092416,1.34064881109358,Within Range
2023-06-08T00:00:00Z,2023-06-08T14:23:00Z,Control,G,H6,10,3_PM,3.4448729129373,4214.14558844522,1.9215937301572,Within Range
2023-06-08T00:00:00Z,2023-06-08T14:24:00Z,Control,G,H6,20,3_PM,9.30551715951078,11383.5270783667,1.12263416155535,Within Range
2023-06-08T00:00:00Z,2023-06-08T14:26:00Z,Control,G,H6,35,3_PM,15.2449119957392,18649.2449088061,1.1457180656241,Within Range
2023-06-08T00:00:00Z,2023-06-08T14:28:00Z,Control,G,H6,50,3_PM,15.3535805624762,18782.1801934135,1.12391660067028,Within Range
2023-06-08T00:00:00Z,2023-06-08T12:38:00Z,Seawater,G,C3,10,3_PM,8.31783137068451,10175.2817192648,4.90582955060104,Within Range
2023-06-08T00:00:00Z,2023-06-08T12:39:00Z,Seawater,G,C3,20,3_PM,6.51972712877899,7975.64380805671,2.44867620639374,Within Range
2023-06-08T00:00:00Z,2023-06-08T12:40:00Z,Seawater,G,C3,35,3_PM,15.4970105091253,18957.6394025623,2.66027866035731,Within Range
2023-06-08T00:00:00Z,2023-06-08T12:43:00Z,Seawater,G,C3,50,3_PM,18.0395916635854,22068.0029562052,2.62308792602432,Within Range
2023-06-08T00:00:00Z,2023-06-08T12:45:00Z,Seawater,G,C6,10,3_PM,6.41939863599239,7852.9110147266,4.59419684567287,Within Range
2023-06-08T00:00:00Z,2023-06-08T12:47:00Z,Seawater,G,C6,20,3_PM,17.3008579880525,21164.3030698926,3.03859819926188,Within Range
2023-06-08T00:00:00Z,2023-06-08T12:52:00Z,Seawater,W,C6,35,3_PM,686.661641396262,16799.9934974512,176.039765323792,Within Range
2023-06-08T00:00:00Z,2023-06-08T12:56:00Z,Seawater,W,C6,50,3_PM,615.660194311557,15062.8586738033,231.63350095604,Within Range
2023-06-08T00:00:00Z,2023-06-08T12:59:00Z,Seawater,G,F4,10,3_PM,5.35825859701482,6554.80837727197,5.08408858757641,Within Range
2023-06-08T00:00:00Z,2023-06-08T13:02:00Z,Seawater,G,F4,20,3_PM,8.72199582329697,10669.6999134997,4.53263976815619,Within Range
2023-06-08T00:00:00Z,2023-06-08T13:03:00Z,Seawater,W,F4,35,3_PM,805.738994851057,19713.362532696,143.016958114325,Within Range
2023-06-08T00:00:00Z,2023-06-08T13:05:00Z,Seawater,W,F4,50,3_PM,897.551674257875,21959.6688996596,145.261226565454,Within Range
2023-06-08T00:00:00Z,2023-06-08T13:31:00Z,Seawater,G,F4,ATM,3_PM,0.589970784965402,721.716836472094,2.44739376727881,Within Range
2023-06-08T00:00:00Z,2023-06-08T13:57:00Z,Seawater,G,H3,10,3_PM,2.61996048630193,3205.02242151974,2.81032403680421,Within Range
2023-06-08T00:00:00Z,2023-06-08T13:58:00Z,Seawater,G,H3,20,3_PM,13.3970934245362,16388.790988768,2.95908697413617,Within Range
2023-06-08T00:00:00Z,2023-06-08T13:59:00Z,Seawater,G,H3,35,3_PM,14.3394070369761,17541.5321357294,3.24122357942094,Within Range
2023-06-08T00:00:00Z,2023-06-08T14:01:00Z,Seawater,G,H3,50,3_PM,12.9537288126101,15846.4188692032,2.81673623237886,Within Range
2023-06-08T00:00:00Z,2023-06-08T14:05:00Z,Seawater,G,H6,10,3_PM,14.467400901788,17698.1082400958,5.80481937016749,Within Range
2023-06-08T00:00:00Z,2023-06-08T14:07:00Z,Seawater,G,H6,20,3_PM,20.5471698719074,25135.5470750597,2.87957574901047,Within Range
2023-06-08T00:00:00Z,2023-06-08T14:08:00Z,Seawater,G,H6,35,3_PM,20.1964096726936,24706.4588086775,2.95010990033166,Within Range
2023-06-08T00:00:00Z,2023-06-08T14:10:00Z,Seawater,W,H6,50,3_PM,908.011491840876,22215.5807735508,151.801666051601,Within Range
2023-06-08T00:00:00Z,2023-06-08T12:01:00Z,Freshwater,G,C3,10,3_PM,6.8881880931982,8426.38558778684,2.39096644622185,Within Range
2023-06-08T00:00:00Z,2023-06-08T12:03:00Z,Freshwater,G,C3,20,3_PM,8.75056706866947,10704.6513879622,2.42174498498019,Within Range
2023-06-08T00:00:00Z,2023-06-08T12:09:00Z,Freshwater,W,C3,35,3_PM,558.99238120051,13676.4132480117,118.650614930641,Within Range
2023-06-08T00:00:00Z,2023-06-08T12:12:00Z,Freshwater,W,C3,50,3_PM,863.043033009661,21115.373960747602,118.009395373176,Within Range
2023-06-08T00:00:00Z,2023-06-08T12:14:00Z,Freshwater,G,C6,10,3_PM,8.2678030052933,10114.0815471137,2.44739376727881,Within Range
2023-06-08T00:00:00Z,2023-06-08T12:16:00Z,Freshwater,G,C6,20,3_PM,15.3530611950905,18781.5448463824,2.33838644250969,Within Range
2023-06-08T00:00:00Z,2023-06-08T12:18:00Z,Freshwater,G,C6,35,3_PM,13.1149984250445,16043.7015100921,2.3845542506472,Within Range
2023-06-08T00:00:00Z,2023-06-08T12:20:00Z,Freshwater,G,C6,50,3_PM,16.1915073695339,19807.2239748954,2.34351619896942,Within Range
2023-06-08T00:00:00Z,2023-06-08T12:24:00Z,Freshwater,G,F4,10,3_PM,6.64753981892139,8131.99827973783,2.41148547206075,Within Range
2023-06-08T00:00:00Z,2023-06-08T12:25:00Z,Freshwater,G,F4,20,3_PM,14.1825822430989,17349.6868833851,2.54998889647327,Within Range
2023-06-08T00:00:00Z,2023-06-08T12:28:00Z,Freshwater,W,F4,35,3_PM,419.152712584353,10255.0694859515,117.817029505936,Within Range
2023-06-08T00:00:00Z,2023-06-08T12:32:00Z,Freshwater,W,F4,50,3_PM,827.676227743812,20250.0830187871,119.612444266839,Within Range
2023-06-08T00:00:00Z,2023-06-08T12:35:00Z,Freshwater,G,F4,ATM,3_PM,0.562051768402922,687.563239676506,2.41405035029061,Within Range
2023-06-08T00:00:00Z,2023-06-08T13:33:00Z,Freshwater,G,H3,10,3_PM,4.37306094031569,5349.60677371407,2.38840156799199,Within Range
2023-06-08T00:00:00Z,2023-06-08T13:34:00Z,Freshwater,W,H3,20,3_PM,744.360036418705,18211.6533350669,109.545297214633,Within Range
2023-06-08T00:00:00Z,2023-06-08T13:38:00Z,Freshwater,W,H3,35,3_PM,649.839701576934,15899.1009584849,116.406346479512,Within Range
2023-06-08T00:00:00Z,2023-06-08T13:44:00Z,Freshwater,W,H3,50,3_PM,747.720826537031,18293.8790612912,116.149858656526,Within Range
2023-06-08T00:00:00Z,2023-06-08T13:47:00Z,Freshwater,G,H6,10,3_PM,4.27148838146552,5225.35210261197,2.43328693701457,Within Range
2023-06-08T00:00:00Z,2023-06-08T13:48:00Z,Freshwater,G,H6,20,3_PM,9.16973278391251,11217.420768535,2.43072205878471,Within Range
2023-06-08T00:00:00Z,2023-06-08T13:51:00Z,Freshwater,G,H6,35,3_PM,6.98607072794721,8546.1263398662,2.4012259591413,Within Range
2023-06-08T00:00:00Z,2023-06-08T13:53:00Z,Freshwater,G,H6,50,3_PM,16.8627474415404,20628.3582981997,2.39737864179651,Within Range
2023-06-08T00:00:00Z,2023-06-08T13:13:00Z,Control,G,C3,10,4,3.43389372796854,4200.71464771964,1.42528979267901,Within Range
2023-06-08T00:00:00Z,2023-06-08T13:15:00Z,Control,G,C3,20,4,6.48934413671197,7938.47600674184,0.994390250062277,Within Range
2023-06-08T00:00:00Z,2023-06-08T13:16:00Z,Control,G,C3,35,4,9.68252352917245,11844.722533084,0.782787796098705,Within Range
2023-06-08T00:00:00Z,2023-06-08T13:17:00Z,Control,G,C3,50,4,15.4668751224399,18920.7744992506,0.613505832927847,Within Range
2023-06-08T00:00:00Z,2023-06-08T13:18:00Z,Control,G,C6,10,4,4.16646746474012,5096.87902273413,1.43554930559845,Within Range
2023-06-08T00:00:00Z,2023-06-08T13:20:00Z,Control,G,C6,20,4,14.5251050340083,17768.6982503449,0.954634637499424,Within Range
2023-06-08T00:00:00Z,2023-06-08T13:21:00Z,Control,G,C6,35,4,15.0421111099108,18401.1566687039,0.786635113443497,Within Range
2023-06-08T00:00:00Z,2023-06-08T13:22:00Z,Control,G,C6,50,4,14.4455633149634,17671.3941137681,0.77509316140912,Within Range
2023-06-08T00:00:00Z,2023-06-08T13:23:00Z,Control,G,F4,10,4,3.88386517617398,4751.16897253955,1.42528979267901,Within Range
2023-06-08T00:00:00Z,2023-06-08T13:24:00Z,Control,G,F4,20,4,8.84201800265295,10816.5241797155,0.986695615372692,Within Range
2023-06-08T00:00:00Z,2023-06-08T13:25:00Z,Control,G,F4,35,4,7.11774243854893,8707.20158774295,0.985413176257762,Within Range
2023-06-08T00:00:00Z,2023-06-08T13:20:00Z,Control,G,F4,50,4,11.7266206981036,14345.2859165557,0.731490231501475,Within Range
2023-06-08T00:00:00Z,2023-06-08T13:27:00Z,Control,G,F4,ATM,4,0.548330806769794,670.778257647612,1.76513615813565,Within Range
2023-06-08T00:00:00Z,2023-06-08T14:18:00Z,Control,G,H3,10,4,4.05298569095133,4958.05569645554,1.13802343093452,Within Range
2023-06-08T00:00:00Z,2023-06-08T14:20:00Z,Control,G,H3,20,4,9.17878547822944,11228.4950150408,0.753291696455297,Within Range
2023-06-08T00:00:00Z,2023-06-08T14:21:00Z,Control,G,H3,35,4,12.9051015313293,15786.9326564846,0.655826323720561,Within Range
2023-06-08T00:00:00Z,2023-06-08T14:21:00Z,Control,G,H3,50,4,14.0422685007643,17178.0397564223,0.596834124433747,Within Range
2023-06-08T00:00:00Z,2023-06-08T14:23:00Z,Control,G,H6,10,4,2.15759669070599,2639.40842102937,1.2124048996005,Within Range
2023-06-08T00:00:00Z,2023-06-08T14:24:00Z,Control,G,H6,20,4,7.70309967807985,9423.27463048704,0.622482906732362,Within Range
2023-06-08T00:00:00Z,2023-06-08T14:26:00Z,Control,G,H6,35,4,13.5895613150502,16624.2387780553,0.621200467617431,Within Range
2023-06-08T00:00:00Z,2023-06-08T14:28:00Z,Control,G,H6,50,4,13.1436783752187,16078.7859641657,0.662238519295215,Within Range
2023-06-08T00:00:00Z,2023-06-08T12:38:00Z,Seawater,G,C3,10,4,11.7605365962249,14386.7755552328,1.60098395142452,Within Range
2023-06-08T00:00:00Z,2023-06-08T12:39:00Z,Seawater,G,C3,20,4,21.7781551243402,26641.4229671712,2.80391184122955,Within Range
2023-06-08T00:00:00Z,2023-06-08T12:40:00Z,Seawater,G,C3,35,4,30.0896819860086,36808.9923209791,1.53301467833319,Within Range
2023-06-08T00:00:00Z,2023-06-08T12:43:00Z,Seawater,G,C3,50,4,20.0778006557594,24561.3632774066,1.6920371285846,Within Range
2023-06-08T00:00:00Z,2023-06-08T12:45:00Z,Seawater,G,C6,10,4,8.50540150596767,10404.7380382945,1.92415860838706,Within Range
2023-06-08T00:00:00Z,2023-06-08T12:47:00Z,Seawater,G,C6,20,4,16.7964435516768,20547.2481231578,2.00623471174263,Within Range
2023-06-08T00:00:00Z,2023-06-08T12:52:00Z,Seawater,W,C6,35,4,737.543037522809,18044.8673516671,124.42159094783,Within Range
2023-06-08T00:00:00Z,2023-06-08T12:56:00Z,Seawater,W,C6,50,4,636.011846888829,15560.7860522212,162.381788749779,Within Range
2023-06-08T00:00:00Z,2023-06-08T12:59:00Z,Seawater,G,F4,10,4,15.0071081637728,18358.3372339154,1.98571568590374,Within Range
2023-06-08T00:00:00Z,2023-06-08T13:02:00Z,Seawater,G,F4,20,4,28.2550046174965,34564.6141583771,2.1383259405805,Within Range
2023-06-08T00:00:00Z,2023-06-08T13:03:00Z,Seawater,W,F4,35,4,1028.20004993497,25156.1367515185,94.4766376141967,Within Range
2023-06-08T00:00:00Z,2023-06-08T13:05:00Z,Seawater,W,F4,50,4,835.657273890934,20445.3488022404,104.287296843417,Within Range
2023-06-08T00:00:00Z,2023-06-08T13:31:00Z,Seawater,G,F4,ATM,4,0.458842598372039,561.306486651069,1.68306005478009,Within Range
2023-06-08T00:00:00Z,2023-06-08T13:57:00Z,Seawater,G,H3,10,4,4.81713817260831,5892.85064850748,1.59328931673493,Within Range
2023-06-08T00:00:00Z,2023-06-08T13:58:00Z,Seawater,G,H3,20,4,29.3295878169474,35879.1619410766,1.03927561908485,Within Range
2023-06-08T00:00:00Z,2023-06-08T13:59:00Z,Seawater,G,H3,35,4,26.2213370703701,32076.8094298191,1.25729026862308,Within Range
2023-06-08T00:00:00Z,2023-06-08T14:01:00Z,Seawater,G,H3,50,4,13.5418157504941,16565.8311777382,1.74589957141169,Within Range
2023-06-08T00:00:00Z,2023-06-08T14:05:00Z,Seawater,G,H6,10,4,31.8805211236692,38999.7427615091,2.20629521367183,Within Range
2023-06-08T00:00:00Z,2023-06-08T14:08:00Z,Seawater,G,H6,35,4,32.654964326551,39947.1264500827,2.29863082994684,Within Range
2023-06-08T00:00:00Z,2023-06-08T14:10:00Z,Seawater,W,H6,50,4,1021.19342155172,24984.711257241,100.055247764145,Within Range
2023-06-08T00:00:00Z,2023-06-08T12:01:00Z,Freshwater,G,C3,10,4,19.7367755754508,24144.1840739781,0.868711216799064,Within Range
2023-06-08T00:00:00Z,2023-06-08T12:03:00Z,Freshwater,G,C3,20,4,12.6835309497457,15515.8832701914,1.5124956524943,Within Range
2023-06-08T00:00:00Z,2023-06-08T12:09:00Z,Freshwater,W,C3,35,4,457.991428432458,11205.3048484085,84.0247588275112,Within Range
2023-06-08T00:00:00Z,2023-06-08T12:12:00Z,Freshwater,W,C3,50,4,683.254651737226,16716.6374445321,81.5240025533962,Within Range
2023-06-08T00:00:00Z,2023-06-08T12:14:00Z,Freshwater,G,C6,10,4,23.0697372645488,28221.4276047396,1.30217563764565,Within Range
2023-06-08T00:00:00Z,2023-06-08T12:16:00Z,Freshwater,G,C6,20,4,36.3307386860295,44443.7359601004,1.01234439767131,Within Range
2023-06-08T00:00:00Z,2023-06-08T12:18:00Z,Freshwater,G,C6,35,4,16.5403410780958,20233.9555470578,1.13032879624494,Within Range
2023-06-08T00:00:00Z,2023-06-08T12:20:00Z,Freshwater,G,C6,50,4,26.2662804667054,32131.7891112711,0.805871700167458,Within Range
2023-06-08T00:00:00Z,2023-06-08T12:24:00Z,Freshwater,G,F4,10,4,7.67447408030651,9388.25666621901,1.46889272258665,Within Range
2023-06-08T00:00:00Z,2023-06-08T12:25:00Z,Freshwater,G,F4,20,4,25.2660030383522,30908.140280545,1.33680149374879,Within Range
2023-06-08T00:00:00Z,2023-06-08T12:28:00Z,Freshwater,W,F4,35,4,489.013967082642,11964.3081422837,83.8323929602716,Within Range
2023-06-08T00:00:00Z,2023-06-08T12:32:00Z,Freshwater,W,F4,50,4,751.734147423165,18392.069728609,84.8583442522162,Within Range
2023-06-08T00:00:00Z,2023-06-08T12:35:00Z,Freshwater,G,F4,ATM,4,0.460569796887476,563.41938491703,1.75231176698635,Within Range
2023-06-08T00:00:00Z,2023-06-08T13:33:00Z,Freshwater,G,H3,10,4,11.5103706126463,14080.7451434525,1.61637322080369,Within Range
2023-06-08T00:00:00Z,2023-06-08T13:34:00Z,Freshwater,W,H3,20,4,1109.64259322017,27148.7254081748,68.0583918466235,Within Range
2023-06-08T00:00:00Z,2023-06-08T13:38:00Z,Freshwater,W,H3,35,4,1126.56611909364,27562.7795907414,46.7057805830266,Within Range
2023-06-08T00:00:00Z,2023-06-08T13:44:00Z,Freshwater,W,H3,50,4,664.333977090838,16253.7206426261,85.3713198981885,Within Range
2023-06-08T00:00:00Z,2023-06-08T13:47:00Z,Freshwater,G,H6,10,4,17.1906675540921,21029.5060707292,1.18034392172723,Within Range
2023-06-08T00:00:00Z,2023-06-08T13:48:00Z,Freshwater,G,H6,20,4,29.0974668304461,35595.2061447462,0.859734142994549,Within Range
2023-06-08T00:00:00Z,2023-06-08T13:51:00Z,Freshwater,G,H6,35,4,8.31416560320594,10170.7973512668,1.54070931302277,Within Range
2023-06-08T00:00:00Z,2023-06-08T13:53:00Z,Freshwater,G,H6,50,4,13.6534978558996,16702.4529526767,1.32782441994427,Within Range
2023-06-09T00:00:00Z,2023-06-09T12:25:00Z,Control,G,C3,10,5,2.86620705786479,3506.25817954269,1.40348832772518,Within Range
2023-06-09T00:00:00Z,2023-06-09T12:26:00Z,Control,G,C3,20,5,5.45236072032794,6669.92439398598,0.890512681752887,Within Range
2023-06-09T00:00:00Z,2023-06-09T12:28:00Z,Control,G,C3,35,5,8.04240359902866,9838.34832340577,0.804589261052527,Within Range
2023-06-09T00:00:00Z,2023-06-09T12:29:00Z,Control,G,C3,50,5,14.1483643871952,17307.8278568993,0.648131689030977,Within Range
2023-06-09T00:00:00Z,2023-06-09T12:38:00Z,Control,G,C6,10,5,3.57885762015235,4378.05034693688,1.37399222808178,Within Range
2023-06-09T00:00:00Z,2023-06-09T12:39:00Z,Control,G,C6,20,5,11.3525614363983,13887.6956868517,1.06877171872826,Within Range
2023-06-09T00:00:00Z,2023-06-09T12:40:00Z,Control,G,C6,35,5,11.378372787639501,13919.2709567423,0.768680965834466,Within Range
2023-06-09T00:00:00Z,2023-06-09T12:41:00Z,Control,G,C6,50,5,12.1044000796883,14807.4270040634,0.816131213086904,Within Range
2023-06-09T00:00:00Z,2023-06-09T12:42:00Z,Control,G,F4,10,5,3.34661585053809,4093.94679548303,1.28678636826649,Within Range
2023-06-09T00:00:00Z,2023-06-09T12:43:00Z,Control,G,F4,20,5,8.3605523577411809,10227.5427064446,0.936680489890394,Within Range
2023-06-09T00:00:00Z,2023-06-09T12:44:00Z,Control,G,F4,35,5,6.99529855777794,8557.41483130112,0.857169264764687,Within Range
2023-06-09T00:00:00Z,2023-06-09T12:45:00Z,Control,G,F4,50,5,10.8227342330543,13239.5530621338,0.828955604236211,Within Range
2023-06-09T00:00:00Z,2023-06-09T12:47:00Z,Control,G,F4,ATM,5,0.450792403892742,551.458607670209,1.63560980752765,Within Range
2023-06-09T00:00:00Z,2023-06-09T12:48:00Z,Control,G,H3,10,5,3.52968077570756,4317.89184840638,1.12904635713,Within Range
2023-06-09T00:00:00Z,2023-06-09T12:49:00Z,Control,G,H3,20,5,7.66967295156604,9382.38340006013,0.819978530431696,Within Range
2023-06-09T00:00:00Z,2023-06-09T12:51:00Z,Control,G,H3,35,5,10.916552516052,13354.3218543076,0.764833648489674,Within Range
2023-06-09T00:00:00Z,2023-06-09T12:52:00Z,Control,G,H3,50,5,13.2424910399375,16199.6644306959,0.572467781250063,Within Range
2023-06-09T00:00:00Z,2023-06-09T12:53:00Z,Control,G,H6,10,5,1.79388854178206,2194.48080540872,1.28293905092169,Within Range
2023-06-09T00:00:00Z,2023-06-09T12:55:00Z,Control,G,H6,20,5,6.34790711142682,7765.45475713063,0.750726818225436,Within Range
2023-06-09T00:00:00Z,2023-06-09T12:56:00Z,Control,G,H6,35,5,10.9553480519372,13401.7807999738,0.659673641065353,Within Range
2023-06-09T00:00:00Z,2023-06-09T12:57:00Z,Control,G,H6,50,5,11.3101182505015,13835.7745364559,0.623765345847293,Within Range
2023-06-09T00:00:00Z,2023-06-09T11:27:00Z,Seawater,G,C3,10,5,5.76442201014689,7051.67191880069,1.46119808789707,Within Range
2023-06-09T00:00:00Z,2023-06-09T11:29:00Z,Seawater,G,C3,20,5,22.8535717272705,27956.9902602228,1.74333469318183,Within Range
2023-06-09T00:00:00Z,2023-06-09T11:31:00Z,Seawater,G,C3,35,5,23.7337726238668,29033.7483349276,1.09442050102687,Within Range
2023-06-09T00:00:00Z,2023-06-09T11:35:00Z,Seawater,G,C3,50,5,29.6076486604659,36219.3163986278,1.28293905092169,Within Range
2023-06-09T00:00:00Z,2023-06-09T11:36:00Z,Seawater,G,C6,10,5,12.3006726382607,15047.5290797408,1.48812930931061,Within Range
2023-06-09T00:00:00Z,2023-06-09T11:38:00Z,Seawater,G,C6,20,5,33.7845461164917,41328.9545282651,1.21496977783036,Within Range
2023-06-09T00:00:00Z,2023-06-09T11:40:00Z,Seawater,G,C6,35,5,13.2377503027536,16193.8650420988,1.79591469689399,Within Range
2023-06-09T00:00:00Z,2023-06-09T11:42:00Z,Seawater,W,C6,50,5,638.833944323319,15629.8320214298,134.681103867275,Within Range
2023-06-09T00:00:00Z,2023-06-09T11:44:00Z,Seawater,G,F4,10,5,12.2950079102626,15040.5993644489,1.26370246419773,Within Range
2023-06-09T00:00:00Z,2023-06-09T11:46:00Z,Seawater,G,F4,20,5,30.3560872591258,37134.8884091132,1.10339757483139,Within Range
2023-06-09T00:00:00Z,2023-06-09T11:48:00Z,Seawater,G,F4,35,5,15.8146821745416,19346.2501528633,1.93313568219158,Within Range
2023-06-09T00:00:00Z,2023-06-09T11:50:00Z,Seawater,W,F4,50,5,900.522334921315,22032.3496449062,96.5285401980859,Within Range
2023-06-09T00:00:00Z,2023-06-09T11:57:00Z,Seawater,G,F4,ATM,5,0.630360657941794,771.126149768415,1.56892297355125,Within Range
2023-06-09T00:00:00Z,2023-06-09T11:59:00Z,Seawater,G,H3,10,5,3.85191804279403,4712.08774237544,1.41503027975956,Within Range
2023-06-09T00:00:00Z,2023-06-09T12:02:00Z,Seawater,G,H3,20,5,23.2917607828059,28493.0310727459,0.991825371832415,Within Range
2023-06-09T00:00:00Z,2023-06-09T12:03:00Z,Seawater,G,H3,35,5,21.4445823621017,26233.3602548623,0.999520006522,Within Range
2023-06-09T00:00:00Z,2023-06-09T12:05:00Z,Seawater,G,H3,50,5,17.3401789304791,21212.404750346,1.25600782950815,Within Range
2023-06-09T00:00:00Z,2023-06-09T12:11:00Z,Seawater,G,H6,10,5,28.1516625860414,34438.1948747158,1.12648147890014,Within Range
2023-06-09T00:00:00Z,2023-06-09T12:13:00Z,Seawater,G,H6,20,5,39.0722013143021,47797.3931000882,0.950787320154632,Within Range
2023-06-09T00:00:00Z,2023-06-09T12:19:00Z,Seawater,G,H6,50,5,23.3473693280163,28561.0575316024,1.53686199567798,Within Range
2023-06-09T00:00:00Z,2023-06-09T10:27:00Z,Freshwater,G,C3,10,5,15.4857776796193,18943.8981760774,0.744314622650782,Within Range
2023-06-09T00:00:00Z,2023-06-09T10:29:00Z,Freshwater,G,C3,20,5,20.1225206033357,24616.0696118802,0.972588785108454,Within Range
2023-06-09T00:00:00Z,2023-06-09T10:30:00Z,Freshwater,G,C3,35,5,14.5030077634909,17741.6664505017,1.21368733871543,Within Range
2023-06-09T00:00:00Z,2023-06-09T10:32:00Z,Freshwater,G,C3,50,5,20.5389022678248,25125.4332368565,1.04055805819978,Within Range
2023-06-09T00:00:00Z,2023-06-09T10:35:00Z,Freshwater,G,C6,10,5,22.2084389251319,27167.7932068617,0.962329272189008,Within Range
2023-06-09T00:00:00Z,2023-06-09T10:37:00Z,Freshwater,G,C6,20,5,30.6044113002317,37438.6655552602,0.566055585675409,Within Range
2023-06-09T00:00:00Z,2023-06-09T10:39:00Z,Freshwater,G,C6,35,5,26.3005466358543,32173.7072398063,0.753291696455297,Within Range
2023-06-09T00:00:00Z,2023-06-09T10:41:00Z,Freshwater,G,C6,50,5,26.1497247626916,31989.2054170996,0.693017058053553,Within Range
2023-06-09T00:00:00Z,2023-06-09T10:44:00Z,Freshwater,G,F4,10,5,6.37964287435907,7804.27741582862,1.27524441623211,Within Range
2023-06-09T00:00:00Z,2023-06-09T10:47:00Z,Freshwater,G,F4,20,5,28.8057031427613,35238.2888684347,0.87897072971851,Within Range
2023-06-09T00:00:00Z,2023-06-09T10:49:00Z,Freshwater,G,F4,35,5,10.0038247271334,12237.773324846,1.29961075941579,Within Range
2023-06-09T00:00:00Z,2023-06-09T10:53:00Z,Freshwater,W,F4,50,5,741.517103897228,18142.0976106822,78.7026365005486,Within Range
2023-06-09T00:00:00Z,2023-06-09T10:51:00Z,Freshwater,G,F4,ATM,5,0.447507103220022,547.439668311178,1.71896834999815,Within Range
2023-06-09T00:00:00Z,2023-06-09T10:59:00Z,Freshwater,G,H3,10,5,10.043834133304,12286.7172095033,1.38168686277136,Within Range
2023-06-09T00:00:00Z,2023-06-09T11:08:00Z,Freshwater,G,H3,20,5,24.4646372795899,29927.8219749446,0.918726342281363,Within Range
2023-06-09T00:00:00Z,2023-06-09T11:12:00Z,Freshwater,G,H3,50,5,16.6323898884885,20346.5597266724,1.28422149003662,Within Range
2023-06-09T00:00:00Z,2023-06-09T11:15:00Z,Freshwater,G,H6,10,5,11.4389636362598,13993.3923144429,1.11365708775084,Within Range
2023-06-09T00:00:00Z,2023-06-09T11:17:00Z,Freshwater,G,H6,20,5,20.3984073508208,24953.5644772085,0.725078035926821,Within Range
2023-06-09T00:00:00Z,2023-06-09T11:19:00Z,Freshwater,G,H6,35,5,10.8014401702381,13213.5038338619,1.31756490702482,Within Range
2023-06-09T00:00:00Z,2023-06-09T11:21:00Z,Freshwater,G,H6,50,5,11.151717237,13642.00107975,1.59328931673493,Within Range
