plot,grid_cell,Species,Chamber size class,ID,timepoint,condition,collection_date,start_time,end_time,Rounded time,timezone,Temperature_F,Temperature_C,flux_CO2_ppm_ss,flux_CH4_ppb_s,flux_CO2_ppm_min,flux_CH4_ppm_min,notes,instrument,personnel,Length (cm),Width (cm),Height (cm),Surface Area (cm2),Volume (cm3),SA:Volume Ratio,Quantity,Surface Area of Tree Covered (cm2),Volume (L),Surface Area of Tree Covered (m2),flux_CO2_umol_m2_min,flux_CH4_nmol_m2_min,flux_CO2_umol_m2_min_MEAN,flux_CO2_umol_m2_min_SE,flux_CO2_umol_m2_min_SE1,flux_CO2_umol_m2_min_SE2,flux_CH4_nmol_m2_min_MEAN,flux_CH4_nmol_m2_min_SE,flux_CH4_nmol_m2_min_SE1,flux_CH4_nmol_m2_min_SE2,Note
Control,,NA,NA,NA,NA,pre-flood,NA,NA,NA,NA,NA,NA,NA,NA,NA,NA,NA,,NA,NA,NA,NA,NA,NA,NA,NA,NA,NA,NA,NA,NA,NA,67.57532,5.496201,73.071521,62.079119,3.576134,1.2390608,4.8151948,2.3370732,This is for all species considered together
Control,,NA,NA,NA,NA,flooded,NA,NA,NA,NA,NA,NA,NA,NA,NA,NA,NA,,NA,NA,NA,NA,NA,NA,NA,NA,NA,NA,NA,NA,NA,NA,68.49076,4.802211,73.292971,63.688549,3.543064,0.9915075,4.5345715,2.5515565,This is for all species considered together
Control,,NA,NA,NA,NA,post-flood,NA,NA,NA,NA,NA,NA,NA,NA,NA,NA,NA,,NA,NA,NA,NA,NA,NA,NA,NA,NA,NA,NA,NA,NA,NA,65.42745,5.653121,71.080571,59.774329,3.446135,1.2065286,4.6526636,2.2396064,This is for all species considered together
Freshwater,,NA,NA,NA,NA,pre-flood,NA,NA,NA,NA,NA,NA,NA,NA,NA,NA,NA,,NA,NA,NA,NA,NA,NA,NA,NA,NA,NA,NA,NA,NA,NA,71.48214,5.416601,76.898741,66.065539,1.381384,0.3101775,1.6915615,1.0712065,This is for all species considered together
Freshwater,,NA,NA,NA,NA,flooded,NA,NA,NA,NA,NA,NA,NA,NA,NA,NA,NA,,NA,NA,NA,NA,NA,NA,NA,NA,NA,NA,NA,NA,NA,NA,79.27224,5.065944,84.338184,74.206296,1.621811,0.3397577,1.9615687,1.2820533,This is for all species considered together
Freshwater,,NA,NA,NA,NA,post-flood,NA,NA,NA,NA,NA,NA,NA,NA,NA,NA,NA,,NA,NA,NA,NA,NA,NA,NA,NA,NA,NA,NA,NA,NA,NA,80.41283,6.295083,86.707913,74.117747,2.40296,0.6307045,3.0336645,1.7722555,This is for all species considered together
Estuarine,,NA,NA,NA,NA,pre-flood,NA,NA,NA,NA,NA,NA,NA,NA,NA,NA,NA,,NA,NA,NA,NA,NA,NA,NA,NA,NA,NA,NA,NA,NA,NA,73.98558,4.623204,78.608784,69.362376,2.883276,2.2065769,5.0898529,0.6766991,This is for all species considered together
Estuarine,,NA,NA,NA,NA,flooded,NA,NA,NA,NA,NA,NA,NA,NA,NA,NA,NA,,NA,NA,NA,NA,NA,NA,NA,NA,NA,NA,NA,NA,NA,NA,77.86289,4.122707,81.985597,73.740183,6.670447,2.7240908,9.3945378,3.9463562,This is for all species considered together
Estuarine,,NA,NA,NA,NA,post-flood,NA,NA,NA,NA,NA,NA,NA,NA,NA,NA,NA,,NA,NA,NA,NA,NA,NA,NA,NA,NA,NA,NA,NA,NA,NA,78.79636,5.554878,84.351238,73.241482,6.690895,2.970727,9.661622,3.720168,This is for all species considered together
Control,F5,Tulip Poplar,2,C1,T0,pre-flood,6/4/23,13:11,13:17,13:00,EDT,73,22.77777778,0.639,0.165,38.34,0.0099,,TG10-01286,KAM,28,20.5,7.6,1885.2,4362.4,0.432147442,4,574,4.3624,0.0574,119.9953268,30.9847088,,,,,,,,,
Control,F5,Tulip Poplar,2,C1,T1,pre-flood,6/5/23,15:04,15:11,15:00,EDT,81,27.22222222,0.685,0.175,41.1,0.0105,...1mL...,TG10-01286,"Cooper Norris, Vanessa Bailey",28,20.5,7.6,1885.2,4362.4,0.432147442,4,574,4.3624,0.0574,126.7301683,32.37632036,,,,,,,,,
Control,F5,Tulip Poplar,2,C1,T2,flooded,6/6/23,12:53,12:58,13:00,EDT,82,27.77777778,0.695,0.18,41.7,0.0108,,TG10-01286,"Cooper Norris, Kendal",28,20.5,7.6,1885.2,4362.4,0.432147442,4,574,4.3624,0.0574,128.3428662,33.23987903,,,,,,,,,
Control,F5,Tulip Poplar,2,C1,T3A,flooded,6/7/23,8:55,9:00,9:00,EDT,72,22.22222222,0.605,0.135,36.3,0.0081,,TG10-01286,"Cooper Norris, Vanessa Bailey",28,20.5,7.6,1885.2,4362.4,0.432147442,4,574,4.3624,0.0574,113.8242852,25.39880745,,,,,,,,,
Control,F5,Tulip Poplar,2,C1,T3B,flooded,6/7/23,13:52,13:59,14:00,EDT,78,25.55555556,0.697,0.181,41.82,0.01086,,TG10-01286,"KAM, CGN",28,20.5,7.6,1885.2,4362.4,0.432147442,4,574,4.3624,0.0574,129.6697536,33.67320718,,,,,,,,,
Control,F5,Tulip Poplar,2,C1,T4,post-flood,6/8/23,14:04,14:09,14:00,EDT,79,26.11111111,0.694,0.177,41.64,0.01062,,TG10-01286,KAM,28,20.5,7.6,1885.2,4362.4,0.432147442,4,574,4.3624,0.0574,128.8719482,32.86791762,,,,,,,,,
Control,F5,Tulip Poplar,2,C1,T5,post-flood,6/9/23,11:55,12:00,12:00,EDT,74,23.33333333,0.612,0.157,36.72,0.00942,,TG10-01286,KAM,28,20.5,7.6,1885.2,4362.4,0.432147442,4,574,4.3624,0.0574,114.7097531,29.42717522,,,,,,,,,
Control,C5,Tulip Poplar,2,C3,T0,pre-flood,6/4/23,14:07,14:13,14:00,EDT,75,23.88888889,0.709,-0.002,42.54,-0.00012,,TG10-01286,KAM,28,20.5,7.6,1885.2,4362.4,0.432147442,4,574,4.3624,0.0574,132.6423266,-0.374167353,,,,,,,,,
Control,C5,Tulip Poplar,2,C3,T1,pre-flood,6/5/23,13:21,13:26,13:00,EDT,78,25.55555556,0.708,-0.001,42.48,-0.00006,frayed bungee on top box,TG10-01286,"Cooper Norris, Vanessa Bailey",28,20.5,7.6,1885.2,4362.4,0.432147442,4,574,4.3624,0.0574,131.7161916,-0.186039819,,,,,,,,,
Control,C5,Tulip Poplar,2,C3,T2,flooded,6/6/23,13:09,13:14,13:00,EDT,82,27.77777778,0.69,0,41.4,0,,TG10-01286,"Cooper Norris, Kendal",28,20.5,7.6,1885.2,4362.4,0.432147442,4,574,4.3624,0.0574,127.4195363,0,,,,,,,,,
Control,C5,Tulip Poplar,2,C3,T3A,flooded,6/7/23,9:10,9:15,9:00,EDT,72,22.22222222,0.64,-0.001,38.4,-0.00006,,TG10-01286,"Cooper Norris, Vanessa Bailey",28,20.5,7.6,1885.2,4362.4,0.432147442,4,574,4.3624,0.0574,120.4091612,-0.188139314,,,,,,,,,
Control,C5,Tulip Poplar,2,C3,T3B,flooded,6/7/23,14:25,14:30,14:00,EDT,78,25.55555556,0.675,-0.001,40.5,-0.00006,,TG10-01286,"KAM, CGN",28,20.5,7.6,1885.2,4362.4,0.432147442,4,574,4.3624,0.0574,125.5768776,-0.186039819,,,,,,,,,
Control,C5,Tulip Poplar,2,C3,T4,post-flood,6/8/23,12:56,13:01,13:00,EDT,78,25.55555556,0.72,-0.001,43.2,-0.00006,,TG10-01286,KAM,28,20.5,7.6,1885.2,4362.4,0.432147442,4,574,4.3624,0.0574,133.9486694,-0.186039819,,,,,,,,,
Control,C5,Tulip Poplar,2,C3,T5,post-flood,6/9/23,11:14,11:23,11:00,EDT,74,23.33333333,0.569,-0.001,34.14,-0.00006,,TG10-01286,KAM,28,20.5,7.6,1885.2,4362.4,0.432147442,4,574,4.3624,0.0574,106.6500809,-0.187434237,,,,,,,,,
Estuarine,F7,Tulip Poplar,2,S1,T0,pre-flood,6/4/23,16:03,16:07,16:00,EDT,78,25.55555556,0.554,0.003,33.24,0.00018,,TG10-01028,Nick W,28,20.5,7.6,1885.2,4362.4,0.432147442,4,574,4.3624,0.0574,103.0660595,0.558119456,,,,,,,,,
Estuarine,F7,Tulip Poplar,2,S1,T1,pre-flood,6/5/23,14:27,14:32,14:00,EDT,80,26.66666667,0.652,0.005,39.12,0.0003,,TG10-01028,Nick W,28,20.5,7.6,1885.2,4362.4,0.432147442,4,574,4.3624,0.0574,120.8484353,0.926751805,,,,,,,,,
Estuarine,F7,Tulip Poplar,2,S1,T2,flooded,6/6/23,13:13,13:20,13:00,EDT,82,27.77777778,0.554,0.003,33.24,0.00018,,TG10-01028,Nick W,28,20.5,7.6,1885.2,4362.4,0.432147442,4,574,4.3624,0.0574,102.304961,0.553997984,,,,,,,,,
Estuarine,f7,Tulip Poplar,2,S1,T3A,flooded,6/7/23,10:34,10:38,11:00,EDT,76,24.44444444,0.542,0.001,32.52,0.00006,,TG10-01028,Nick W,28,20.5,7.6,1885.2,4362.4,0.432147442,4,574,4.3624,0.0574,101.2100582,0.186734425,,,,,,,,,
Estuarine,F7,Tulip Poplar,2,S1,T3B,flooded,6/7/23,13:21,13:27,13:00,EDT,78,25.55555556,0.618,0.005,37.08,0.0003,,TG10-01028,Nick W,28,20.5,7.6,1885.2,4362.4,0.432147442,4,574,4.3624,0.0574,114.9726079,0.930199093,,,,,,,,,
Estuarine,F7,Tulip Poplar,2,S1,T4,post-flood,6/8/23,13:39,13:44,14:00,EDT,79,26.11111111,0.704,-0.001,42.24,-0.00006,,TG10-01028,"Nick W, Cooper Norris",28,20.5,7.6,1885.2,4362.4,0.432147442,4,574,4.3624,0.0574,130.7288927,-0.18569445,,,,,,,,,
Estuarine,F7,Tulip Poplar,2,S1,T5,post-flood,6/9/23,11:07,11:12,11:00,EDT,74,23.33333333,0.576,0.005,34.56,0.0003,,TG10-01028,Nick W,28,20.5,7.6,1885.2,4362.4,0.432147442,4,574,4.3624,0.0574,107.9621206,0.937171185,,,,,,,,,
Estuarine,G6,Tulip Poplar,2,S6,T0,pre-flood,6/4/23,14:57,15:01,15:00,EDT,76,24.44444444,0.534,0.001,32.04,0.00006,,TG10-01028,Nick W,28,20.5,7.6,1885.2,4362.4,0.432147442,4,574,4.3624,0.0574,99.71618281,0.186734425,,,,,,,,,
Estuarine,G6,Tulip Poplar,2,S6,T1,pre-flood,6/5/23,14:20,14:25,14:00,EDT,80,26.66666667,0.639,0.001,38.34,0.00006,,TG10-01028,Nick W,28,20.5,7.6,1885.2,4362.4,0.432147442,4,574,4.3624,0.0574,118.4388807,0.185350361,,,,,,,,,
Estuarine,G6,Tulip Poplar,2,S6,T2,flooded,6/6/23,13:32,13:39,14:00,EDT,82,27.77777778,0.562,0.001,33.72,0.00006,1/4 flooded ... barely,TG10-01028,Nick W,28,20.5,7.6,1885.2,4362.4,0.432147442,4,574,4.3624,0.0574,103.782289,0.184665995,,,,,,,,,
Estuarine,G6,Tulip Poplar,2,S6,T3A,flooded,6/7/23,10:09,10:14,10:00,EDT,74,23.33333333,0.542,0,32.52,0,not flooded,TG10-01028,Nick W,28,20.5,7.6,1885.2,4362.4,0.432147442,4,574,4.3624,0.0574,101.5893565,0,,,,,,,,,
Estuarine,G6,Tulip Poplar,2,S6,T3B,flooded,6/7/23,15:00,15:05,15:00,EDT,79,26.11111111,0.704,0,42.24,0,,TG10-01028,Nick W,28,20.5,7.6,1885.2,4362.4,0.432147442,4,574,4.3624,0.0574,130.7288927,0,,,,,,,,,
Estuarine,G6,Tulip Poplar,2,S6,T4,post-flood,6/8/23,14:06,14:11,14:00,EDT,79,26.11111111,0.717,-0.005,43.02,-0.0003,,TG10-01039,"Nick W, Cooper Norris",28,20.5,7.6,1885.2,4362.4,0.432147442,4,574,4.3624,0.0574,133.1429205,-0.928472249,,,,,,,,,
Estuarine,G6,Tulip Poplar,2,S6,T5,post-flood,6/9/23,11:14,11:19,11:00,EDT,74,23.33333333,0.577,-0.001,34.62,-0.00006,,TG10-01028,Nick W,28,20.5,7.6,1885.2,4362.4,0.432147442,4,574,4.3624,0.0574,108.1495548,-0.187434237,,,,,,,,,
Control,D4,Red Maple,3,C10,T0,pre-flood,6/4/23,13:57,14:02,14:00,EDT,75,23.88888889,0.339,0.003,20.34,0.00018,false start w/o tubing inserted,TG10-01286,KAM,28,15.5,5,1303,2170,0.600460829,24,434,2.17,0.0434,41.72458311,0.369244098,,,,,,,,,
Control,D4,Red Maple,3,C10,T1,pre-flood,6/5/23,13:13,13:18,13:00,EDT,78,25.55555556,0.364,0.004,21.84,0.00024,,TG10-01286,"Cooper Norris, Vanessa Bailey",28,15.5,5,1303,2170,0.600460829,24,434,2.17,0.0434,44.55164078,0.48957847,,,,,,,,,
Control,D4,Red Maple,3,C10,T2,flooded,6/6/23,14:13,14:18,14:00,EDT,82,27.77777778,0.354,0.003,21.24,0.00018,,TG10-01286,"Cooper Norris, Kendal",28,15.5,5,1303,2170,0.600460829,24,434,2.17,0.0434,43.00773822,0.364472358,,,,,,,,,
Control,D4,Red Maple,3,C10,T3A,flooded,6/7/23,10:19,10:24,10:00,EDT,74,23.33333333,0.328,0.003,19.68,0.00018,,TG10-01286,"Cooper Norris, Vanessa Bailey",28,15.5,5,1303,2170,0.600460829,24,434,2.17,0.0434,40.44633537,0.369935994,,,,,,,,,
Control,D4,Red Maple,3,C10,T3B,flooded,6/7/23,14:17,14:22,14:00,EDT,78,25.55555556,0.367,0.003,22.02,0.00018,,TG10-01286,"KAM, CGN",28,15.5,5,1303,2170,0.600460829,24,434,2.17,0.0434,44.91882464,0.367183853,,,,,,,,,
Control,D4,Red Maple,3,C10,T4,post-flood,6/8/23,13:32,13:42,14:00,EDT,79,26.11111111,0.345,0.002,20.7,0.00012,,TG10-01286,KAM,28,15.5,5,1303,2170,0.600460829,24,434,2.17,0.0434,42.14775342,0.244334802,,,,,,,,,
Control,D4,Red Maple,3,C10,T5,post-flood,6/9/23,11:28,11:35,11:00,EDT,74,23.33333333,0.301,0.003,18.06,0.00018,,TG10-01286,KAM,28,15.5,5,1303,2170,0.600460829,24,434,2.17,0.0434,37.11691142,0.369935994,,,,,,,,,
Control,B8,Beech,3,C13,T0,pre-flood,6/4/23,14:33,14:39,15:00,EDT,76,24.44444444,0.388,0.036,23.28,0.00216,,TG10-01286,KAM,28,15.5,5,1303,2170,0.600460829,24,434,2.17,0.0434,47.66641894,4.422657428,,,,,,,,,
Control,B8,Beech,3,C13,T1,pre-flood,6/5/23,13:48,13:53,14:00,EDT,80,26.66666667,0.412,0.052,24.72,0.00312,,TG10-01286,"Cooper Norris, Vanessa Bailey",28,15.5,5,1303,2170,0.600460829,24,434,2.17,0.0434,50.2397031,6.340933401,,,,,,,,,
Control,B8,Beech,3,C13,T2,flooded,6/6/23,13:34,13:39,14:00,EDT,82,27.77777778,0.36,0.033,21.6,0.00198,,TG10-01286,"Cooper Norris, Kendal",28,15.5,5,1303,2170,0.600460829,24,434,2.17,0.0434,43.73668293,4.009195935,,,,,,,,,
Control,B8,Beech,3,C13,T3A,flooded,6/7/23,9:40,9:45,10:00,EDT,74,23.33333333,0.373,0.036,22.38,0.00216,,TG10-01286,"Cooper Norris, Vanessa Bailey",28,15.5,5,1303,2170,0.600460829,24,434,2.17,0.0434,45.99537528,4.439231931,,,,,,,,,
Control,B8,Beech,3,C13,T3B,flooded,6/7/23,14:44,14:49,15:00,EDT,79,26.11111111,0.418,0.036,25.08,0.00216,,TG10-01286,"KAM, CGN",28,15.5,5,1303,2170,0.600460829,24,434,2.17,0.0434,51.06597371,4.398026444,,,,,,,,,
Control,B8,Beech,3,C13,T4,post-flood,6/8/23,12:43,12:52,13:00,EDT,78,25.55555556,0.379,0.035,22.74,0.0021,,TG10-01286,KAM,28,15.5,5,1303,2170,0.600460829,24,434,2.17,0.0434,46.38756005,4.283811614,,,,,,,,,
Control,B8,Beech,3,C13,T5,post-flood,6/9/23,10:05,10:10,10:00,EDT,72,22.22222222,0.337,0.041,20.22,0.00246,,TG10-01286,KAM,28,15.5,5,1303,2170,0.600460829,24,434,2.17,0.0434,41.71246642,5.074810455,,,,,,,,,
Control,A4,Beech,3,C15,T0,pre-flood,6/4/23,14:42,14:48,15:00,EDT,76,24.44444444,0.524,0.034,31.44,0.00204,,TG10-01286,KAM,28,15.5,5,1303,2170,0.600460829,24,434,2.17,0.0434,64.37423589,4.176954237,,,,,,,,,
Control,A4,Beech,3,C15,T1,pre-flood,6/5/23,13:56,14:02,14:00,EDT,80,26.66666667,0.587,0.037,35.22,0.00222,had to A...//No gas sample,TG10-01286,"Cooper Norris, Vanessa Bailey",28,15.5,5,1303,2170,0.600460829,24,434,2.17,0.0434,71.57938282,4.511817997,,,,,,,,,
Control,A4,Beech,3,C15,T2,flooded,6/6/23,13:41,13:46,14:00,EDT,82,27.77777778,0.503,0.028,30.18,0.00168,,TG10-01286,"Cooper Norris, Kendal",28,15.5,5,1303,2170,0.600460829,24,434,2.17,0.0434,61.10986532,3.401742006,,,,,,,,,
Control,A4,Beech,3,C15,T3A,flooded,6/7/23,9:48,9:53,10:00,EDT,74,23.33333333,0.557,0.035,33.42,0.0021,,TG10-01286,"Cooper Norris, Vanessa Bailey",28,15.5,5,1303,2170,0.600460829,24,434,2.17,0.0434,68.68478293,4.315919933,,,,,,,,,
Control,A4,Beech,3,C15,T3B,flooded,6/7/23,14:51,14:56,15:00,EDT,79,26.11111111,0.626,0.036,37.56,0.00216,,TG10-01286,"KAM, CGN",28,15.5,5,1303,2170,0.600460829,24,434,2.17,0.0434,76.47679316,4.398026444,,,,,,,,,
Control,A4,Beech,3,C15,T4,post-flood,6/8/23,12:15,12:23,12:00,EDT,77,25,0.578,0.037,34.68,0.00222,,TG10-01286,KAM,28,15.5,5,1303,2170,0.600460829,24,434,2.17,0.0434,70.8759094,4.537039183,,,,,,,,,
Control,A4,Beech,3,C15,T5,post-flood,6/9/23,10:34,10:42,11:00,EDT,74,23.33333333,0.576,0.036,34.56,0.00216,,TG10-01286,KAM,28,15.5,5,1303,2170,0.600460829,24,434,2.17,0.0434,71.02771089,4.439231931,,,,,,,,,
Control,F6,Beech,3,C17,T0,pre-flood,6/4/23,13:19,13:25,13:00,EDT,73,22.77777778,0.53,0.005,31.8,0.0003,,TG10-01286,KAM,28,15.5,5,1303,2170,0.600460829,24,434,2.17,0.0434,65.47805288,0.61771748,,,,,,,,,
Control,F6,Beech,3,C17,T1,pre-flood,6/5/23,14:48,14:53,15:00,EDT,81,27.22222222,0.61,0.005,36.6,0.0003,,TG10-01286,"Cooper Norris, Vanessa Bailey",28,15.5,5,1303,2170,0.600460829,24,434,2.17,0.0434,74.24644894,0.60857745,,,,,,,,,
Control,F6,Beech,3,C17,T2,flooded,6/6/23,13:00,13:05,13:00,EDT,82,27.77777778,0.603,0.007,36.18,0.00042,data not plotting on tablet,TG10-01286,"Cooper Norris, Kendal",28,15.5,5,1303,2170,0.600460829,24,434,2.17,0.0434,73.25894391,0.850435501,,,,,,,,,
Control,F6,Beech,3,C17,T3A,flooded,6/7/23,9:02,9:07,9:00,EDT,72,22.22222222,0.553,0.006,33.18,0.00036,,TG10-01286,"Cooper Norris, Vanessa Bailey",28,15.5,5,1303,2170,0.600460829,24,434,2.17,0.0434,68.44805321,0.742655188,,,,,,,,,
Control,F6,Beech,3,C17,T3B,flooded,6/7/23,13:44,13:49,14:00,EDT,78,25.55555556,0.639,0.006,38.34,0.00036,,TG10-01286,"KAM, CGN",28,15.5,5,1303,2170,0.600460829,24,434,2.17,0.0434,78.21016061,0.734367705,,,,,,,,,
Control,F6,Beech,3,C17,T4,post-flood,6/8/23,13:55,14:01,14:00,EDT,79,26.11111111,0.607,0.006,36.42,0.00036,,TG10-01286,KAM,28,15.5,5,1303,2170,0.600460829,24,434,2.17,0.0434,74.15561254,0.733004407,,,,,,,,,
Control,F6,Beech,3,C17,T5,post-flood,6/9/23,11:48,11:53,12:00,EDT,74,23.33333333,0.559,0.006,33.54,0.00036,,TG10-01286,KAM,28,15.5,5,1303,2170,0.600460829,24,434,2.17,0.0434,68.93140692,0.739871988,,,,,,,,,
Control,?,Beech,3,C18,T0,pre-flood,6/4/23,15:18,15:32,15:00,EDT,76,24.44444444,0.42,0.009,25.2,0.00054,,TG10-01286,KAM,28,15.5,5,1303,2170,0.600460829,24,434,2.17,0.0434,51.59766999,1.105664357,,,,,,,,,
Control,?,Beech,3,C18,T1,pre-flood,6/5/23,15:22,15:27,15:00,EDT,81,27.22222222,0.484,0.011,29.04,0.00066,,TG10-01286,"Cooper Norris, Vanessa Bailey",28,15.5,5,1303,2170,0.600460829,24,434,2.17,0.0434,58.91029719,1.338870391,,,,,,,,,
Control,?,Beech,3,C18,T2,flooded,6/6/23,12:35,12:40,13:00,EDT,82,27.77777778,0.446,0.01,26.76,0.0006,,TG10-01286,"Cooper Norris, Kendal",28,15.5,5,1303,2170,0.600460829,24,434,2.17,0.0434,54.18489052,1.214907859,,,,,,,,,
Control,?,Beech,3,C18,T3A,flooded,6/7/23,8:09,8:14,8:00,EDT,68,20,0.434,0.011,26.04,0.00066,,TG10-01286,"Cooper Norris, Vanessa Bailey",28,15.5,5,1303,2170,0.600460829,24,434,2.17,0.0434,54.12593985,1.371855618,,,,,,,,,
Control,?,Beech,3,C18,T3B,flooded,6/7/23,13:03,13:08,13:00,EDT,78,25.55555556,0.491,0.012,29.46,0.00072,,TG10-01286,"KAM, CGN",28,15.5,5,1303,2170,0.600460829,24,434,2.17,0.0434,60.09575721,1.46873541,,,,,,,,,
Control,?,Beech,3,C18,T4,post-flood,6/8/23,13:14,13:20,13:00,EDT,78,25.55555556,0.469,0.011,28.14,0.00066,,TG10-01286,KAM,28,15.5,5,1303,2170,0.600460829,24,434,2.17,0.0434,57.40307562,1.346340793,,,,,,,,,
Control,?,Beech,3,C18,T5,post-flood,6/9/23,12:11,12:16,12:00,EDT,74,23.33333333,0.434,0.011,26.04,0.00066,,TG10-01286,KAM,28,15.5,5,1303,2170,0.600460829,24,434,2.17,0.0434,53.51740716,1.356431979,,,,,,,,,
Control,F5,Tulip Poplar,3,C2,T0,pre-flood,6/4/23,13:03,13:08,13:00,EDT,73,22.77777778,0.469,0.008,28.14,0.00048,,TG10-01286,KAM,28,15.5,5,1303,2170,0.600460829,24,434,2.17,0.0434,57.94189962,0.988347968,,,,,,,,,
Control,F5,Tulip Poplar,3,C2,T1,pre-flood,6/5/23,14:55,15:01,15:00,EDT,81,27.22222222,0.602,0.01,36.12,0.0006,,TG10-01286,"Cooper Norris, Vanessa Bailey",28,15.5,5,1303,2170,0.600460829,24,434,2.17,0.0434,73.27272502,1.217154901,,,,,,,,,
Control,F5,Tulip Poplar,3,C2,T2,flooded,6/6/23,12:44,12:51,13:00,EDT,82,27.77777778,0.556,0.009,33.36,0.00054,,TG10-01286,"Cooper Norris, Kendal",28,15.5,5,1303,2170,0.600460829,24,434,2.17,0.0434,67.54887697,1.093417073,,,,,,,,,
Control,F5,Tulip Poplar,3,C2,T3A,flooded,6/7/23,8:48,8:53,9:00,EDT,72,22.22222222,0.382,0.01,22.92,0.0006,,TG10-01286,"Cooper Norris, Vanessa Bailey",28,15.5,5,1303,2170,0.600460829,24,434,2.17,0.0434,47.28238033,1.237758647,,,,,,,,,
Control,F5,Tulip Poplar,3,C2,T3B,flooded,6/7/23,14:01,14:07,14:00,EDT,78,25.55555556,0.599,0.01,35.94,0.0006,,TG10-01286,"KAM, CGN",28,15.5,5,1303,2170,0.600460829,24,434,2.17,0.0434,73.3143759,1.223946175,,,,,,,,,
Control,F5,Tulip Poplar,3,C2,T4,post-flood,6/8/23,14:12,14:17,14:00,EDT,79,26.11111111,0.558,0.009,33.48,0.00054,,TG10-01286,KAM,28,15.5,5,1303,2170,0.600460829,24,434,2.17,0.0434,68.16940988,1.099506611,,,,,,,,,
Control,F5,Tulip Poplar,3,C2,T5,post-flood,6/9/23,12:03,12:08,12:00,EDT,74,23.33333333,0.506,0.009,30.36,0.00054,,TG10-01286,KAM,28,15.5,5,1303,2170,0.600460829,24,434,2.17,0.0434,62.39587102,1.109807983,,,,,,,,,
Control,I3,Tulip Poplar,3,C5,T0,pre-flood,6/4/23,12:44,12:50,13:00,EDT,73,22.77777778,0.261,0,15.66,0,,TG10-01286,KAM,28,15.5,5,1303,2170,0.600460829,24,434,2.17,0.0434,32.24485245,0,,,,,,,,,
Control,I3,Tulip Poplar,3,C5,T1,pre-flood,6/5/23,12:24,12:29,12:00,EDT,78,25.55555556,0.285,-0.004,17.1,-0.00024,,TG10-01286,"Cooper Norris, Vanessa Bailey",28,15.5,5,1303,2170,0.600460829,24,434,2.17,0.0434,34.882466,-0.48957847,,,,,,,,,
Control,I3,Tulip Poplar,3,C5,T2,flooded,6/6/23,12:05,12:10,12:00,EDT,80,26.66666667,0.272,0.001,16.32,0.00006,,TG10-01286,"Cooper Norris, Kendal",28,15.5,5,1303,2170,0.600460829,24,434,2.17,0.0434,33.16795933,0.121941027,,,,,,,,,
Control,I3,Tulip Poplar,3,C5,T3A,flooded,6/7/23,8:31,8:36,9:00,EDT,72,22.22222222,0.263,0.001,15.78,0.00006,Data not plotting consistently,TG10-01286,"Cooper Norris, Vanessa Bailey",28,15.5,5,1303,2170,0.600460829,24,434,2.17,0.0434,32.55305243,0.123775865,,,,,,,,,
Control,I3,Tulip Poplar,3,C5,T3B,flooded,6/7/23,13:27,13:32,13:00,EDT,78,25.55555556,0.27,0,16.2,0,,TG10-01286,"KAM, CGN",28,15.5,5,1303,2170,0.600460829,24,434,2.17,0.0434,33.04654673,0,,,,,,,,,
Control,I3,Tulip Poplar,3,C5,T4,post-flood,6/8/23,14:38,14:43,15:00,EDT,76,24.44444444,0.28,-0.001,16.8,-0.00006,,TG10-01286,KAM,28,15.5,5,1303,2170,0.600460829,24,434,2.17,0.0434,34.39844666,-0.122851595,,,,,,,,,
Control,I3,Tulip Poplar,3,C5,T5,post-flood,6/9/23,12:41,12:46,13:00,EDT,73,22.77777778,0.262,0,15.72,0,,TG10-01286,KAM,28,15.5,5,1303,2170,0.600460829,24,434,2.17,0.0434,32.36839595,0,,,,,,,,,
Control,B3,Red Maple,3,C7,T0,pre-flood,6/4/23,15:11,15:16,15:00,EDT,76,24.44444444,0.486,-0.001,29.16,-0.00006,,TG10-01286,KAM,28,15.5,5,1303,2170,0.600460829,24,434,2.17,0.0434,59.70587528,-0.122851595,,,,,,,,,
Control,B3,Red Maple,3,C7,T1,pre-flood,6/5/23,14:37,14:42,15:00,EDT,81,27.22222222,0.499,0,29.94,0,,TG10-01286,"Cooper Norris, Vanessa Bailey",28,15.5,5,1303,2170,0.600460829,24,434,2.17,0.0434,60.73602954,0,,,,,,,,,
Control,B3,Red Maple,3,C7,T2,flooded,6/6/23,14:05,14:11,14:00,EDT,82,27.77777778,0.49,0,29.4,0,,TG10-01286,"Cooper Norris, Kendal",28,15.5,5,1303,2170,0.600460829,24,434,2.17,0.0434,59.5304851,0,,,,,,,,,
Control,B3,Red Maple,3,C7,T3A,flooded,6/7/23,10:12,10:17,10:00,EDT,74,23.33333333,0.416,0,24.96,0,,TG10-01286,"Cooper Norris, Vanessa Bailey",28,15.5,5,1303,2170,0.600460829,24,434,2.17,0.0434,51.2977912,0,,,,,,,,,
Control,B3,Red Maple,3,C7,T3B,flooded,6/7/23,15:17,15:22,15:00,EDT,79,26.11111111,0.482,0,28.92,0,,TG10-01286,"KAM, CGN",28,15.5,5,1303,2170,0.600460829,24,434,2.17,0.0434,58.88468738,0,,,,,,,,,
Control,B3,Red Maple,3,C7,T4,post-flood,6/8/23,13:06,13:11,13:00,EDT,78,25.55555556,0.49,0,29.4,0,,TG10-01286,KAM,28,15.5,5,1303,2170,0.600460829,24,434,2.17,0.0434,59.97336259,0,,,,,,,,,
Control,B3,Red Maple,3,C7,T5,post-flood,6/9/23,11:04,11:09,11:00,EDT,74,23.33333333,0.413,0,24.78,0,,TG10-01286,KAM,28,15.5,5,1303,2170,0.600460829,24,434,2.17,0.0434,50.9278552,0,,,,,,,,,
Freshwater,F6,Red Maple,3,F11,T0,pre-flood,6/4/23,15:13,15:18,15:00,EDT,76,24.44444444,0.606,0.045,36.36,0.0027,,TG10-01448,"Kaizad Patel, Cooper Norris",28,15.5,5,1303,2170,0.600460829,24,434,2.17,0.0434,74.4480667,5.528321785,,,,,,,,,
Freshwater,F6,Red Maple,3,F11,T1,pre-flood,6/5/23,14:52,14:57,15:00,EDT,81,27.22222222,0.593,0.041,35.58,0.00246,,TG10-01448,Kaizad Patel,28,15.5,5,1303,2170,0.600460829,24,434,2.17,0.0434,72.17728561,4.990335092,,,,,,,,,
Freshwater,F6,Red Maple,3,F11,T2,flooded,6/6/23,12:43,12:48,13:00,EDT,82,27.77777778,0.652,0.041,39.12,0.00246,,TG10-01448,"Kaizad Patel, Vanessa Bailey",28,15.5,5,1303,2170,0.600460829,24,434,2.17,0.0434,79.21199242,4.981122223,,,,,,,,,
Freshwater,F6,Red Maple,3,F11,T3A,flooded,6/7/23,9:09,9:14,9:00,EDT,72,22.22222222,0.534,0.042,32.04,0.00252,,TG10-01448,"Kaizad Patel, Julia",28,15.5,5,1303,2170,0.600460829,24,434,2.17,0.0434,66.09631178,5.198586319,,,,,,,,,
Freshwater,F6,Red Maple,3,F11,T3B,flooded,6/7/23,15:44,15:51,16:00,EDT,80,26.66666667,0.774,0.044,46.44,0.00264,,TG10-01448,Kaizad Patel,28,15.5,5,1303,2170,0.600460829,24,434,2.17,0.0434,94.38235485,5.365405186,,,,,,,,,
Freshwater,F6,Red Maple,3,F11,T4,post-flood,6/8/23,12:20,12:26,12:00,EDT,77,25,0.725,0.047,43.5,0.00282,,TG10-01455,Kaizad Patel,28,15.5,5,1303,2170,0.600460829,24,434,2.17,0.0434,88.90144345,5.763265989,,,,,,,,,
Freshwater,F6,Red Maple,3,F11,T5,post-flood,6/9/23,12:09,12:14,12:00,EDT,74,23.33333333,0.677,0.044,40.62,0.00264,,TG10-01448,"Kaizad Patel, Cooper Norris",28,15.5,5,1303,2170,0.600460829,24,434,2.17,0.0434,83.48222269,5.425727915,,,,,,,,,
Freshwater,F2,Red Maple,3,F12,T0,pre-flood,6/4/23,13:06,13:11,13:00,EDT,73,22.77777778,0.498,0,29.88,0,,TG10-01448,"Kaizad Patel, Cooper Norris",28,15.5,5,1303,2170,0.600460829,24,434,2.17,0.0434,61.524661,0,,,,,,,,,
Freshwater,F2,Red Maple,3,F12,T1,pre-flood,6/5/23,13:58,14:08,14:00,EDT,80,26.66666667,0.553,0,33.18,0,,TG10-01448,Kaizad Patel,28,15.5,5,1303,2170,0.600460829,24,434,2.17,0.0434,67.4333879,0,,,,,,,,,
Freshwater,F2,Red Maple,3,F12,T2,flooded,6/6/23,14:09,14:14,14:00,EDT,82,27.77777778,0.6,0.001,36,0.00006,,TG10-01448,"Kaizad Patel, Vanessa Bailey",28,15.5,5,1303,2170,0.600460829,24,434,2.17,0.0434,72.89447155,0.121490786,,,,,,,,,
Freshwater,F2,Red Maple,3,F12,T3A,flooded,6/7/23,10:29,10:35,10:00,EDT,74,23.33333333,0.516,0.002,30.96,0.00012,,TG10-01448,"Kaizad Patel, Julia",28,15.5,5,1303,2170,0.600460829,24,434,2.17,0.0434,63.62899101,0.246623996,,,,,,,,,
Freshwater,F2,Red Maple,3,F12,T3B,flooded,6/7/23,15:35,15:40,16:00,EDT,80,26.66666667,0.663,0.001,39.78,0.00006,,TG10-01448,Kaizad Patel,28,15.5,5,1303,2170,0.600460829,24,434,2.17,0.0434,80.84690086,0.121941027,,,,,,,,,
Freshwater,F2,Red Maple,3,F12,T4,post-flood,6/8/23,13:36,13:41,14:00,EDT,79,26.11111111,0.668,0,40.08,0,,TG10-01456,Kaizad Patel,28,15.5,5,1303,2170,0.600460829,24,434,2.17,0.0434,81.60782401,0,,,,,,,,,
Freshwater,F2,Red Maple,3,F12,T5,post-flood,6/9/23,10:47,10:52,11:00,EDT,74,23.33333333,0.506,0.001,30.36,0.00006,,TG10-01448,"Kaizad Patel, Cooper Norris",28,15.5,5,1303,2170,0.600460829,24,434,2.17,0.0434,62.39587102,0.123311998,,,,,,,,,
Freshwater,D6,Beech,3,F13,T0,pre-flood,6/4/23,13:28,13:33,13:00,EDT,73,22.77777778,0.503,0.014,30.18,0.00084,,TG10-01448,"Kaizad Patel, Cooper Norris",28,15.5,5,1303,2170,0.600460829,24,434,2.17,0.0434,62.14237848,1.729608944,,,,,,,,,
Freshwater,D6,Beech,3,F13,T1,pre-flood,6/5/23,12:55,13:00,13:00,EDT,78,25.55555556,0.534,0.017,32.04,0.00102,,TG10-01448,Kaizad Patel,28,15.5,5,1303,2170,0.600460829,24,434,2.17,0.0434,65.35872576,2.080708498,,,,,,,,,
Freshwater,D6,Beech,3,F13,T2,flooded,6/6/23,13:48,13:53,14:00,EDT,82,27.77777778,0.536,0.013,32.16,0.00078,,TG10-01448,"Kaizad Patel, Vanessa Bailey",28,15.5,5,1303,2170,0.600460829,24,434,2.17,0.0434,65.11906125,1.579380217,,,,,,,,,
Freshwater,D6,Beech,3,F13,T3A,flooded,6/7/23,9:37,9:42,10:00,EDT,74,23.33333333,0.568,0.02,34.08,0.0012,,TG10-01448,"Kaizad Patel, Julia",28,15.5,5,1303,2170,0.600460829,24,434,2.17,0.0434,70.0412149,2.466239961,,,,,,,,,
Freshwater,D6,Beech,3,F13,T3B,flooded,6/7/23,13:54,13:59,14:00,EDT,78,25.55555556,0.61,0.016,36.6,0.00096,,TG10-01448,Kaizad Patel,28,15.5,5,1303,2170,0.600460829,24,434,2.17,0.0434,74.6607167,1.958313881,,,,,,,,,
Freshwater,D6,Beech,3,F13,T4,post-flood,6/8/23,12:28,12:34,12:00,EDT,77,25,0.591,0.018,35.46,0.00108,,TG10-01460,Kaizad Patel,28,15.5,5,1303,2170,0.600460829,24,434,2.17,0.0434,72.47000425,2.207208251,,,,,,,,,
Freshwater,D6,Beech,3,F13,T5,post-flood,6/9/23,11:21,11:26,11:00,EDT,74,23.33333333,0.566,0.017,33.96,0.00102,,TG10-01448,"Kaizad Patel, Cooper Norris",28,15.5,5,1303,2170,0.600460829,24,434,2.17,0.0434,69.79459091,2.096303967,,,,,,,,,
Freshwater,D7,Beech,3,F14,T0,pre-flood,6/4/23,15:21,15:26,15:00,EDT,76,24.44444444,0.301,0.004,18.06,0.00024,,TG10-01448,"Kaizad Patel, Cooper Norris",28,15.5,5,1303,2170,0.600460829,24,434,2.17,0.0434,36.97833016,0.491406381,,,,,,,,,
Freshwater,D7,Beech,3,F14,T1,pre-flood,6/5/23,12:47,12:50,13:00,EDT,78,25.55555556,0.308,0.009,18.48,0.00054,,TG10-01448,Kaizad Patel,28,15.5,5,1303,2170,0.600460829,24,434,2.17,0.0434,37.6975422,1.101551558,,,,,,,,,
Freshwater,D7,Beech,3,F14,T2,flooded,6/6/23,12:22,12:27,12:00,EDT,82,27.77777778,0.392,0.007,23.52,0.00042,,TG10-01448,"Kaizad Patel, Vanessa Bailey",28,15.5,5,1303,2170,0.600460829,24,434,2.17,0.0434,47.62438808,0.850435501,,,,,,,,,
Freshwater,D7,Beech,3,F14,T3A,flooded,6/7/23,10:18,10:25,10:00,EDT,74,23.33333333,0.317,0.005,19.02,0.0003,,TG10-01448,"Kaizad Patel, Julia",28,15.5,5,1303,2170,0.600460829,24,434,2.17,0.0434,39.08990339,0.61655999,,,,,,,,,
Freshwater,D7,Beech,3,F14,T3B,flooded,6/7/23,13:28,13:35,13:00,EDT,78,25.55555556,0.306,0.004,18.36,0.00024,,TG10-01448,Kaizad Patel,28,15.5,5,1303,2170,0.600460829,24,434,2.17,0.0434,37.45275297,0.48957847,,,,,,,,,
Freshwater,D7,Beech,3,F14,T4,post-flood,6/8/23,14:30,14:35,15:00,EDT,76,24.44444444,0.332,0.009,19.92,0.00054,,TG10-01461,Kaizad Patel,28,15.5,5,1303,2170,0.600460829,24,434,2.17,0.0434,40.78672961,1.105664357,,,,,,,,,
Freshwater,D7,Beech,3,F14,T5,post-flood,6/9/23,11:35,11:42,12:00,EDT,74,23.33333333,0.291,0.004,17.46,0.00024,,TG10-01448,"Kaizad Patel, Cooper Norris",28,15.5,5,1303,2170,0.600460829,24,434,2.17,0.0434,35.88379144,0.493247992,,,,,,,,,
Freshwater,I6,Beech,3,F17,T0,pre-flood,6/4/23,14:39,14:46,15:00,EDT,76,24.44444444,0.629,-0.002,37.74,-0.00012,,TG10-01448,"Kaizad Patel, Cooper Norris",28,15.5,5,1303,2170,0.600460829,24,434,2.17,0.0434,77.27365339,-0.24570319,,,,,,,,,
Freshwater,I6,Beech,3,F17,T1,pre-flood,6/5/23,12:18,12:23,12:00,EDT,78,25.55555556,0.636,0.004,38.16,0.00024,,TG10-01448,Kaizad Patel,28,15.5,5,1303,2170,0.600460829,24,434,2.17,0.0434,77.84297675,0.48957847,,,,,,,,,
Freshwater,I6,Beech,3,F17,T2,flooded,6/6/23,14:55,15:00,15:00,EDT,82,27.77777778,0.772,-0.003,46.32,-0.00018,,TG10-01448,"Kaizad Patel, Vanessa Bailey",28,15.5,5,1303,2170,0.600460829,24,434,2.17,0.0434,93.79088673,-0.364472358,,,,,,,,,
Freshwater,I6,Beech,3,F17,T3A,flooded,6/7/23,10:10,10:15,10:00,EDT,74,23.33333333,0.64,-0.001,38.4,-0.00006,no visible ponding water near tree,TG10-01448,"Kaizad Patel, Julia",28,15.5,5,1303,2170,0.600460829,24,434,2.17,0.0434,78.91967877,-0.123311998,,,,,,,,,
Freshwater,I6,Beech,3,F17,T3B,flooded,6/7/23,15:19,15:24,15:00,EDT,79,26.11111111,0.763,0.004,45.78,0.00024,,TG10-01448,Kaizad Patel,28,15.5,5,1303,2170,0.600460829,24,434,2.17,0.0434,93.21372712,0.488669605,,,,,,,,,
Freshwater,I6,Beech,3,F17,T4,post-flood,6/8/23,12:12,12:18,12:00,EDT,77,25,0.709,-0.001,42.54,-0.00006,,TG10-01462,Kaizad Patel,28,15.5,5,1303,2170,0.600460829,24,434,2.17,0.0434,86.93948056,-0.122622681,,,,,,,,,
Freshwater,I6,Beech,3,F17,T5,post-flood,6/9/23,12:16,12:21,12:00,EDT,74,23.33333333,0.667,0,40.02,0,,TG10-01448,"Kaizad Patel, Cooper Norris",28,15.5,5,1303,2170,0.600460829,24,434,2.17,0.0434,82.24910271,0,,,,,,,,,
Freshwater,H8,Beech,3,F18,T0,pre-flood,6/4/23,14:57,15:02,15:00,EDT,76,24.44444444,0.391,0.026,23.46,0.00156,,TG10-01448,"Kaizad Patel, Cooper Norris",28,15.5,5,1303,2170,0.600460829,24,434,2.17,0.0434,48.03497373,3.194141476,,,,,,,,,
Freshwater,H8,Beech,3,F18,T1,pre-flood,6/5/23,12:10,12:15,12:00,EDT,78,25.55555556,0.394,0.028,23.64,0.00168,,TG10-01448,Kaizad Patel,28,15.5,5,1303,2170,0.600460829,24,434,2.17,0.0434,48.22347931,3.427049291,,,,,,,,,
Freshwater,H8,Beech,3,F18,T2,flooded,6/6/23,12:08,12:13,12:00,EDT,80,26.66666667,0.407,0.031,24.42,0.00186,,TG10-01448,"Kaizad Patel, Vanessa Bailey",28,15.5,5,1303,2170,0.600460829,24,434,2.17,0.0434,49.62999797,3.780171835,,,,,,,,,
Freshwater,H8,Beech,3,F18,T3A,flooded,6/7/23,8:15,8:21,8:00,EDT,68,20,0.409,0.027,24.54,0.00162,,TG10-01448,"Kaizad Patel, Julia",28,15.5,5,1303,2170,0.600460829,24,434,2.17,0.0434,51.00808617,3.367281972,,,,,,,,,
Freshwater,H8,Beech,3,F18,T3B,flooded,6/7/23,13:06,13:11,13:00,EDT,78,25.55555556,0.437,0.029,26.22,0.00174,,TG10-01448,Kaizad Patel,28,15.5,5,1303,2170,0.600460829,24,434,2.17,0.0434,53.48644786,3.549443909,,,,,,,,,
Freshwater,H8,Beech,3,F18,T4,post-flood,6/8/23,12:04,12:09,12:00,EDT,77,25,0.449,0.032,26.94,0.00192,,TG10-01453,Kaizad Patel,28,15.5,5,1303,2170,0.600460829,24,434,2.17,0.0434,55.0575836,3.92392578,,,,,,,,,
Freshwater,H8,Beech,3,F18,T5,post-flood,6/9/23,10:04,10:09,10:00,EDT,72,22.22222222,0.416,0.033,24.96,0.00198,,TG10-01448,"Kaizad Patel, Cooper Norris",28,15.5,5,1303,2170,0.600460829,24,434,2.17,0.0434,51.49075974,4.084603537,,,,,,,,,
Freshwater,B5,Red Maple,3,F7,T0,pre-flood,6/4/23,13:17,13:22,13:00,EDT,73,22.77777778,0.355,0.004,21.3,0.00024,,TG10-01448,"Kaizad Patel, Cooper Norris",28,15.5,5,1303,2170,0.600460829,24,434,2.17,0.0434,43.85794108,0.494173984,,,,,,,,,
Freshwater,B5,Red Maple,3,F7,T1,pre-flood,6/5/23,13:20,13:27,13:00,EDT,78,25.55555556,0.402,0.001,24.12,0.00006,,TG10-01448,Kaizad Patel,28,15.5,5,1303,2170,0.600460829,24,434,2.17,0.0434,49.20263625,0.122394618,,,,,,,,,
Freshwater,B5,Red Maple,3,F7,T2,flooded,6/6/23,13:39,13:44,14:00,EDT,82,27.77777778,0.458,0.006,27.48,0.00036,,TG10-01448,"Kaizad Patel, Vanessa Bailey",28,15.5,5,1303,2170,0.600460829,24,434,2.17,0.0434,55.64277995,0.728944716,,,,,,,,,
Freshwater,B5,Red Maple,3,F7,T3A,flooded,6/7/23,9:44,9:50,10:00,EDT,74,23.33333333,0.363,0.004,21.78,0.00024,,TG10-01448,"Kaizad Patel, Julia",28,15.5,5,1303,2170,0.600460829,24,434,2.17,0.0434,44.7622553,0.493247992,,,,,,,,,
Freshwater,B5,Red Maple,3,F7,T3B,flooded,6/7/23,13:46,13:51,14:00,EDT,78,25.55555556,0.449,0.005,26.94,0.0003,,TG10-01448,Kaizad Patel,28,15.5,5,1303,2170,0.600460829,24,434,2.17,0.0434,54.95518327,0.611973088,,,,,,,,,
Freshwater,B5,Red Maple,3,F7,T4,post-flood,6/8/23,12:36,12:41,13:00,EDT,78,25.55555556,0.429,0.004,25.74,0.00024,,TG10-01454,Kaizad Patel,28,15.5,5,1303,2170,0.600460829,24,434,2.17,0.0434,52.50729092,0.48957847,,,,,,,,,
Freshwater,B5,Red Maple,3,F7,T5,post-flood,6/9/23,11:11,11:16,11:00,EDT,74,23.33333333,0.346,0.004,20.76,0.00024,,TG10-01448,"Kaizad Patel, Cooper Norris",28,15.5,5,1303,2170,0.600460829,24,434,2.17,0.0434,42.66595133,0.493247992,,,,,,,,,
Freshwater,B4,Red Maple,3,F8,T0,pre-flood,6/4/23,12:41,12:46,13:00,EDT,73,22.77777778,0.199,0.021,11.94,0.00126,,TG10-01448,"Kaizad Patel, Cooper Norris",28,15.5,5,1303,2170,0.600460829,24,434,2.17,0.0434,24.5851557,2.594413416,,,,,,,,,
Freshwater,B4,Red Maple,3,F8,T1,pre-flood,6/5/23,13:38,13:44,14:00,EDT,80,26.66666667,0.236,0.021,14.16,0.00126,,TG10-01448,Kaizad Patel,28,15.5,5,1303,2170,0.600460829,24,434,2.17,0.0434,28.77808236,2.560761566,,,,,,,,,
Freshwater,B4,Red Maple,3,F8,T2,flooded,6/6/23,13:20,13:25,13:00,EDT,82,27.77777778,0.254,0.022,15.24,0.00132,,TG10-01448,"Kaizad Patel, Vanessa Bailey",28,15.5,5,1303,2170,0.600460829,24,434,2.17,0.0434,30.85865962,2.67279729,,,,,,,,,
Freshwater,B4,Red Maple,3,F8,T3A,flooded,6/7/23,10:01,10:06,10:00,EDT,74,23.33333333,0.213,0.019,12.78,0.00114,,TG10-01448,"Kaizad Patel, Julia",28,15.5,5,1303,2170,0.600460829,24,434,2.17,0.0434,26.26545559,2.342927963,,,,,,,,,
Freshwater,B4,Red Maple,3,F8,T3B,flooded,6/7/23,13:38,13:43,14:00,EDT,78,25.55555556,0.27,0.021,16.2,0.00126,,TG10-01448,Kaizad Patel,28,15.5,5,1303,2170,0.600460829,24,434,2.17,0.0434,33.04654673,2.570286968,,,,,,,,,
Freshwater,B4,Red Maple,3,F8,T4,post-flood,6/8/23,12:43,12:47,13:00,EDT,78,25.55555556,0.279,0.022,16.74,0.00132,,TG10-01463,Kaizad Patel,28,15.5,5,1303,2170,0.600460829,24,434,2.17,0.0434,34.14809829,2.692681586,,,,,,,,,
Freshwater,B4,Red Maple,3,F8,T5,post-flood,6/9/23,11:03,11:08,11:00,EDT,74,23.33333333,0.23,0.02,13.8,0.0012,,TG10-01448,"Kaizad Patel, Cooper Norris",28,15.5,5,1303,2170,0.600460829,24,434,2.17,0.0434,28.36175956,2.466239961,,,,,,,,,
Estuarine,A2,Beech,3,S13,T0,pre-flood,6/4/23,13:47,13:54,14:00,EDT,75,23.88888889,0.676,-0.02,40.56,-0.0012,,TG10-01028,Nick W,28,15.5,5,1303,2170,0.600460829,24,434,2.17,0.0434,83.20300348,-2.461627322,,,,,,,,,
Estuarine,A2,Beech,3,S13,T1,pre-flood,6/5/23,12:41,12:46,13:00,EDT,78,25.55555556,0.829,0.002,49.74,0.00012,,TG10-01028,Nick W,28,15.5,5,1303,2170,0.600460829,24,434,2.17,0.0434,101.4651379,0.244789235,,,,,,,,,
Estuarine,A2,Beech,3,S13,T2,flooded,6/6/23,12:18,12:23,12:00,EDT,80,26.66666667,0.72,0.003,43.2,0.00018,fully flooded,TG10-01028,Nick W,28,15.5,5,1303,2170,0.600460829,24,434,2.17,0.0434,87.7975394,0.365823081,,,,,,,,,
Estuarine,A2,Beech,3,S13,T3A,flooded,6/7/23,8:12,8:17,8:00,EDT,68,20,0.739,0.006,44.34,0.00036,flooded,TG10-01028,Nick W,28,15.5,5,1303,2170,0.600460829,24,434,2.17,0.0434,92.16375472,0.748284883,,,,,,,,,
Estuarine,A2,Beech,3,S13,T3B,flooded,6/7/23,13:53,13:58,14:00,EDT,78,25.55555556,0.84,0.008,50.4,0.00048,,TG10-01028,Nick W,28,15.5,5,1303,2170,0.600460829,24,434,2.17,0.0434,102.8114787,0.97915694,,,,,,,,,
Estuarine,A2,Beech,3,S13,T4,post-flood,6/8/23,12:36,12:41,13:00,EDT,78,25.55555556,0.822,0.011,49.32,0.00066,,TG10-01031,"Nick W, Cooper Norris",28,15.5,5,1303,2170,0.600460829,24,434,2.17,0.0434,100.6083756,1.346340793,,,,,,,,,
Estuarine,A2,Beech,3,S13,T5,post-flood,6/9/23,10:32,10:37,11:00,EDT,74,23.33333333,0.764,0.01,45.84,0.0006,,TG10-01028,Nick W,28,15.5,5,1303,2170,0.600460829,24,434,2.17,0.0434,94.21036653,1.233119981,,,,,,,,,
Estuarine,E4,Beech,3,S15,T0,pre-flood,6/4/23,13:58,14:03,14:00,EDT,75,23.88888889,0.765,-0.007,45.9,-0.00042,,TG10-01028,Nick W,28,15.5,5,1303,2170,0.600460829,24,434,2.17,0.0434,94.15724506,-0.861569563,,,,,,,,,
Estuarine,E4,Beech,3,S15,T1,pre-flood,6/5/23,12:49,12:55,13:00,EDT,78,25.55555556,0.954,-0.004,57.24,-0.00024,,TG10-01028,Nick W,28,15.5,5,1303,2170,0.600460829,24,434,2.17,0.0434,116.7644651,-0.48957847,,,,,,,,,
Estuarine,E4,Beech,3,S15,T2,flooded,6/6/23,15:17,15:22,15:00,EDT,82,27.77777778,1.103,-0.003,66.18,-0.00018,,TG10-01028,Nick W,28,15.5,5,1303,2170,0.600460829,24,434,2.17,0.0434,134.0043369,-0.364472358,,,,,,,,,
Estuarine,E4,Beech,3,S15,T3A,flooded,6/7/23,8:52,8:56,9:00,EDT,72,22.22222222,0.886,-0.001,53.16,-0.00006,,TG10-01028,Nick W,28,15.5,5,1303,2170,0.600460829,24,434,2.17,0.0434,109.6654162,-0.123775865,,,,,,,,,
Estuarine,E4,Beech,3,S15,T3B,flooded,6/7/23,15:37,15:42,16:00,EDT,80,26.66666667,1.147,0.001,68.82,0.00006,,TG10-01028,Nick W,28,15.5,5,1303,2170,0.600460829,24,434,2.17,0.0434,139.8663579,0.121941027,,,,,,,,,
Estuarine,E4,Beech,3,S15,T4,post-flood,6/8/23,12:42,12:47,13:00,EDT,78,25.55555556,1.025,0.001,61.5,0.00006,,TG10-01040,"Nick W, Cooper Norris",28,15.5,5,1303,2170,0.600460829,24,434,2.17,0.0434,125.454483,0.122394618,,,,,,,,,
Estuarine,E4,Beech,3,S15,T5,post-flood,6/9/23,12:10,12:15,12:00,EDT,74,23.33333333,0.924,0,55.44,0,,TG10-01028,Nick W,28,15.5,5,1303,2170,0.600460829,24,434,2.17,0.0434,113.9402862,0,,,,,,,,,
Estuarine,D1,Beech,3,S17,T0,pre-flood,6/4/23,13:28,13:34,13:00,EDT,73,22.77777778,0.169,0.024,10.14,0.00144,,TG10-01028,Nick W,28,15.5,5,1303,2170,0.600460829,24,434,2.17,0.0434,20.87885082,2.965043904,,,,,,,,,
Estuarine,D1,Beech,3,S17,T1,pre-flood,6/5/23,12:17,12:22,12:00,EDT,78,25.55555556,0.194,0.03,11.64,0.0018,,TG10-01028,Nick W,28,15.5,5,1303,2170,0.600460829,24,434,2.17,0.0434,23.7445558,3.671838526,,,,,,,,,
Estuarine,D1,Beech,3,S17,T2,flooded,6/6/23,12:27,12:32,12:00,EDT,80,26.66666667,0.187,0.027,11.22,0.00162,1/3 flooded,TG10-01028,Nick W,28,15.5,5,1303,2170,0.600460829,24,434,2.17,0.0434,22.80297204,3.292407727,,,,,,,,,
Estuarine,D1,Beech,3,S17,T3A,flooded,6/7/23,8:21,8:26,8:00,EDT,68,20,0.224,0.037,13.44,0.00222,,TG10-01028,Nick W,28,15.5,5,1303,2170,0.600460829,24,434,2.17,0.0434,27.93596895,4.614423443,,,,,,,,,
Estuarine,D1,Beech,3,S17,T3B,flooded,6/7/23,13:37,13:42,14:00,EDT,78,25.55555556,0.273,0.04,16.38,0.0024,,TG10-01028,Nick W,28,15.5,5,1303,2170,0.600460829,24,434,2.17,0.0434,33.41373059,4.895784701,,,,,,,,,
Estuarine,D1,Beech,3,S17,T4,post-flood,6/8/23,12:19,12:24,12:00,EDT,77,25,0.237,0.042,14.22,0.00252,,TG10-01041,"Nick W, Cooper Norris",28,15.5,5,1303,2170,0.600460829,24,434,2.17,0.0434,29.06157531,5.150152586,,,,,,,,,
Estuarine,D1,Beech,3,S17,T5,post-flood,6/9/23,10:20,10:25,10:00,EDT,72,22.22222222,0.224,0.036,13.44,0.00216,,TG10-01028,Nick W,28,15.5,5,1303,2170,0.600460829,24,434,2.17,0.0434,27.7257937,4.455931131,,,,,,,,,
Estuarine,E5,Beech,3,S18,T0,pre-flood,6/4/23,15:13,15:18,15:00,EDT,76,24.44444444,0.361,-0.007,21.66,-0.00042,,TG10-01028,Nick W,28,15.5,5,1303,2170,0.600460829,24,434,2.17,0.0434,44.34942587,-0.859961167,,,,,,,,,
Estuarine,E5,Beech,3,S18,T1,pre-flood,6/5/23,13:47,13:52,14:00,EDT,80,26.66666667,0.438,-0.003,26.28,-0.00018,,TG10-01028,Nick W,28,15.5,5,1303,2170,0.600460829,24,434,2.17,0.0434,53.4101698,-0.365823081,,,,,,,,,
Estuarine,E5,Beech,3,S18,T2,flooded,6/6/23,15:08,15:13,15:00,EDT,82,27.77777778,0.49,-0.003,29.4,-0.00018,,TG10-01028,Nick W,28,15.5,5,1303,2170,0.600460829,24,434,2.17,0.0434,59.5304851,-0.364472358,,,,,,,,,
Estuarine,B5,Beech,3,S18,T3A,flooded,6/7/23,9:22,9:27,9:00,EDT,72,22.22222222,0.455,0.001,27.3,0.00006,,TG10-01028,Nick W,28,15.5,5,1303,2170,0.600460829,24,434,2.17,0.0434,56.31801846,0.123775865,,,,,,,,,
Estuarine,E5,Beech,3,S18,T3B,flooded,6/7/23,14:34,14:39,15:00,EDT,79,26.11111111,0.548,0.002,32.88,0.00012,,TG10-01028,Nick W,28,15.5,5,1303,2170,0.600460829,24,434,2.17,0.0434,66.94773586,0.244334802,,,,,,,,,
Estuarine,E5,Beech,3,S18,T4,post-flood,6/8/23,13:10,13:15,13:00,EDT,78,25.55555556,0.529,0,31.74,0,,TG10-01042,"Nick W, Cooper Norris",28,15.5,5,1303,2170,0.600460829,24,434,2.17,0.0434,64.74675268,0,,,,,,,,,
Estuarine,E5,Beech,3,S18,T5,post-flood,6/9/23,11:32,11:37,12:00,EDT,74,23.33333333,0.42,0.001,25.2,0.00006,,TG10-01028,Nick W,28,15.5,5,1303,2170,0.600460829,24,434,2.17,0.0434,51.79103919,0.123311998,,,,,,,,,
Estuarine,F5,Tulip Poplar,3,S5,T0,pre-flood,6/4/23,13:34,13:39,14:00,EDT,75,23.88888889,0.743,-0.001,44.58,-0.00006,,TG10-01028,Nick W,28,15.5,5,1303,2170,0.600460829,24,434,2.17,0.0434,91.44945501,-0.123081366,,,,,,,,,
Estuarine,E6,Tulip Poplar,3,S5,T1,pre-flood,6/5/23,14:57,15:02,15:00,EDT,81,27.22222222,0.626,0.02,37.56,0.0012,,TG10-01028,Nick W,28,15.5,5,1303,2170,0.600460829,24,434,2.17,0.0434,76.19389678,2.434309801,,,,,,,,,
Estuarine,F5,Tulip Poplar,3,S5,T2,flooded,6/6/23,14:29,14:33,14:00,EDT,82,27.77777778,0.896,0.001,53.76,0.00006,,TG10-01028,Nick W,28,15.5,5,1303,2170,0.600460829,24,434,2.17,0.0434,108.8557442,0.121490786,,,,,,,,,
Estuarine,F5,Tulip Poplar,3,S5,T3A,flooded,6/7/23,9:07,9:12,9:00,EDT,72,22.22222222,0.633,0.02,37.98,0.0012,,TG10-01028,Nick W,28,15.5,5,1303,2170,0.600460829,24,434,2.17,0.0434,78.35012239,2.475517295,,,,,,,,,
Estuarine,F5,Tulip Poplar,3,S5,T3B,flooded,6/7/23,15:23,15:28,15:00,EDT,79,26.11111111,1.015,0.025,60.9,0.0015,,TG10-01028,Nick W,28,15.5,5,1303,2170,0.600460829,24,434,2.17,0.0434,123.9999122,3.05418503,,,,,,,,,
Estuarine,F5,Tulip Poplar,3,S5,T4,post-flood,6/8/23,12:56,13:01,13:00,EDT,78,25.55555556,0.913,0.046,54.78,0.00276,,TG10-01038,"Nick W, Cooper Norris",28,15.5,5,1303,2170,0.600460829,24,434,2.17,0.0434,111.7462858,5.630152407,,,,,,,,,
Estuarine,F5,Tulip Poplar,3,S5,T5,post-flood,6/9/23,11:55,12:00,12:00,EDT,74,23.33333333,0.809,0.105,48.54,0.0063,,TG10-01028,Nick W,28,15.5,5,1303,2170,0.600460829,24,434,2.17,0.0434,99.75940644,12.9477598,,,,,,,,,
Estuarine,E6,Red Maple,3,S7,T0,pre-flood,6/4/23,15:46,15:53,16:00,EDT,78,25.55555556,0.494,0.009,29.64,0.00054,,TG10-01028,Nick W,28,15.5,5,1303,2170,0.600460829,24,434,2.17,0.0434,60.46294106,1.101551558,,,,,,,,,
Estuarine,F5,Red Maple,3,S7,T1,pre-flood,6/5/23,14:41,14:46,15:00,EDT,81,27.22222222,0.857,0.655,51.42,0.0393,,TG10-01028,Nick W,28,15.5,5,1303,2170,0.600460829,24,434,2.17,0.0434,104.310175,79.72364599,,,,,,,,,
Estuarine,E6,Red Maple,3,S7,T2,flooded,6/6/23,12:51,12:58,13:00,EDT,82,27.77777778,0.534,0.587,32.04,0.03522,,TG10-01028,Nick W,28,15.5,5,1303,2170,0.600460829,24,434,2.17,0.0434,64.87607968,71.31509134,,,,,,,,,
Estuarine,E2,Red Maple,3,S7,T3A,flooded,6/7/23,10:49,10:54,11:00,EDT,76,24.44444444,0.532,0.637,31.92,0.03822,,TG10-01028,Nick W,28,15.5,5,1303,2170,0.600460829,24,434,2.17,0.0434,65.35704866,78.25646615,,,,,,,,,
Estuarine,E6,Red Maple,3,S7,T3B,flooded,6/7/23,13:10,13:18,13:00,EDT,78,25.55555556,0.6,0.615,36,0.0369,,TG10-01028,Nick W,28,15.5,5,1303,2170,0.600460829,24,434,2.17,0.0434,73.43677052,75.27268979,,,,,,,,,
Estuarine,E6,Red Maple,3,S7,T4,post-flood,6/8/23,13:52,13:57,14:00,EDT,79,26.11111111,0.601,0.632,36.06,0.03792,,TG10-01034,"Nick W, Cooper Norris",28,15.5,5,1303,2170,0.600460829,24,434,2.17,0.0434,73.42260813,77.20979757,,,,,,,,,
Estuarine,E6,Red Maple,3,S7,T5,post-flood,6/9/23,10:53,10:58,11:00,EDT,74,23.33333333,0.468,0.579,28.08,0.03474,,TG10-01028,Nick W,28,15.5,5,1303,2170,0.600460829,24,434,2.17,0.0434,57.7100151,71.39764688,,,,,,,,,
Estuarine,C6,Red Maple,3,S8,T0,pre-flood,6/4/23,15:37,15:43,16:00,EDT,78,25.55555556,0.265,0.009,15.9,0.00054,,TG10-01028,Nick W,28,15.5,5,1303,2170,0.600460829,24,434,2.17,0.0434,32.43457365,1.101551558,,,,,,,,,
Estuarine,C6,Red Maple,3,S8,T1,pre-flood,6/5/23,13:14,13:27,13:00,EDT,78,25.55555556,0.29,0.009,17.4,0.00054,,TG10-01028,Nick W,28,15.5,5,1303,2170,0.600460829,24,434,2.17,0.0434,35.49443909,1.101551558,,,,,,,,,
Estuarine,C6,Red Maple,3,S8,T2,flooded,6/6/23,13:44,13:49,14:00,EDT,82,27.77777778,0.281,0.009,16.86,0.00054,1/2 flooded,TG10-01028,Nick W,28,15.5,5,1303,2170,0.600460829,24,434,2.17,0.0434,34.13891084,1.093417073,,,,,,,,,
Estuarine,C6,Red Maple,3,S8,T3A,flooded,6/7/23,9:58,10:03,10:00,EDT,74,23.33333333,0.247,0.01,14.82,0.0006,,TG10-01028,Nick W,28,15.5,5,1303,2170,0.600460829,24,434,2.17,0.0434,30.45806352,1.233119981,,,,,,,,,
Estuarine,C6,Red Maple,3,S8,T3B,flooded,6/7/23,14:09,14:19,14:00,EDT,78,25.55555556,0.297,0.01,17.82,0.0006,,TG10-01028,Nick W,28,15.5,5,1303,2170,0.600460829,24,434,2.17,0.0434,36.35120141,1.223946175,,,,,,,,,
Estuarine,C6,Red Maple,3,S8,T4,post-flood,6/8/23,13:31,13:36,14:00,EDT,79,26.11111111,0.009,0.303,0.54,0.01818,,TG10-01043,"Nick W, Cooper Norris",28,15.5,5,1303,2170,0.600460829,24,434,2.17,0.0434,1.099506611,37.01672257,,,,,,,,,
Estuarine,C6,Red Maple,3,S8,T5,post-flood,6/9/23,10:40,10:45,11:00,EDT,74,23.33333333,0.247,0.01,14.82,0.0006,,TG10-01028,Nick W,28,15.5,5,1303,2170,0.600460829,24,434,2.17,0.0434,30.45806352,1.233119981,,,,,,,,,
Estuarine,F2,Red Maple,3,S9,T0,pre-flood,6/4/23,13:16,13:22,13:00,EDT,73,22.77777778,0.357,0.013,21.42,0.00078,calculated in excel,TG10-01028,Nick W,28,15.5,5,1303,2170,0.600460829,24,434,2.17,0.0434,44.10502807,1.606065448,,,,,,,,,
Estuarine,F2,Red Maple,3,S9,T1,pre-flood,6/5/23,12:24,12:29,12:00,EDT,78,25.55555556,0.358,0.025,21.48,0.0015,,TG10-01028,Nick W,28,15.5,5,1303,2170,0.600460829,24,434,2.17,0.0434,43.81727308,3.059865438,,,,,,,,,
Estuarine,F2,Red Maple,3,S9,T2,flooded,6/6/23,12:41,12:47,13:00,EDT,82,27.77777778,0.349,0.022,20.94,0.00132,1/2 flooded,TG10-01028,Nick W,28,15.5,5,1303,2170,0.600460829,24,434,2.17,0.0434,42.40028429,2.67279729,,,,,,,,,
Estuarine,F2,Red Maple,3,S9,T3A,flooded,6/7/23,8:27,8:33,8:00,EDT,68,20,0.304,0.02,18.24,0.0012,,TG10-01028,Nick W,28,15.5,5,1303,2170,0.600460829,24,434,2.17,0.0434,37.91310072,2.494282942,,,,,,,,,
Estuarine,F2,Red Maple,3,S9,T3B,flooded,6/7/23,15:08,15:13,15:00,EDT,79,26.11111111,0.403,0.018,24.18,0.00108,,TG10-01028,Nick W,28,15.5,5,1303,2170,0.600460829,24,434,2.17,0.0434,49.23346269,2.199013222,,,,,,,,,
Estuarine,F2,Red Maple,3,S9,T4,post-flood,6/8/23,12:11,12:16,12:00,EDT,77,25,0.372,0.02,22.32,0.0012,,TG10-01035,"Nick W, Cooper Norris",28,15.5,5,1303,2170,0.600460829,24,434,2.17,0.0434,45.61563719,2.452453612,,,,,,,,,
Estuarine,F2,Red Maple,3,S9,T5,post-flood,6/9/23,10:14,10:19,10:00,EDT,72,22.22222222,0.34,0.018,20.4,0.00108,,TG10-01028,Nick W,28,15.5,5,1303,2170,0.600460829,24,434,2.17,0.0434,42.08379401,2.227965565,,,,,,,,,
Control,G3,Red Maple,4,C12,T0,pre-flood,6/4/23,12:56,13:01,13:00,EDT,73,22.77777778,0.124,0.043,7.44,0.00258,"Louise #5 found to have a taped over pat on June 5, Check data",TG10-01286,KAM,28,10.5,5,973,1470,0.661904762,10,294,1.47,0.0294,15.3193935,5.312370328,,,,,,,,,
Control,G3,Red Maple,4,C12,T1,pre-flood,6/5/23,13:04,13:09,13:00,EDT,78,25.55555556,0.421,0.07,25.26,0.0042,"redo b/c port seemed weird/plugged, found wasp nest in C12 AFTER measurement",TG10-01286,"Cooper Norris, Vanessa Bailey",28,10.5,5,973,1470,0.661904762,11,294,1.47,0.0294,51.52813398,8.567623228,,,,,,,,,
Control,G3,Red Maple,4,C12,T2,flooded,6/6/23,12:20,12:26,12:00,EDT,80,26.66666667,0.099,0.041,5.94,0.00246,,TG10-01286,"Cooper Norris, Kendal",28,10.5,5,973,1470,0.661904762,12,294,1.47,0.0294,12.07216167,4.999582105,,,,,,,,,
Control,G3,Red Maple,4,C12,T3A,flooded,6/7/23,8:23,8:28,8:00,EDT,68,20,0.094,0.044,5.64,0.00264,,TG10-01286,"Cooper Norris, Vanessa Bailey",28,10.5,5,973,1470,0.661904762,13,294,1.47,0.0294,11.72312983,5.487422473,,,,,,,,,
Control,G3,Red Maple,4,C12,T3B,flooded,6/7/23,13:20,13:25,13:00,EDT,78,25.55555556,0.128,0.048,7.68,0.00288,,TG10-01286,"KAM, CGN",28,10.5,5,973,1470,0.661904762,14,294,1.47,0.0294,15.66651104,5.874941642,,,,,,,,,
Control,G3,Red Maple,4,C12,T4,post-flood,6/8/23,14:30,14:35,15:00,EDT,76,24.44444444,0.12,0.045,7.2,0.0027,,TG10-01286,KAM,28,10.5,5,973,1470,0.661904762,15,294,1.47,0.0294,14.74219143,5.528321785,,,,,,,,,
Control,G3,Red Maple,4,C12,T5,post-flood,6/9/23,12:26,12:31,12:00,EDT,74,23.33333333,0.087,0.036,5.22,0.00216,,TG10-01286,KAM,28,10.5,5,973,1470,0.661904762,16,294,1.47,0.0294,10.72814383,4.439231931,,,,,,,,,
Control,B7,Beech,4,C14,T0,pre-flood,6/4/23,14:26,14:31,14:00,EDT,75,23.88888889,0.557,0.012,33.42,0.00072,Louise #5 check data,TG10-01286,KAM,28,10.5,5,973,1470,0.661904762,17,294,1.47,0.0294,68.55632092,1.476976393,,,,,,,,,
Control,B7,Beech,4,C14,T1,pre-flood,6/5/23,13:41,13:46,14:00,EDT,80,26.66666667,0.644,0.012,38.64,0.00072,gas sample was hard to pull,TG10-01286,"Cooper Norris, Vanessa Bailey",28,10.5,5,973,1470,0.661904762,18,294,1.47,0.0294,78.53002135,1.463292323,,,,,,,,,
Control,B7,Beech,4,C14,T2,flooded,6/6/23,13:27,13:32,13:00,EDT,82,27.77777778,0.572,0.012,34.32,0.00072,,TG10-01286,"Cooper Norris, Kendal",28,10.5,5,973,1470,0.661904762,19,294,1.47,0.0294,69.49272955,1.457889431,,,,,,,,,
Control,B7,Beech,4,C14,T3A,flooded,6/7/23,9:33,9:38,10:00,EDT,74,23.33333333,0.602,0.014,36.12,0.00084,,TG10-01286,"Cooper Norris, Vanessa Bailey",28,10.5,5,973,1470,0.661904762,20,294,1.47,0.0294,74.23382284,1.726367973,,,,,,,,,
Control,B7,Beech,4,C14,T3B,flooded,6/7/23,14:38,14:43,15:00,EDT,79,26.11111111,0.62,0.012,37.2,0.00072,,TG10-01286,"KAM, CGN",28,10.5,5,973,1470,0.661904762,21,294,1.47,0.0294,75.74378875,1.466008815,,,,,,,,,
Control,B7,Beech,4,C14,T4,post-flood,6/8/23,12:35,12:40,13:00,EDT,78,25.55555556,0.59,0.013,35.4,0.00078,,TG10-01286,KAM,28,10.5,5,973,1470,0.661904762,22,294,1.47,0.0294,72.21282435,1.591130028,,,,,,,,,
Control,B7,Beech,4,C14,T5,post-flood,6/9/23,10:13,10:18,10:00,EDT,72,22.22222222,0.544,0.019,32.64,0.00114,,TG10-01286,KAM,28,10.5,5,973,1470,0.661904762,23,294,1.47,0.0294,67.33407042,2.35174143,,,,,,,,,
Control,E4,Beech,4,C16,T0,pre-flood,6/4/23,13:43,13:48,14:00,EDT,75,23.88888889,0.816,0,48.96,0,Louise #5 check data,TG10-01286,KAM,28,10.5,5,973,1470,0.661904762,24,294,1.47,0.0294,100.4343947,0,,,,,,,,,
Control,E4,Beech,4,C16,T1,pre-flood,6/5/23,12:55,13:00,13:00,EDT,78,25.55555556,0.901,0,54.06,0,,TG10-01286,"Cooper Norris, Vanessa Bailey",28,10.5,5,973,1470,0.661904762,25,294,1.47,0.0294,110.2775504,0,,,,,,,,,
Control,E4,Beech,4,C16,T2,flooded,6/6/23,14:20,14:25,14:00,EDT,82,27.77777778,0.95,0,57,0,,TG10-01286,"Cooper Norris, Kendal",28,10.5,5,973,1470,0.661904762,26,294,1.47,0.0294,115.4162466,0,,,,,,,,,
Control,E4,Beech,4,C16,T3A,flooded,6/7/23,10:26,10:31,10:00,EDT,74,23.33333333,0.888,0,53.28,0,,TG10-01286,"Cooper Norris, Vanessa Bailey",28,10.5,5,973,1470,0.661904762,27,294,1.47,0.0294,109.5010543,0,,,,,,,,,
Control,E4,Beech,4,C16,T3B,flooded,6/7/23,14:09,14:14,14:00,EDT,78,25.55555556,0.947,-0.001,56.82,-0.00006,,TG10-01286,"KAM, CGN",28,10.5,5,973,1470,0.661904762,28,294,1.47,0.0294,115.9077028,-0.122394618,,,,,,,,,
Control,E4,Beech,4,C16,T4,post-flood,6/8/23,14:20,14:25,14:00,EDT,79,26.11111111,0.941,0,56.46,0,,TG10-01286,KAM,28,10.5,5,973,1470,0.661904762,29,294,1.47,0.0294,114.9595245,0,,,,,,,,,
Control,E4,Beech,4,C16,T5,post-flood,6/9/23,11:40,11:45,12:00,EDT,74,23.33333333,0.809,0,48.54,0,,TG10-01286,KAM,28,10.5,5,973,1470,0.661904762,30,294,1.47,0.0294,99.75940644,0,,,,,,,,,
Freshwater,A6,Beech,4,F15,T0,pre-flood,6/4/23,12:29,12:35,12:00,EDT,71,21.66666667,0.364,0.003,21.84,0.00018,,TG10-01448,"Kaizad Patel, Cooper Norris",28,10.5,5,973,1470,0.661904762,31,294,1.47,0.0294,45.13931577,0.372027328,,,,,,,,,
Freshwater,A6,Beech,4,F15,T1,pre-flood,6/5/23,13:30,13:35,14:00,EDT,80,26.66666667,0.449,-0.002,26.94,-0.00012,,TG10-01448,Kaizad Patel,28,10.5,5,973,1470,0.661904762,32,294,1.47,0.0294,54.7515211,-0.243882054,,,,,,,,,
Freshwater,A6,Beech,4,F15,T2,flooded,6/6/23,13:11,13:16,13:00,EDT,82,27.77777778,0.442,0.003,26.52,0.00018,,TG10-01448,"Kaizad Patel, Vanessa Bailey",28,10.5,5,973,1470,0.661904762,33,294,1.47,0.0294,53.69892738,0.364472358,,,,,,,,,
Freshwater,A6,Beech,4,F15,T3A,flooded,6/7/23,9:52,9:58,10:00,EDT,74,23.33333333,0.42,0.005,25.2,0.0003,,TG10-01448,"Kaizad Patel, Julia",28,10.5,5,973,1470,0.661904762,34,294,1.47,0.0294,51.79103919,0.61655999,,,,,,,,,
Freshwater,A6,Beech,4,F15,T3B,flooded,6/7/23,14:03,14:08,14:00,EDT,78,25.55555556,0.575,0.001,34.5,0.00006,,TG10-01448,Kaizad Patel,28,10.5,5,973,1470,0.661904762,35,294,1.47,0.0294,70.37690508,0.122394618,,,,,,,,,
Freshwater,A6,Beech,4,F15,T4,post-flood,6/8/23,12:57,13:02,13:00,EDT,78,25.55555556,0.531,0.007,31.86,0.00042,,TG10-01451,Kaizad Patel,28,10.5,5,973,1470,0.661904762,36,294,1.47,0.0294,64.99154191,0.856762323,,,,,,,,,
Freshwater,A6,Beech,4,F15,T5,post-flood,6/9/23,12:02,12:07,12:00,EDT,74,23.33333333,0.457,0.006,27.42,0.00036,,TG10-01448,"Kaizad Patel, Cooper Norris",28,10.5,5,973,1470,0.661904762,37,294,1.47,0.0294,56.35358312,0.739871988,,,,,,,,,
Freshwater,H4,Beech,4,F16,T0,pre-flood,6/4/23,14:20,14:28,14:00,EDT,75,23.88888889,0.398,0.053,23.88,0.00318,,TG10-01448,"Kaizad Patel, Cooper Norris",28,10.5,5,973,1470,0.661904762,38,294,1.47,0.0294,48.98638371,6.523312403,,,,,,,,,
Freshwater,H4,Beech,4,F16,T1,pre-flood,6/5/23,14:33,14:38,15:00,EDT,81,27.22222222,0.448,0.038,26.88,0.00228,,TG10-01448,Kaizad Patel,28,10.5,5,973,1470,0.661904762,39,294,1.47,0.0294,54.52853955,4.625188622,,,,,,,,,
Freshwater,H4,Beech,4,F16,T2,flooded,6/6/23,14:47,14:52,15:00,EDT,82,27.77777778,0.44,0.055,26.4,0.0033,,TG10-01448,"Kaizad Patel, Vanessa Bailey",28,10.5,5,973,1470,0.661904762,40,294,1.47,0.0294,53.45594581,6.681993226,,,,,,,,,
Freshwater,H4,Beech,4,F16,T3A,flooded,6/7/23,8:43,8:48,9:00,EDT,72,22.22222222,0.477,0.103,28.62,0.00618,,TG10-01448,"Kaizad Patel, Julia",28,10.5,5,973,1470,0.661904762,41,294,1.47,0.0294,59.04108749,12.74891407,,,,,,,,,
Freshwater,H4,Beech,4,F16,T3B,flooded,6/7/23,15:10,15:15,15:00,EDT,79,26.11111111,0.539,0.08,32.34,0.0048,,TG10-01448,Kaizad Patel,28,10.5,5,973,1470,0.661904762,42,294,1.47,0.0294,65.84822925,9.773392097,,,,,,,,,
Freshwater,H4,Beech,4,F16,T4,post-flood,6/8/23,14:14,14:19,14:00,EDT,79,26.11111111,0.477,0.088,28.62,0.00528,,TG10-01452,Kaizad Patel,28,10.5,5,973,1470,0.661904762,43,294,1.47,0.0294,58.27385038,10.75073131,,,,,,,,,
Freshwater,H4,Beech,4,F16,T5,post-flood,6/9/23,10:25,10:30,10:00,EDT,72,22.22222222,0.422,0.086,25.32,0.00516,,TG10-01448,"Kaizad Patel, Cooper Norris",28,10.5,5,973,1470,0.661904762,44,294,1.47,0.0294,52.23341492,10.64472437,,,,,,,,,
Estuarine,G5,Red Maple,4,S10,T0,pre-flood,6/4/23,14:51,14:55,15:00,EDT,76,24.44444444,0.282,0.014,16.92,0.00084,,TG10-01028,Nick W,28,10.5,5,973,1470,0.661904762,45,294,1.47,0.0294,34.64414985,1.719922333,,,,,,,,,
Estuarine,G5,Red Maple,4,S10,T1,pre-flood,6/5/23,14:14,14:19,14:00,EDT,80,26.66666667,0.318,0.011,19.08,0.00066,,TG10-01028,Nick W,28,10.5,5,973,1470,0.661904762,46,294,1.47,0.0294,38.77724657,1.341351296,,,,,,,,,
Estuarine,G5,Red Maple,4,S10,T2,flooded,6/6/23,13:24,13:30,13:00,EDT,82,27.77777778,0.283,0.01,16.98,0.0006,3/4 flooded,TG10-01028,Nick W,28,10.5,5,973,1470,0.661904762,47,294,1.47,0.0294,34.38189242,1.214907859,,,,,,,,,
Estuarine,G5,Red Maple,4,S10,T3A,flooded,6/7/23,10:15,10:22,10:00,EDT,74,23.33333333,0.28,0.012,16.8,0.00072,,TG10-01028,Nick W,28,10.5,5,973,1470,0.661904762,48,294,1.47,0.0294,34.52735946,1.479743977,,,,,,,,,
Estuarine,G5,Red Maple,4,S10,T3B,flooded,6/7/23,14:53,14:58,15:00,EDT,79,26.11111111,0.37,0.011,22.2,0.00066,,TG10-01028,Nick W,28,10.5,5,973,1470,0.661904762,49,294,1.47,0.0294,45.20193845,1.343841413,,,,,,,,,
Estuarine,G5,Red Maple,4,S10,T4,post-flood,6/8/23,13:58,14:03,14:00,EDT,79,26.11111111,0.36,0.016,21.6,0.00096,,TG10-01036,"Nick W, Cooper Norris",28,10.5,5,973,1470,0.661904762,50,294,1.47,0.0294,43.98026444,1.954678419,,,,,,,,,
Estuarine,G5,Red Maple,4,S10,T5,post-flood,6/9/23,11:25,11:30,11:00,EDT,74,23.33333333,0.253,0.015,15.18,0.0009,,TG10-01028,Nick W,28,10.5,5,973,1470,0.661904762,51,294,1.47,0.0294,31.19793551,1.849679971,,,,,,,,,
Estuarine,I2,Beech,4,S14,T0,pre-flood,6/4/23,12:58,13:07,13:00,EDT,73,22.77777778,0.529,-0.02,31.74,-0.0012,,TG10-01028,Nick W,28,10.5,5,973,1470,0.661904762,52,294,1.47,0.0294,65.35450938,-2.47086992,,,,,,,,,
Estuarine,I2,Beech,4,S14,T1,pre-flood,6/5/23,12:33,12:38,13:00,EDT,78,25.55555556,0.656,-0.003,39.36,-0.00018,,TG10-01028,Nick W,28,10.5,5,973,1470,0.661904762,53,294,1.47,0.0294,80.2908691,-0.367183853,,,,,,,,,
Estuarine,I2,Beech,4,S14,T2,flooded,6/6/23,14:43,14:48,15:00,EDT,82,27.77777778,0.66,-0.001,39.6,-0.00006,not at all flooded,TG10-01028,Nick W,28,10.5,5,973,1470,0.661904762,54,294,1.47,0.0294,80.18391871,-0.121490786,,,,,,,,,
Estuarine,I2,Beech,4,S14,T3A,flooded,6/7/23,8:39,8:44,9:00,EDT,72,22.22222222,0.645,0.001,38.7,0.00006,,TG10-01028,Nick W,28,10.5,5,973,1470,0.661904762,55,294,1.47,0.0294,79.83543276,0.123775865,,,,,,,,,
Estuarine,I2,Beech,4,S14,T3B,flooded,6/7/23,15:15,15:20,15:00,EDT,79,26.11111111,0.73,0,43.8,0,,TG10-01028,Nick W,28,10.5,5,973,1470,0.661904762,56,294,1.47,0.0294,89.18220288,0,,,,,,,,,
Estuarine,I2,Beech,4,S14,T4,post-flood,6/8/23,12:05,12:10,12:00,EDT,77,25,0.624,-0.001,37.44,-0.00006,,TG10-01032,"Nick W, Cooper Norris",28,10.5,5,973,1470,0.661904762,57,294,1.47,0.0294,76.51655271,-0.122622681,,,,,,,,,
Estuarine,I2,Beech,4,S14,T5,post-flood,6/9/23,10:07,10:12,10:00,EDT,72,22.22222222,0.575,0.001,34.5,0.00006,,TG10-01028,Nick W,28,10.5,5,973,1470,0.661904762,58,294,1.47,0.0294,71.17112223,0.123775865,,,,,,,,,
Estuarine,C2,Beech,4,S16,T0,pre-flood,6/4/23,13:36,13:41,14:00,EDT,75,23.88888889,0.555,0.007,33.3,0.00042,,TG10-01028,Nick W,28,10.5,5,973,1470,0.661904762,59,294,1.47,0.0294,68.31015818,0.861569563,,,,,,,,,
Estuarine,C2,Beech,4,S16,T1,pre-flood,6/5/23,15:09,15:14,15:00,EDT,81,27.22222222,0.702,0.008,42.12,0.00048,,TG10-01028,Nick W,28,10.5,5,973,1470,0.661904762,60,294,1.47,0.0294,85.44427402,0.97372392,,,,,,,,,
Estuarine,C2,Beech,4,S16,T2,flooded,6/6/23,15:25,15:30,15:00,EDT,82,27.77777778,0.68,0.008,40.8,0.00048,,TG10-01028,Nick W,28,10.5,5,973,1470,0.661904762,61,294,1.47,0.0294,82.61373443,0.971926287,,,,,,,,,
Estuarine,C2,Beech,4,S16,T3A,flooded,6/7/23,10:58,11:03,11:00,EDT,76,24.44444444,0.594,0.01,35.64,0.0006,,TG10-01028,Nick W,28,10.5,5,973,1470,0.661904762,62,294,1.47,0.0294,72.97384756,1.228515952,,,,,,,,,
Estuarine,C2,Beech,4,S16,T3B,flooded,6/7/23,13:46,13:51,14:00,EDT,78,25.55555556,0.671,0.01,40.26,0.0006,,TG10-01028,Nick W,28,10.5,5,973,1470,0.661904762,63,294,1.47,0.0294,82.12678837,1.223946175,,,,,,,,,
Estuarine,C2,Beech,4,S16,T4,post-flood,6/8/23,12:26,12:31,12:00,EDT,77,25,0.677,0.01,40.62,0.0006,,TG10-01033,"Nick W, Cooper Norris",28,10.5,5,973,1470,0.661904762,64,294,1.47,0.0294,83.01555478,1.226226806,,,,,,,,,
Estuarine,C2,Beech,4,S16,T5,post-flood,6/9/23,10:26,10:31,10:00,EDT,72,22.22222222,0.576,0.011,34.56,0.00066,,TG10-01028,Nick W,28,10.5,5,973,1470,0.661904762,65,294,1.47,0.0294,71.2948981,1.361534512,,,,,,,,,
Estuarine,E5,Tulip Poplar,4,S3,T0,pre-flood,6/4/23,15:20,15:26,15:00,EDT,76,24.44444444,0.488,-0.001,29.28,-0.00006,,TG10-01028,Nick W,28,10.5,5,973,1470,0.661904762,66,294,1.47,0.0294,59.95157847,-0.122851595,,,,,,,,,
Estuarine,E5,Tulip Poplar,4,S3,T1,pre-flood,6/5/23,13:38,13:43,14:00,EDT,80,26.66666667,0.568,0.001,34.08,0.00006,,TG10-01028,Nick W,28,10.5,5,973,1470,0.661904762,67,294,1.47,0.0294,69.2625033,0.121941027,,,,,,,,,
Estuarine,E5,Tulip Poplar,4,S3,T2,flooded,6/6/23,14:04,14:10,14:00,EDT,82,27.77777778,0.599,0,35.94,0,,TG10-01028,Nick W,28,10.5,5,973,1470,0.661904762,68,294,1.47,0.0294,72.77298077,0,,,,,,,,,
Estuarine,E5,Tulip Poplar,4,S3,T3A,flooded,6/7/23,9:29,9:38,9:00,EDT,72,22.22222222,0.443,0.001,26.58,0.00006,,TG10-01028,Nick W,28,10.5,5,973,1470,0.661904762,69,294,1.47,0.0294,54.83270808,0.123775865,,,,,,,,,
Estuarine,E5,Tulip Poplar,4,S3,T3B,flooded,6/7/23,14:23,14:32,14:00,EDT,78,25.55555556,0.642,0.001,38.52,0.00006,,TG10-01028,Nick W,28,10.5,5,973,1470,0.661904762,70,294,1.47,0.0294,78.57734446,0.122394618,,,,,,,,,
Estuarine,E5,Tulip Poplar,4,S3,T4,post-flood,6/8/23,13:16,13:21,13:00,EDT,78,25.55555556,0.646,0,38.76,0,,TG10-01030,"Nick W, Cooper Norris",28,10.5,5,973,1470,0.661904762,71,294,1.47,0.0294,79.06692293,0,,,,,,,,,
Estuarine,E5,Tulip Poplar,4,S3,T5,post-flood,6/9/23,11:46,11:52,12:00,EDT,74,23.33333333,0.525,0,31.5,0,,TG10-01028,Nick W,28,10.5,5,973,1470,0.661904762,72,294,1.47,0.0294,64.73879899,0,,,,,,,,,
Control,H4,Tulip Poplar,1a,C4,T0,pre-flood,6/4/23,12:30,12:37,13:00,EDT,73,22.77777778,0.171,-0.001,10.26,-0.00006,,TG10-01286,KAM,28,28.5,7.6,2454.8,6064.8,0.404761905,10,798,6.0648,0.0798,32.11142548,-0.187786114,,,,,,,,,
Control,H4,Tulip Poplar,1a,C4,T1,pre-flood,6/5/23,12:16,12:21,12:00,EDT,78,25.55555556,0.602,-0.002,36.12,-0.00012,,TG10-01286,"Cooper Norris, Vanessa Bailey",28,28.5,7.6,2454.8,6064.8,0.404761905,11,798,6.0648,0.0798,111.9959708,-0.372079637,,,,,,,,,
Control,H4,Tulip Poplar,1a,C4,T2,flooded,6/6/23,12:13,12:18,12:00,EDT,80,26.66666667,0.614,0,36.84,0,,TG10-01286,"Cooper Norris, Kendal",28,28.5,7.6,2454.8,6064.8,0.404761905,12,798,6.0648,0.0798,113.8051216,0,,,,,,,,,
Control,H4,Tulip Poplar,1a,C4,T3A,flooded,6/7/23,8:40,8:45,9:00,EDT,72,22.22222222,0.595,-0.002,35.7,-0.00012,,TG10-01286,"Cooper Norris, Vanessa Bailey",28,28.5,7.6,2454.8,6064.8,0.404761905,13,798,6.0648,0.0798,111.9428921,-0.376278629,,,,,,,,,
Control,H4,Tulip Poplar,1a,C4,T3B,flooded,6/7/23,13:35,13:40,14:00,EDT,78,25.55555556,0.685,-0.001,41.1,-0.00006,,TG10-01286,"KAM, CGN",28,28.5,7.6,2454.8,6064.8,0.404761905,14,798,6.0648,0.0798,127.4372758,-0.186039819,,,,,,,,,
Control,H4,Tulip Poplar,1a,C4,T4,post-flood,6/8/23,14:45,14:50,15:00,EDT,76,24.44444444,0.666,-0.001,39.96,-0.00006,,TG10-01286,KAM,28,28.5,7.6,2454.8,6064.8,0.404761905,15,798,6.0648,0.0798,124.3651269,-0.186734425,,,,,,,,,
Control,H4,Tulip Poplar,1a,C4,T5,post-flood,6/9/23,12:34,12:39,13:00,EDT,73,22.77777778,0.594,-0.001,35.64,-0.00006,,TG10-01286,KAM,28,28.5,7.6,2454.8,6064.8,0.404761905,16,798,6.0648,0.0798,111.5449517,-0.187786114,,,,,,,,,
Freshwater,H5,Tulip Poplar,1a,F1,T0,pre-flood,6/4/23,14:31,14:36,15:00,EDT,76,24.44444444,0.657,0.009,39.42,0.00054,,TG10-01448,"Kaizad Patel, Cooper Norris",28,28.5,7.6,2454.8,6064.8,0.404761905,17,798,6.0648,0.0798,122.684517,1.680609823,,,,,,,,,
Freshwater,H5,Tulip Poplar,1a,F1,T1,pre-flood,6/5/23,14:41,14:48,15:00,EDT,81,27.22222222,0.646,0.012,38.76,0.00072,,TG10-01448,Kaizad Patel,28,28.5,7.6,2454.8,6064.8,0.404761905,18,798,6.0648,0.0798,119.514874,2.220090539,,,,,,,,,
Freshwater,H5,Tulip Poplar,1a,F1,T2,flooded,6/6/23,14:35,14:40,15:00,EDT,82,27.77777778,0.699,0.012,41.94,0.00072,,TG10-01448,"Kaizad Patel, Vanessa Bailey",28,28.5,7.6,2454.8,6064.8,0.404761905,19,798,6.0648,0.0798,129.0815302,2.215991935,,,,,,,,,
Freshwater,H5,Tulip Poplar,1a,F1,T3A,flooded,6/7/23,8:33,8:39,9:00,EDT,72,22.22222222,0.628,0.009,37.68,0.00054,,TG10-01448,"Kaizad Patel, Julia",28,28.5,7.6,2454.8,6064.8,0.404761905,20,798,6.0648,0.0798,118.1514895,1.69325383,,,,,,,,,
Freshwater,H5,Tulip Poplar,1a,F1,T3B,flooded,6/7/23,14:41,14:47,15:00,EDT,79,26.11111111,0.731,0.012,43.86,0.00072,,TG10-01448,Kaizad Patel,28,28.5,7.6,2454.8,6064.8,0.404761905,21,798,6.0648,0.0798,135.7426428,2.228333398,,,,,,,,,
Freshwater,H5,Tulip Poplar,1a,F1,T4,post-flood,6/8/23,13:58,14:03,14:00,EDT,79,26.11111111,0.739,0.093,44.34,0.00558,,TG10-01448,Kaizad Patel,28,28.5,7.6,2454.8,6064.8,0.404761905,22,798,6.0648,0.0798,137.2281984,17.26958384,,,,,,,,,
Freshwater,H5,Tulip Poplar,1a,F1,T5,post-flood,6/9/23,10:18,10:24,10:00,EDT,72,22.22222222,0.654,0.039,39.24,0.00234,,TG10-01448,"Kaizad Patel, Cooper Norris",28,28.5,7.6,2454.8,6064.8,0.404761905,23,798,6.0648,0.0798,123.0431116,7.337433262,,,,,,,,,
Freshwater,G6,Tulip Poplar,1a,F2,T0,pre-flood,6/4/23,14:49,14:54,15:00,EDT,76,24.44444444,0.519,0.021,31.14,0.00126,,TG10-01448,"Kaizad Patel, Cooper Norris",28,28.5,7.6,2454.8,6064.8,0.404761905,24,798,6.0648,0.0798,96.91516644,3.921422919,,,,,,,,,
Freshwater,G6,Tulip Poplar,1a,F2,T1,pre-flood,6/5/23,12:27,12:35,12:00,EDT,78,25.55555556,0.527,0.003,31.62,0.00018,,TG10-01448,Kaizad Patel,28,28.5,7.6,2454.8,6064.8,0.404761905,25,798,6.0648,0.0798,98.04298443,0.558119456,,,,,,,,,
Freshwater,G6,Tulip Poplar,1a,F2,T2,flooded,6/6/23,12:51,12:57,13:00,EDT,82,27.77777778,0.592,0.002,35.52,0.00012,,TG10-01448,"Kaizad Patel, Vanessa Bailey",28,28.5,7.6,2454.8,6064.8,0.404761905,26,798,6.0648,0.0798,109.3222688,0.369331989,,,,,,,,,
Freshwater,G6,Tulip Poplar,1a,F2,T3A,flooded,6/7/23,8:24,8:30,8:00,EDT,68,20,0.543,0.001,32.58,0.00006,,TG10-01448,"Kaizad Patel, Julia",28,28.5,7.6,2454.8,6064.8,0.404761905,27,798,6.0648,0.0798,102.9340685,0.189565504,,,,,,,,,
Freshwater,G6,Tulip Poplar,1a,F2,T3B,flooded,6/7/23,14:32,14:38,15:00,EDT,79,26.11111111,0.673,0.003,40.38,0.00018,,TG10-01448,Kaizad Patel,28,28.5,7.6,2454.8,6064.8,0.404761905,28,798,6.0648,0.0798,124.9723647,0.55708335,,,,,,,,,
Freshwater,G6,Tulip Poplar,1a,F2,T4,post-flood,6/8/23,14:05,14:10,14:00,EDT,79,26.11111111,0.743,0.009,44.58,0.00054,,TG10-01457,Kaizad Patel,28,28.5,7.6,2454.8,6064.8,0.404761905,29,798,6.0648,0.0798,137.9709762,1.671250049,,,,,,,,,
Freshwater,G6,Tulip Poplar,1a,F2,T5,post-flood,6/9/23,10:10,10:16,10:00,EDT,72,22.22222222,0.559,0.003,33.54,0.00018,,TG10-01448,"Kaizad Patel, Cooper Norris",28,28.5,7.6,2454.8,6064.8,0.404761905,30,798,6.0648,0.0798,105.1698768,0.564417943,,,,,,,,,
Freshwater,G3,Tulip Poplar,1a,F5,T0,pre-flood,6/4/23,14:02,14:08,14:00,EDT,75,23.88888889,0.534,0.001,32.04,0.00006,,TG10-01448,"Kaizad Patel, Cooper Norris",28,28.5,7.6,2454.8,6064.8,0.404761905,31,798,6.0648,0.0798,99.90268323,0.187083676,,,,,,,,,
Freshwater,G3,Tulip Poplar,1a,F5,T1,pre-flood,6/5/23,14:14,14:19,14:00,EDT,80,26.66666667,0.607,0.002,36.42,0.00012,,TG10-01448,Kaizad Patel,28,28.5,7.6,2454.8,6064.8,0.404761905,32,798,6.0648,0.0798,112.5076691,0.370700722,,,,,,,,,
Freshwater,G3,Tulip Poplar,1a,F5,T2,flooded,6/6/23,14:28,14:33,14:00,EDT,82,27.77777778,0.634,0.001,38.04,0.00006,,TG10-01448,"Kaizad Patel, Vanessa Bailey",28,28.5,7.6,2454.8,6064.8,0.404761905,33,798,6.0648,0.0798,117.0782406,0.184665995,,,,,,,,,
Freshwater,G3,Tulip Poplar,1a,F5,T3A,flooded,6/7/23,8:51,8:56,9:00,EDT,72,22.22222222,0.618,0.003,37.08,0.00018,,TG10-01448,"Kaizad Patel, Julia",28,28.5,7.6,2454.8,6064.8,0.404761905,34,798,6.0648,0.0798,116.2700963,0.564417943,,,,,,,,,
Freshwater,G3,Tulip Poplar,1a,F5,T3B,flooded,6/7/23,14:49,14:54,15:00,EDT,79,26.11111111,0.746,0.003,44.76,0.00018,,TG10-01448,Kaizad Patel,28,28.5,7.6,2454.8,6064.8,0.404761905,35,798,6.0648,0.0798,138.5280596,0.55708335,,,,,,,,,
Freshwater,G3,Tulip Poplar,1a,F5,T4,post-flood,6/8/23,13:44,13:49,14:00,EDT,79,26.11111111,0.726,0.003,43.56,0.00018,,TG10-01449,Kaizad Patel,28,28.5,7.6,2454.8,6064.8,0.404761905,36,798,6.0648,0.0798,134.8141706,0.55708335,,,,,,,,,
Freshwater,G3,Tulip Poplar,1a,F5,T5,post-flood,6/9/23,10:32,10:38,11:00,EDT,74,23.33333333,0.684,0.003,41.04,0.00018,,TG10-01448,"Kaizad Patel, Cooper Norris",28,28.5,7.6,2454.8,6064.8,0.404761905,37,798,6.0648,0.0798,128.2050182,0.562302711,,,,,,,,,
Freshwater,D6,Tulip Poplar,1a,F6,T0,pre-flood,6/4/23,13:38,13:43,14:00,EDT,75,23.88888889,0.379,0.001,22.74,0.00006,,TG10-01448,"Kaizad Patel, Cooper Norris",28,28.5,7.6,2454.8,6064.8,0.404761905,38,798,6.0648,0.0798,70.90471338,0.187083676,,,,,,,,,
Freshwater,D6,Tulip Poplar,1a,F6,T1,pre-flood,6/5/23,13:02,13:07,13:00,EDT,78,25.55555556,0.386,0,23.16,0,,TG10-01448,Kaizad Patel,28,28.5,7.6,2454.8,6064.8,0.404761905,39,798,6.0648,0.0798,71.81137,0,,,,,,,,,
Freshwater,D6,Tulip Poplar,1a,F6,T2,flooded,6/6/23,12:29,12:34,12:00,EDT,80,26.66666667,0.408,0.001,24.48,0.00006,,TG10-01448,"Kaizad Patel, Vanessa Bailey",28,28.5,7.6,2454.8,6064.8,0.404761905,40,798,6.0648,0.0798,75.62294727,0.185350361,,,,,,,,,
Freshwater,D6,Tulip Poplar,1a,F6,T3A,flooded,6/7/23,9:29,9:35,9:00,EDT,72,22.22222222,0.391,0.001,23.46,0.00006,,TG10-01448,"Kaizad Patel, Julia",28,28.5,7.6,2454.8,6064.8,0.404761905,41,798,6.0648,0.0798,73.56247194,0.188139314,,,,,,,,,
Freshwater,D6,Tulip Poplar,1a,F6,T3B,flooded,6/7/23,14:13,14:18,14:00,EDT,78,25.55555556,0.454,0.002,27.24,0.00012,,TG10-01448,Kaizad Patel,28,28.5,7.6,2454.8,6064.8,0.404761905,42,798,6.0648,0.0798,84.46207767,0.372079637,,,,,,,,,
Freshwater,D6,Tulip Poplar,1a,F6,T4,post-flood,6/8/23,13:05,13:10,13:00,EDT,78,25.55555556,0.423,0,25.38,0,,TG10-01450,Kaizad Patel,28,28.5,7.6,2454.8,6064.8,0.404761905,43,798,6.0648,0.0798,78.69484329,0,,,,,,,,,
Freshwater,D6,Tulip Poplar,1a,F6,T5,post-flood,6/9/23,11:28,11:33,11:00,EDT,74,23.33333333,0.43,-0.001,25.8,-0.00006,,TG10-01448,"Kaizad Patel, Cooper Norris",28,28.5,7.6,2454.8,6064.8,0.404761905,44,798,6.0648,0.0798,80.59672194,-0.187434237,,,,,,,,,
Control,B7,Tulip Poplar,1b,C6,T0,pre-flood,6/4/23,14:16,14:21,14:00,EDT,75,23.88888889,0.394,0.004,23.64,0.00024,,TG10-01286,KAM,28,28.5,9,2613,7182,0.363826232,NA,798,7.182,0.0798,87.28930484,0.886185836,,,,,,,,,
Control,B7,Tulip Poplar,1b,C6,T1,pre-flood,6/5/23,13:33,13:38,14:00,EDT,80,26.66666667,0.495,0.003,29.7,0.00018,,TG10-01286,"Cooper Norris, Vanessa Bailey",28,28.5,9,2613,7182,0.363826232,NA,799,7.182,0.0799,108.5134732,0.657657413,,,,,,,,,
Control,B7,Tulip Poplar,1b,C6,T2,flooded,6/6/23,13:19,13:24,13:00,EDT,82,27.77777778,0.515,0.003,30.9,0.00018,,TG10-01286,"Cooper Norris, Kendal",28,28.5,9,2613,7182,0.363826232,NA,800,7.182,0.08,112.3404037,0.654410118,,,,,,,,,
Control,B7,Tulip Poplar,1b,C6,T3A,flooded,6/7/23,9:26,9:31,9:00,EDT,72,22.22222222,0.415,0.004,24.9,0.00024,,TG10-01286,"Cooper Norris, Vanessa Bailey",28,28.5,9,2613,7182,0.363826232,NA,801,7.182,0.0801,92.11427669,0.88784845,,,,,,,,,
Control,B7,Tulip Poplar,1b,C6,T3B,flooded,6/7/23,14:32,14:36,15:00,EDT,79,26.11111111,0.503,0.003,30.18,0.00018,,TG10-01286,"KAM, CGN",28,28.5,9,2613,7182,0.363826232,NA,802,7.182,0.0802,110.0586924,0.656413672,,,,,,,,,
Control,B7,Tulip Poplar,1b,C6,T4,post-flood,6/8/23,12:26,12:31,12:00,EDT,77,25,0.41,0.002,24.6,0.00012,,TG10-01286,KAM,28,28.5,9,2613,7182,0.363826232,NA,803,7.182,0.0803,89.93205425,0.438692948,,,,,,,,,
Control,B7,Tulip Poplar,1b,C6,T5,post-flood,6/9/23,10:20,10:30,10:00,EDT,72,22.22222222,0.266,0.003,15.96,0.00018,,TG10-01286,KAM,28,28.5,9,2613,7182,0.363826232,NA,804,7.182,0.0804,58.82161625,0.663401687,,,,,,,,,
Freshwater,D5,Tulip Poplar,1b,F3,T0,pre-flood,6/4/23,13:47,13:52,14:00,EDT,75,23.88888889,0.539,0.001,32.34,0.00006,,TG10-01448,"Kaizad Patel, Cooper Norris",28,28.5,9,2613,7182,0.363826232,NA,805,7.182,0.0805,118.3751628,0.219619968,,,,,,,,,
Freshwater,D5,Tulip Poplar,1b,F3,T1,pre-flood,6/5/23,13:10,13:15,13:00,EDT,78,25.55555556,0.593,0.005,35.58,0.0003,,TG10-01448,Kaizad Patel,28,28.5,9,2613,7182,0.363826232,NA,806,7.182,0.0806,129.3473,1.090618044,,,,,,,,,
Freshwater,D5,Tulip Poplar,1b,F3,T2,flooded,6/6/23,12:36,12:41,13:00,EDT,82,27.77777778,0.669,0.001,40.14,0.00006,,TG10-01448,"Kaizad Patel, Vanessa Bailey",28,28.5,9,2613,7182,0.363826232,NA,807,7.182,0.0807,144.6676148,0.216244566,,,,,,,,,
Freshwater,D5,Tulip Poplar,1b,F3,T3A,flooded,6/7/23,9:17,9:26,9:00,EDT,72,22.22222222,0.454,0.002,27.24,0.00012,,TG10-01448,"Kaizad Patel, Julia",28,28.5,9,2613,7182,0.363826232,NA,808,7.182,0.0808,99.89778473,0.440078347,,,,,,,,,
Freshwater,D5,Tulip Poplar,1b,F3,T3B,flooded,6/7/23,14:22,14:27,14:00,EDT,78,25.55555556,0.834,0.001,50.04,0.00006,,TG10-01448,Kaizad Patel,28,28.5,9,2613,7182,0.363826232,NA,809,7.182,0.0809,181.2404973,0.217314745,,,,,,,,,
Freshwater,D5,Tulip Poplar,1b,F3,T4,post-flood,6/8/23,13:13,13:18,13:00,EDT,78,25.55555556,0.721,0.005,43.26,0.0003,,TG10-01458,Kaizad Patel,28,28.5,9,2613,7182,0.363826232,NA,810,7.182,0.081,156.4904941,1.085232275,,,,,,,,,
Freshwater,D5,Tulip Poplar,1b,F3,T5,post-flood,6/9/23,11:53,11:58,12:00,EDT,74,23.33333333,0.571,0.004,34.26,0.00024,,TG10-01448,"Kaizad Patel, Cooper Norris",28,28.5,9,2613,7182,0.363826232,NA,811,7.182,0.0811,124.7084798,0.87361457,,,,,,,,,
Freshwater,E2,Tulip Poplar,1b,F4,T0,pre-flood,6/4/23,12:55,13:02,13:00,EDT,73,22.77777778,0.62,0.001,37.2,0.00006,,TG10-01448,"Kaizad Patel, Cooper Norris",28,28.5,9,2613,7182,0.363826232,NA,812,7.182,0.0812,135.4973943,0.218544184,,,,,,,,,
Freshwater,E2,Tulip Poplar,1b,F4,T1,pre-flood,6/5/23,13:50,13:55,14:00,EDT,80,26.66666667,0.632,0.001,37.92,0.00006,,TG10-01448,Kaizad Patel,28,28.5,9,2613,7182,0.363826232,NA,813,7.182,0.0813,136.1607006,0.215444146,,,,,,,,,
Freshwater,E2,Tulip Poplar,1b,F4,T2,flooded,6/6/23,13:58,14:04,14:00,EDT,82,27.77777778,0.682,0.002,40.92,0.00012,,TG10-01448,"Kaizad Patel, Vanessa Bailey",28,28.5,9,2613,7182,0.363826232,NA,814,7.182,0.0814,146.210549,0.428769938,,,,,,,,,
Freshwater,E2,Tulip Poplar,1b,F4,T3A,flooded,6/7/23,10:38,10:43,11:00,EDT,76,24.44444444,0.531,0.003,31.86,0.00018,non linear,TG10-01448,"Kaizad Patel, Julia",28,28.5,9,2613,7182,0.363826232,NA,815,7.182,0.0815,114.9722707,0.649560852,,,,,,,,,
Freshwater,E2,Tulip Poplar,1b,F4,T3B,flooded,6/7/23,15:28,15:33,15:00,EDT,79,26.11111111,0.759,0.001,45.54,0.00006,,TG10-01448,Kaizad Patel,28,28.5,9,2613,7182,0.363826232,NA,816,7.182,0.0816,163.2233733,0.215050558,,,,,,,,,
Freshwater,E2,Tulip Poplar,1b,F4,T4,post-flood,6/8/23,13:29,13:34,13:00,EDT,78,25.55555556,0.72,0.002,43.2,0.00012,,TG10-01459,Kaizad Patel,28,28.5,9,2613,7182,0.363826232,NA,817,7.182,0.0817,154.9345075,0.430373632,,,,,,,,,
Freshwater,E2,Tulip Poplar,1b,F4,T5,post-flood,6/9/23,10:54,11:00,11:00,EDT,74,23.33333333,0.627,0.002,37.62,0.00012,,TG10-01448,"Kaizad Patel, Cooper Norris",28,28.5,9,2613,7182,0.363826232,NA,818,7.182,0.0818,135.7672335,0.433069325,,,,,,,,,
Estuarine,C5,Tulip Poplar,1b,S2,T0,pre-flood,6/4/23,15:30,15:35,16:00,EDT,78,25.55555556,0.488,-0.001,29.28,-0.00006,,TG10-01028,Nick W,28,28.5,9,2613,7182,0.363826232,NA,819,7.182,0.0819,104.7547287,-0.214661329,,,,,,,,,
Estuarine,C5,Tulip Poplar,1b,S2,T1,pre-flood,6/5/23,13:00,13:11,13:00,EDT,78,25.55555556,0.329,-0.001,19.74,-0.00006,,TG10-01028,Nick W,28,28.5,9,2613,7182,0.363826232,NA,820,7.182,0.082,70.537451,-0.214399547,,,,,,,,,
Estuarine,C5,Tulip Poplar,1b,S2,T2,flooded,6/6/23,13:55,13:40,14:00,EDT,82,27.77777778,0.356,0,21.36,0,,TG10-01028,Nick W,28,28.5,9,2613,7182,0.363826232,NA,821,7.182,0.0821,75.67032144,0,,,,,,,,,
Estuarine,C5,Tulip Poplar,1b,S2,T3A,flooded,6/7/23,9:44,9:49,10:00,EDT,74,23.33333333,0.346,0,20.76,0,,TG10-01028,Nick W,28,28.5,9,2613,7182,0.363826232,NA,822,7.182,0.0822,74.55641423,0,,,,,,,,,
Estuarine,C5,Tulip Poplar,1b,S2,T3B,flooded,6/7/23,14:01,14:06,14:00,EDT,78,25.55555556,0.462,-0.001,27.72,-0.00006,,TG10-01028,Nick W,28,28.5,9,2613,7182,0.363826232,NA,823,7.182,0.0823,98.69152421,-0.213618018,,,,,,,,,
Estuarine,C5,Tulip Poplar,1b,S2,T4,post-flood,6/8/23,13:24,13:29,13:00,EDT,78,25.55555556,0.461,0,27.66,0,,TG10-01029,"Nick W, Cooper Norris",28,28.5,9,2613,7182,0.363826232,NA,824,7.182,0.0824,98.35839417,0,,,,,,,,,
Estuarine,C5,Tulip Poplar,1b,S2,T5,post-flood,6/9/23,10:47,10:52,11:00,EDT,74,23.33333333,0.412,0,24.72,0,,TG10-01028,Nick W,28,28.5,9,2613,7182,0.363826232,NA,825,7.182,0.0825,88.45532832,0,,,,,,,,,
Estuarine,E6,Tulip Poplar,1b,S4,T0,pre-flood,6/4/23,15:05,15:12,15:00,EDT,76,24.44444444,0.461,0.005,27.66,0.0003,calculated in excel,TG10-01028,Nick W,28,28.5,9,2613,7182,0.363826232,NA,826,7.182,0.0826,98.4865841,1.068184209,,,,,,,,,
Estuarine,E6,Tulip Poplar,1b,S4,T1,pre-flood,6/5/23,13:55,14:01,14:00,EDT,80,26.66666667,0.472,0.006,28.32,0.00036,,TG10-01028,Nick W,28,28.5,9,2613,7182,0.363826232,NA,827,7.182,0.0827,99.96816808,1.270781798,,,,,,,,,
Estuarine,E6,Tulip Poplar,1b,S4,T2,flooded,6/6/23,15:00,15:06,15:00,EDT,82,27.77777778,0.552,0.006,33.12,0.00036,,TG10-01028,Nick W,28,28.5,9,2613,7182,0.363826232,NA,828,7.182,0.0828,116.3395766,1.264560615,,,,,,,,,
Estuarine,E6,Tulip Poplar,1b,S4,T3A,flooded,6/7/23,9:13,9:18,9:00,EDT,72,22.22222222,0.374,0.006,22.44,0.00036,,TG10-01028,Nick W,28,28.5,9,2613,7182,0.363826232,NA,829,7.182,0.0829,80.2099854,1.28679121,,,,,,,,,
Estuarine,E6,Tulip Poplar,1b,S4,T3B,flooded,6/7/23,14:42,14:48,15:00,EDT,79,26.11111111,0.672,0.01,40.32,0.0006,,TG10-01028,Nick W,28,28.5,9,2613,7182,0.363826232,NA,830,7.182,0.083,142.0763897,2.114231989,,,,,,,,,
Estuarine,E6,Tulip Poplar,1b,S4,T4,post-flood,6/8/23,13:03,13:08,13:00,EDT,78,25.55555556,0.627,0.01,37.62,0.0006,,TG10-01037,"Nick W, Cooper Norris",28,28.5,9,2613,7182,0.363826232,NA,831,7.182,0.0831,132.6490772,2.115615266,,,,,,,,,
Estuarine,E6,Tulip Poplar,1b,S4,T5,post-flood,6/9/23,11:39,11:44,12:00,EDT,74,23.33333333,0.589,0.011,35.34,0.00066,,TG10-01028,Nick W,28,28.5,9,2613,7182,0.363826232,NA,832,7.182,0.0832,125.3928288,2.341801556,,,,,,,,,
Control,F2,Red Maple,BC,C11,T0,pre-flood,6/4/23,13:29,13:36,13:00,EDT,73,22.77777778,0.504,0.003,30.24,0.00018,,TG10-01286,KAM,28,15,5.7,1330.2,2394,0.555639098,24,420,2.394,0.042,70.98315106,0.422518756,,,,,,,,,
Control,F2,Red Maple,BC,C11,T1,pre-flood,6/5/23,12:44,12:50,13:00,EDT,78,25.55555556,0.681,0.002,40.86,0.00012,,TG10-01286,"Cooper Norris, Vanessa Bailey",28,15,5.7,1330.2,2394,0.555639098,24,420,2.394,0.042,95.01983738,0.279059728,,,,,,,,,
Control,F2,Red Maple,BC,C11,T2,flooded,6/6/23,12:28,12:33,12:00,EDT,80,26.66666667,0.512,0.004,30.72,0.00024,,TG10-01286,"Cooper Norris, Kendal",28,15,5.7,1330.2,2394,0.555639098,24,420,2.394,0.042,71.17453861,0.556051083,,,,,,,,,
Control,F2,Red Maple,BC,C11,T3A,flooded,6/7/23,8:16,8:21,8:00,EDT,68,20,0.446,0.004,26.76,0.00024,,TG10-01286,"Cooper Norris, Vanessa Bailey",28,15,5.7,1330.2,2394,0.555639098,24,420,2.394,0.042,63.40966096,0.568696511,,,,,,,,,
Control,F2,Red Maple,BC,C11,T3B,flooded,6/7/23,13:11,13:16,13:00,EDT,78,25.55555556,0.6,0.002,36,0.00012,,TG10-01286,"KAM, CGN",28,15,5.7,1330.2,2394,0.555639098,24,420,2.394,0.042,83.7179184,0.279059728,,,,,,,,,
Control,F2,Red Maple,BC,C11,T4,post-flood,6/8/23,13:23,13:28,13:00,EDT,78,25.55555556,0.561,0.004,33.66,0.00024,,TG10-01286,KAM,28,15,5.7,1330.2,2394,0.555639098,24,420,2.394,0.042,78.2762537,0.558119456,,,,,,,,,
Control,F2,Red Maple,BC,C11,T5,post-flood,6/9/23,12:18,12:23,12:00,EDT,74,23.33333333,0.494,0.004,29.64,0.00024,,TG10-01286,KAM,28,15,5.7,1330.2,2394,0.555639098,24,420,2.394,0.042,69.44438483,0.562302711,,,,,,,,,
Control,?,Red Maple,BC,C9,T0,pre-flood,6/4/23,14:50,14:57,15:00,EDT,76,24.44444444,0.258,0.014,15.48,0.00084,,TG10-01286,KAM,28,15,5.7,1330.2,2394,0.555639098,24,420,2.394,0.042,36.13311119,1.96071146,,,,,,,,,
Control,?,Red Maple,BC,C9,T1,pre-flood,6/5/23,14:15,14:20,14:00,EDT,80,26.66666667,0.269,0.012,16.14,0.00072,,TG10-01286,"Cooper Norris, Vanessa Bailey",28,15,5.7,1330.2,2394,0.555639098,24,420,2.394,0.042,37.39443532,1.668153249,,,,,,,,,
Control,?,Red Maple,BC,C9,T2,flooded,6/6/23,13:49,13:54,14:00,EDT,82,27.77777778,0.256,0.013,15.36,0.00078,,TG10-01286,"Cooper Norris, Kendal",28,15,5.7,1330.2,2394,0.555639098,24,420,2.394,0.042,35.45587096,1.800493447,,,,,,,,,
Control,?,Red Maple,BC,C9,T3A,flooded,6/7/23,9:56,10:01,10:00,EDT,74,23.33333333,0.215,0.013,12.9,0.00078,,TG10-01286,"Cooper Norris, Vanessa Bailey",28,15,5.7,1330.2,2394,0.555639098,24,420,2.394,0.042,30.22377073,1.827483811,,,,,,,,,
Control,?,Red Maple,BC,C9,T3B,flooded,6/7/23,14:59,15:04,15:00,EDT,79,26.11111111,0.273,0.013,16.38,0.00078,,TG10-01286,"KAM, CGN",28,15,5.7,1330.2,2394,0.555639098,24,420,2.394,0.042,38.02093861,1.810520886,,,,,,,,,
Control,?,Red Maple,BC,C9,T4,post-flood,6/8/23,12:05,12:11,12:00,EDT,77,25,0.239,0.013,14.34,0.00078,,TG10-01286,KAM,28,15,5.7,1330.2,2394,0.555639098,24,420,2.394,0.042,33.40977556,1.817268127,,,,,,,,,
Control,?,Red Maple,BC,C9,T5,post-flood,6/9/23,10:46,10:51,11:00,EDT,74,23.33333333,0.203,0.012,12.18,0.00072,,TG10-01286,KAM,28,15,5.7,1330.2,2394,0.555639098,24,420,2.394,0.042,28.53686259,1.686908134,,,,,,,,,
Freshwater,F8,Red Maple,BC,F10,T0,pre-flood,6/4/23,15:04,15:09,15:00,EDT,76,24.44444444,0.171,0.002,10.26,0.00012,,TG10-01448,"Kaizad Patel, Cooper Norris",28,15,5.7,1330.2,2394,0.555639098,24,420,2.394,0.042,23.94868997,0.280101637,,,,,,,,,
Freshwater,F8,Red Maple,BC,F10,T1,pre-flood,6/5/23,12:39,12:44,13:00,EDT,78,25.55555556,0.168,-0.005,10.08,-0.0003,,TG10-01448,Kaizad Patel,28,15,5.7,1330.2,2394,0.555639098,24,420,2.394,0.042,23.44101715,-0.69764932,,,,,,,,,
Freshwater,F8,Red Maple,BC,F10,T2,flooded,6/6/23,12:15,12:20,12:00,EDT,80,26.66666667,0.18,0.003,10.8,0.00018,,TG10-01448,"Kaizad Patel, Vanessa Bailey",28,15,5.7,1330.2,2394,0.555639098,24,420,2.394,0.042,25.02229873,0.417038312,,,,,,,,,
Freshwater,F8,Red Maple,BC,F10,T3A,flooded,6/7/23,8:06,8:12,8:00,EDT,68,20,0.14,0.002,8.4,0.00012,,TG10-01448,"Kaizad Patel, Julia",28,15,5.7,1330.2,2394,0.555639098,24,420,2.394,0.042,19.90437788,0.284348255,,,,,,,,,
Freshwater,F8,Red Maple,BC,F10,T3B,flooded,6/7/23,13:15,13:20,13:00,EDT,78,25.55555556,0.211,0.002,12.66,0.00012,,TG10-01448,Kaizad Patel,28,15,5.7,1330.2,2394,0.555639098,24,420,2.394,0.042,29.4408013,0.279059728,,,,,,,,,
Freshwater,F8,Red Maple,BC,F10,T4,post-flood,6/8/23,14:22,14:27,14:00,EDT,79,26.11111111,0.216,0.008,12.96,0.00048,,TG10-01465,Kaizad Patel,28,15,5.7,1330.2,2394,0.555639098,24,420,2.394,0.042,30.08250087,1.114166699,,,,,,,,,
Freshwater,F8,Red Maple,BC,F10,T5,post-flood,6/9/23,11:43,11:48,12:00,EDT,74,23.33333333,0.174,0.003,10.44,0.00018,,TG10-01448,"Kaizad Patel, Cooper Norris",28,15,5.7,1330.2,2394,0.555639098,24,420,2.394,0.042,24.46016794,0.421727033,,,,,,,,,
Freshwater,G3,Red Maple,BC,F9,T0,pre-flood,6/4/23,14:11,14:16,14:00,EDT,75,23.88888889,0.488,-0.001,29.28,-0.00006,,TG10-01448,"Kaizad Patel, Cooper Norris",28,15,5.7,1330.2,2394,0.555639098,24,420,2.394,0.042,68.47262559,-0.140312757,,,,,,,,,
Freshwater,G3,Red Maple,BC,F9,T1,pre-flood,6/5/23,14:21,14:26,14:00,EDT,80,26.66666667,0.481,-0.003,28.86,-0.00018,,TG10-01448,Kaizad Patel,28,15,5.7,1330.2,2394,0.555639098,24,420,2.394,0.042,66.86514271,-0.417038312,,,,,,,,,
Freshwater,G3,Red Maple,BC,F9,T2,flooded,6/6/23,14:19,14:24,14:00,EDT,82,27.77777778,0.577,0,34.62,0,,TG10-01448,"Kaizad Patel, Vanessa Bailey",28,15,5.7,1330.2,2394,0.555639098,24,420,2.394,0.042,79.91420916,0,,,,,,,,,
Freshwater,G3,Red Maple,BC,F9,T3A,flooded,6/7/23,9:00,9:06,9:00,EDT,72,22.22222222,0.428,0.004,25.68,0.00024,,TG10-01448,"Kaizad Patel, Julia",28,15,5.7,1330.2,2394,0.555639098,24,420,2.394,0.042,60.39271993,0.564417943,,,,,,,,,
Freshwater,G3,Red Maple,BC,F9,T3B,flooded,6/7/23,14:58,15:05,15:00,EDT,79,26.11111111,0.569,0.001,34.14,0.00006,,TG10-01448,Kaizad Patel,28,15,5.7,1330.2,2394,0.555639098,24,420,2.394,0.042,79.24510647,0.139270837,,,,,,,,,
Freshwater,G3,Red Maple,BC,F9,T4,post-flood,6/8/23,13:50,13:55,14:00,EDT,79,26.11111111,0.555,0.001,33.3,0.00006,,TG10-01464,Kaizad Patel,28,15,5.7,1330.2,2394,0.555639098,24,420,2.394,0.042,77.29531475,0.139270837,,,,,,,,,
Freshwater,G3,Red Maple,BC,F9,T5,post-flood,6/9/23,10:39,10:44,11:00,EDT,74,23.33333333,0.461,0,27.66,0,,TG10-01448,"Kaizad Patel, Cooper Norris",28,15,5.7,1330.2,2394,0.555639098,24,420,2.394,0.042,64.80538747,0,,,,,,,,,
Estuarine,F6,Red Maple,BC,S11,T0,pre-flood,6/4/23,15:57,16:01,16:00,EDT,78,25.55555556,0.544,0.012,32.64,0.00072,,TG10-01028,Nick W,28,15,5.7,1330.2,2394,0.555639098,24,420,2.394,0.042,75.90424601,1.674358368,,,,,,,,,
Estuarine,F6,Red Maple,BC,S11,T1,pre-flood,6/5/23,14:34,14:39,15:00,EDT,81,27.22222222,0.651,0.014,39.06,0.00084,,TG10-01028,Nick W,28,15,5.7,1330.2,2394,0.555639098,24,420,2.394,0.042,90.32993379,1.942579221,,,,,,,,,
Estuarine,F6,Red Maple,BC,S11,T2,flooded,6/6/23,13:03,13:08,13:00,EDT,82,27.77777778,0.533,0.588,31.98,0.03528,1/3 - 1/2 flooded,TG10-01028,Nick W,28,15,5.7,1330.2,2394,0.555639098,24,420,2.394,0.042,73.82023134,81.43770362,,,,,,,,,
Estuarine,F6,Red Maple,BC,S11,T3A,flooded,6/7/23,10:40,10:45,11:00,EDT,76,24.44444444,0.55,0.019,33,0.00114,,TG10-01028,Nick W,28,15,5.7,1330.2,2394,0.555639098,24,420,2.394,0.042,77.0279502,2.660965552,,,,,,,,,
Estuarine,F6,Red Maple,BC,S11,T3B,flooded,6/7/23,13:28,13:33,13:00,EDT,78,25.55555556,0.678,0.019,40.68,0.00114,,TG10-01028,Nick W,28,15,5.7,1330.2,2394,0.555639098,24,420,2.394,0.042,94.60124779,2.651067416,,,,,,,,,
Estuarine,F6,Red Maple,BC,S11,T4,post-flood,6/8/23,13:45,13:50,14:00,EDT,79,26.11111111,0.668,0.019,40.08,0.00114,,TG10-01044,"Nick W, Cooper Norris",28,15,5.7,1330.2,2394,0.555639098,24,420,2.394,0.042,93.03291937,2.64614591,,,,,,,,,
Estuarine,F6,Red Maple,BC,S11,T5,post-flood,6/9/23,11:01,11:06,11:00,EDT,74,23.33333333,0.521,0.021,31.26,0.00126,,TG10-01028,Nick W,28,15,5.7,1330.2,2394,0.555639098,24,420,2.394,0.042,73.23992813,2.952089234,,,,,,,,,
Estuarine,F4,Red Maple,BC,S12,T0,pre-flood,6/4/23,14:44,14:48,15:00,EDT,76,24.44444444,0.511,0.008,30.66,0.00048,,TG10-01028,Nick W,28,15,5.7,1330.2,2394,0.555639098,24,420,2.394,0.042,71.56596828,1.120406548,,,,,,,,,
Estuarine,F4,Red Maple,BC,S12,T1,pre-flood,6/5/23,14:48,14:53,15:00,EDT,81,27.22222222,0.588,0.01,35.28,0.0006,,TG10-01028,Nick W,28,15,5.7,1330.2,2394,0.555639098,24,420,2.394,0.042,81.5883273,1.387556587,,,,,,,,,
Estuarine,F4,Red Maple,BC,S12,T2,flooded,6/6/23,14:35,14:40,15:00,EDT,82,27.77777778,0.601,0.008,36.06,0.00048,,TG10-01028,Nick W,28,15,5.7,1330.2,2394,0.555639098,24,420,2.394,0.042,83.23819707,1.107995968,,,,,,,,,
Estuarine,F4,Red Maple,BC,S12,T3A,flooded,6/7/23,9:00,9:05,9:00,EDT,72,22.22222222,0.397,0.008,23.82,0.00048,,TG10-01028,Nick W,28,15,5.7,1330.2,2394,0.555639098,24,420,2.394,0.042,56.01848087,1.128835887,,,,,,,,,
Estuarine,F4,Red Maple,BC,S12,T3B,flooded,6/7/23,15:29,15:34,15:00,EDT,79,26.11111111,0.66,0.009,39.6,0.00054,,TG10-01028,Nick W,28,15,5.7,1330.2,2394,0.555639098,24,420,2.394,0.042,91.91875267,1.253437536,,,,,,,,,
Estuarine,F4,Red Maple,BC,S12,T4,post-flood,6/8/23,12:49,12:54,13:00,EDT,78,25.55555556,0.59,0.008,35.4,0.00048,,TG10-01045,"Nick W, Cooper Norris",28,15,5.7,1330.2,2394,0.555639098,24,420,2.394,0.042,82.32261976,1.116238912,,,,,,,,,
Estuarine,F4,Red Maple,BC,S12,T5,post-flood,6/9/23,12:04,12:09,12:00,EDT,74,23.33333333,0.518,0.008,31.08,0.00048,,TG10-01028,Nick W,28,15,5.7,1330.2,2394,0.555639098,24,420,2.394,0.042,72.8182011,1.124605422,,,,,,,,,
Control,A1,Red Maple,4,C19,T0,pre-flood,6/4/23,15:01,15:06,15:00,EDT,76,24.44444444,0.108,0.067,6.48,0.00402,Louise #5 check data,TG10-01286,KAM,28,10.5,5,973,1470,0.661904762,10,294,1.47,0.0294,13.26797228,8.23105688,,,,,,,,,
Control,A1,Red Maple,4,C19,T1,pre-flood,6/5/23,14:23,14:28,14:00,EDT,80,26.66666667,0.124,0.082,7.44,0.00492,,TG10-01286,"Cooper Norris, Vanessa Bailey",28,10.5,5,973,1470,0.661904762,10,294,1.47,0.0294,15.12068734,9.999164209,,,,,,,,,
Control,A1,Red Maple,4,C19,T2,flooded,6/6/23,13:56,14:02,14:00,EDT,82,27.77777778,0.121,0.085,7.26,0.0051,,TG10-01286,"Cooper Norris, Kendal",28,10.5,5,973,1470,0.661904762,10,294,1.47,0.0294,14.7003851,10.3267168,,,,,,,,,
Control,A1,Red Maple,4,C19,T3A,flooded,6/7/23,10:03,10:08,10:00,EDT,74,23.33333333,0.105,0.097,6.3,0.00582,,TG10-01286,"Cooper Norris, Vanessa Bailey",28,10.5,5,973,1470,0.661904762,10,294,1.47,0.0294,12.9477598,11.96126381,,,,,,,,,
Control,A1,Red Maple,4,C19,T3B,flooded,6/7/23,15:07,15:12,15:00,EDT,79,26.11111111,0.129,0.094,7.74,0.00564,,TG10-01286,"KAM, CGN",28,10.5,5,973,1470,0.661904762,10,294,1.47,0.0294,15.75959476,11.48373571,,,,,,,,,
Control,A1,Red Maple,4,C19,T4,post-flood,6/8/23,13:45,13:50,14:00,EDT,79,26.11111111,0.123,0.08,7.38,0.0048,,TG10-01286,KAM,28,10.5,5,973,1470,0.661904762,10,294,1.47,0.0294,15.02659035,9.773392097,,,,,,,,,
Control,A1,Red Maple,4,C19,T5,post-flood,6/9/23,10:54,10:59,11:00,EDT,74,23.33333333,0.086,0.064,5.16,0.00384,,TG10-01286,KAM,28,10.5,5,973,1470,0.661904762,10,294,1.47,0.0294,10.60483183,7.891967877,,,,,,,,,